course,tier,car,skill,sample,seed,finished,launchLapSeconds,flyingLapSeconds,seconds,lengthM,nodes,turnChanges,surfaceChanges,features,obstacles,hash
foundry,0,Needle,Rookie,0,104000003,true,25.4666666666665,23.622222222220884,96.33333333332915,546.9910699452633,8,5,0,0,5,-6638115880910990370
foundry,0,Needle,Rookie,1,104007922,true,24.899999999999867,22.93888888888759,93.71666666666263,546.9910699452633,8,5,0,0,5,401115794419544573
foundry,0,Needle,Club,0,104000003,true,24.249999999999904,22.59999999999872,92.04999999999606,546.9910699452633,8,5,0,0,5,-7704298495373470290
foundry,0,Needle,Club,1,104007922,true,23.79999999999993,22.033333333332084,89.89999999999618,546.9910699452633,8,5,0,0,5,3989387809701410717
foundry,0,Needle,Pro,0,104000003,true,23.59999999999994,22.00555555555431,89.61666666666287,546.9910699452633,8,5,0,0,5,4581288825897944416
foundry,0,Needle,Pro,1,104007922,true,23.33333333333329,21.61111111110989,88.16666666666295,546.9910699452633,8,5,0,0,5,3613584592047503783
foundry,0,Needle,Champion,0,104000003,true,23.68333333333327,22.04999999999875,89.83333333332952,546.9910699452633,8,5,0,0,5,-1392488559212624313
foundry,0,Needle,Champion,1,104007922,true,23.33333333333329,21.69999999999877,88.4333333333296,546.9910699452633,8,5,0,0,5,-8974369716985376938
foundry,0,Line,Rookie,0,104000003,true,27.566666666666382,24.788888888887485,101.93333333332883,546.9910699452633,8,5,0,0,5,5072717163627037091
foundry,0,Line,Rookie,1,104007922,true,26.966666666666416,23.994444444443086,98.94999999999567,546.9910699452633,8,5,0,0,5,-3033389907530547582
foundry,0,Line,Club,0,104000003,true,26.316666666666453,23.583333333331996,97.06666666666244,546.9910699452633,8,5,0,0,5,-8454280369579097450
foundry,0,Line,Club,1,104007922,true,25.93333333333314,22.911111111109815,94.66666666666258,546.9910699452633,8,5,0,0,5,5598502289092722371
foundry,0,Line,Pro,0,104000003,true,25.449999999999836,22.605555555554275,93.26666666666266,546.9910699452633,8,5,0,0,5,-4783912945853894376
foundry,0,Line,Pro,1,104007922,true,24.949999999999864,22.00555555555431,90.96666666666279,546.9910699452633,8,5,0,0,5,4420227437134963070
foundry,0,Line,Champion,0,104000003,true,25.39999999999984,22.594444444443166,93.18333333332933,546.9910699452633,8,5,0,0,5,1982430147790387141
foundry,0,Line,Champion,1,104007922,true,24.96666666666653,22.13333333333208,91.36666666666277,546.9910699452633,8,5,0,0,5,7975488081833281631
foundry,1,Bastion,Rookie,0,104000003,true,28.46666666666633,25.527777777776333,105.04999999999532,546.9910699452633,8,5,0,0,5,2942356765223808800
foundry,1,Bastion,Rookie,1,104007922,true,27.633333333333045,24.46666666666528,101.03333333332888,546.9910699452633,8,5,0,0,5,1364168034478804182
foundry,1,Bastion,Club,0,104000003,true,27.14999999999974,23.994444444443086,99.13333333332899,546.9910699452633,8,5,0,0,5,901838340329202720
foundry,1,Bastion,Club,1,104007922,true,26.533333333333108,23.25555555555424,96.29999999999582,546.9910699452633,8,5,0,0,5,-6214411593465314265
foundry,1,Bastion,Pro,0,104000003,true,26.033333333333136,23.06666666666536,95.23333333332921,546.9910699452633,8,5,0,0,5,3420331743297046428
foundry,1,Bastion,Pro,1,104007922,true,25.43333333333317,22.35555555555429,92.49999999999604,546.9910699452633,8,5,0,0,5,2016827091722289758
foundry,1,Bastion,Champion,0,104000003,true,25.966666666666473,22.955555555554255,94.83333333332924,546.9910699452633,8,5,0,0,5,-728851512622442988
foundry,1,Bastion,Champion,1,104007922,true,25.39999999999984,22.372222222220955,92.5166666666627,546.9910699452633,8,5,0,0,5,3203819490048212627
foundry,2,Comet,Rookie,0,104000003,true,25.04999999999986,22.422222222220952,92.31666666666271,546.9910699452633,8,5,0,0,5,-7443149549310343552
foundry,2,Comet,Rookie,1,104007922,true,24.283333333333236,21.69999999999877,89.38333333332955,546.9910699452633,8,5,0,0,5,23937232741390050
foundry,2,Comet,Club,0,104000003,true,23.56666666666661,21.34999999999879,87.61666666666298,546.9910699452633,8,5,0,0,5,1357933827637919965
foundry,2,Comet,Club,1,104007922,true,22.98333333333331,20.74444444444327,85.21666666666312,546.9910699452633,8,5,0,0,5,-6469630362924294607
foundry,2,Comet,Pro,0,104000003,true,22.799999999999986,20.53333333333217,84.3999999999965,546.9910699452633,8,5,0,0,5,-6167532895176895148
foundry,2,Comet,Pro,1,104007922,true,22.383333333333344,20.12777777777664,82.76666666666326,546.9910699452633,8,5,0,0,5,7629092814690401596
foundry,2,Comet,Champion,0,104000003,true,22.699999999999992,20.538888888887726,84.31666666666317,546.9910699452633,8,5,0,0,5,3606464811283199492
foundry,2,Comet,Champion,1,104007922,true,22.31666666666668,20.18333333333219,82.86666666666325,546.9910699452633,8,5,0,0,5,-9113117420825347193
foundry,1,Trail,Rookie,0,104000003,true,23.033333333333307,20.84999999999882,85.58333333332976,546.9910699452633,8,5,0,0,5,2354741678966004993
foundry,1,Trail,Rookie,1,104007922,true,22.183333333333355,20.038888888887755,82.29999999999661,546.9910699452633,8,5,0,0,5,-8838317697061784520
foundry,1,Trail,Club,0,104000003,true,22.233333333333352,20.266666666665518,83.0333333333299,546.9910699452633,8,5,0,0,5,4956996307651430855
foundry,1,Trail,Club,1,104007922,true,21.800000000000043,19.649999999998887,80.7499999999967,546.9910699452633,8,5,0,0,5,1463251499728054896
foundry,1,Trail,Pro,0,104000003,true,21.950000000000035,20.061111111109977,82.13333333332996,546.9910699452633,8,5,0,0,5,6295854636175199522
foundry,1,Trail,Pro,1,104007922,true,21.550000000000058,19.62222222222111,80.41666666666339,546.9910699452633,8,5,0,0,5,2867825549403059491
foundry,1,Trail,Champion,0,104000003,true,21.983333333333366,20.09999999999886,82.28333333332995,546.9910699452633,8,5,0,0,5,-281531930959068324
foundry,1,Trail,Champion,1,104007922,true,21.550000000000058,19.688888888887774,80.61666666666338,546.9910699452633,8,5,0,0,5,-3149621771717164976
foundry,2,Flint,Rookie,0,104000003,true,22.816666666666652,20.94444444444326,85.64999999999642,546.9910699452633,8,5,0,0,5,5236428993972209938
foundry,2,Flint,Rookie,1,104007922,true,21.983333333333366,20.111111111109974,82.31666666666328,546.9910699452633,8,5,0,0,5,-1758128301845656011
foundry,2,Flint,Club,0,104000003,true,21.883333333333372,20.111111111109974,82.21666666666329,546.9910699452633,8,5,0,0,5,-1874401472303092982
foundry,2,Flint,Club,1,104007922,true,21.333333333333403,19.58888888888778,80.09999999999674,546.9910699452633,8,5,0,0,5,-8624810561589319713
foundry,2,Flint,Pro,0,104000003,true,21.216666666666743,19.59999999999889,80.01666666666341,546.9910699452633,8,5,0,0,5,6389711719883519697
foundry,2,Flint,Pro,1,104007922,true,20.8000000000001,19.161111111110028,78.28333333333018,546.9910699452633,8,5,0,0,5,908632525116832848
foundry,2,Flint,Champion,0,104000003,true,21.23333333333341,19.644444444443334,80.1666666666634,546.9910699452633,8,5,0,0,5,5603241631068597083
foundry,2,Flint,Champion,1,104007922,true,20.83333333333343,19.199999999998912,78.43333333333017,546.9910699452633,8,5,0,0,5,8547006749515521101
foundry,3,Quill,Rookie,0,104000003,true,22.116666666666692,20.327777777776628,83.09999999999657,546.9910699452633,8,5,0,0,5,492350288077069067
foundry,3,Quill,Rookie,1,104007922,true,21.400000000000066,19.499999999998895,79.89999999999675,546.9910699452633,8,5,0,0,5,-2314840552533134577
foundry,3,Quill,Club,0,104000003,true,21.250000000000075,19.494444444443342,79.7333333333301,546.9910699452633,8,5,0,0,5,8786189730000755310
foundry,3,Quill,Club,1,104007922,true,20.783333333333434,18.938888888887817,77.59999999999688,546.9910699452633,8,5,0,0,5,6560223774896530559
foundry,3,Quill,Pro,0,104000003,true,20.60000000000011,18.944444444443373,77.43333333333022,546.9910699452633,8,5,0,0,5,-7643851673579943346
foundry,3,Quill,Pro,1,104007922,true,20.266666666666797,18.577777777776728,75.99999999999697,546.9910699452633,8,5,0,0,5,8000273550121958507
foundry,3,Quill,Champion,0,104000003,true,20.60000000000011,18.949999999998926,77.44999999999689,546.9910699452633,8,5,0,0,5,9186822742827465277
foundry,3,Quill,Champion,1,104007922,true,20.30000000000013,18.64444444444339,76.2333333333303,546.9910699452633,8,5,0,0,5,2376020675347487829
foundry,3,Vandal,Rookie,0,104000003,true,23.866666666666593,21.14444444444325,87.29999999999633,546.9910699452633,8,5,0,0,5,-5715448834585958638
foundry,3,Vandal,Rookie,1,104007922,true,23.149999999999967,20.44444444444329,84.48333333332982,546.9910699452633,8,5,0,0,5,-3119101557339265554
foundry,3,Vandal,Club,0,104000003,true,22.699999999999992,20.194444444443302,83.28333333332989,546.9910699452633,8,5,0,0,5,-2225859794872411495
foundry,3,Vandal,Club,1,104007922,true,22.20000000000002,19.605555555554446,81.01666666666335,546.9910699452633,8,5,0,0,5,4069379367102253371
foundry,3,Vandal,Pro,0,104000003,true,21.833333333333375,19.433333333332232,80.13333333333007,546.9910699452633,8,5,0,0,5,146110476303818057
foundry,3,Vandal,Pro,1,104007922,true,21.50000000000006,19.027777777776702,78.58333333333016,546.9910699452633,8,5,0,0,5,-271646610568178369
foundry,3,Vandal,Champion,0,104000003,true,21.833333333333375,19.411111111110014,80.06666666666341,546.9910699452633,8,5,0,0,5,2428390954927197802
foundry,3,Vandal,Champion,1,104007922,true,21.46666666666673,19.072222222221143,78.68333333333015,546.9910699452633,8,5,0,0,5,647616955314966640
foundry,4,Kestrel,Rookie,0,104000003,true,20.76666666666677,18.99444444444337,77.74999999999687,546.9910699452633,8,5,0,0,5,-8398379667473102849
foundry,4,Kestrel,Rookie,1,104007922,true,20.316666666666794,18.416666666665623,75.56666666666366,546.9910699452633,8,5,0,0,5,-7935006218380753485
foundry,4,Kestrel,Club,0,104000003,true,20.166666666666803,18.438888888887845,75.48333333333034,546.9910699452633,8,5,0,0,5,3098989973257724448
foundry,4,Kestrel,Club,1,104007922,true,19.700000000000163,18.03888888888787,73.81666666666376,546.9910699452633,8,5,0,0,5,-2661494688435294198
foundry,4,Kestrel,Pro,0,104000003,true,19.533333333333506,17.933333333332317,73.33333333333046,546.9910699452633,8,5,0,0,5,441085472955082503
foundry,4,Kestrel,Pro,1,104007922,true,19.233333333333523,17.599999999999003,72.03333333333053,546.9910699452633,8,5,0,0,5,-4544034437805296275
foundry,4,Kestrel,Champion,0,104000003,true,19.60000000000017,18.016666666665646,73.6499999999971,546.9910699452633,8,5,0,0,5,8582469570971039708
foundry,4,Kestrel,Champion,1,104007922,true,19.216666666666857,17.661111111110113,72.19999999999719,546.9910699452633,8,5,0,0,5,3806367102391011675
foundry,4,Bulwark,Rookie,0,104000003,true,22.78333333333332,20.705555555554383,84.89999999999647,546.9910699452633,8,5,0,0,5,-7742963428582391520
foundry,4,Bulwark,Rookie,1,104007922,true,21.93333333333337,20.04444444444331,82.0666666666633,546.9910699452633,8,5,0,0,5,7821933564151032472
foundry,4,Bulwark,Club,0,104000003,true,21.683333333333383,19.838888888887766,81.19999999999668,546.9910699452633,8,5,0,0,5,4803863613796144890
foundry,4,Bulwark,Club,1,104007922,true,21.15000000000008,19.172222222221137,78.66666666666349,546.9910699452633,8,5,0,0,5,-7005937284082766239
foundry,4,Bulwark,Pro,0,104000003,true,21.06666666666675,19.177777777776694,78.59999999999683,546.9910699452633,8,5,0,0,5,2036409164607433814
foundry,4,Bulwark,Pro,1,104007922,true,20.633333333333443,18.66666666666561,76.63333333333027,546.9910699452633,8,5,0,0,5,2058108968286762158
foundry,4,Bulwark,Champion,0,104000003,true,21.03333333333342,19.149999999998915,78.48333333333017,546.9910699452633,8,5,0,0,5,-3314559773122155121
foundry,4,Bulwark,Champion,1,104007922,true,20.550000000000114,18.711111111110053,76.68333333333027,546.9910699452633,8,5,0,0,5,-2174114855061077819
switchback,0,Needle,Rookie,0,104000003,true,37.299999999999166,35.188888888891114,142.8666666666725,830.4001352511896,10,5,0,0,5,-8864157157715257837
switchback,0,Needle,Rookie,1,104007922,true,36.366666666665886,34.316666666667935,139.31666666666968,830.4001352511896,10,5,0,0,5,2719367587255563846
switchback,0,Needle,Club,0,104000003,true,35.84999999999925,33.92222222222302,137.61666666666832,830.4001352511896,10,5,0,0,5,8565572619579722625
switchback,0,Needle,Club,1,104007922,true,35.34999999999928,33.4611111111114,135.7333333333335,830.4001352511896,10,5,0,0,5,1666938429227934235
switchback,0,Needle,Pro,0,104000003,true,35.21666666666595,33.388888888889085,135.3833333333332,830.4001352511896,10,5,0,0,5,3089625002369852347
switchback,0,Needle,Pro,1,104007922,true,34.83333333333264,32.9277777777775,133.61666666666514,830.4001352511896,10,5,0,0,5,-4203139010056715224
switchback,0,Needle,Champion,0,104000003,true,35.23333333333262,33.38333333333353,135.3833333333332,830.4001352511896,10,5,0,0,5,-3203134435503261615
switchback,0,Needle,Champion,1,104007922,true,34.88333333333264,33.049999999999834,134.03333333333214,830.4001352511896,10,5,0,0,5,-2639128658235536449
switchback,0,Line,Rookie,0,104000003,true,40.23333333333233,37.722222222227295,153.40000000001422,830.4001352511896,10,5,0,0,5,8563547881846870950
switchback,0,Line,Rookie,1,104007922,true,39.88333333333235,36.08888888889256,148.15000000001004,830.4001352511896,10,5,0,0,5,-1989189227042574834
switchback,0,Line,Club,0,104000003,true,38.316666666665775,35.42777777778048,144.6000000000072,830.4001352511896,10,5,0,0,5,8683964519053175153
switchback,0,Line,Club,1,104007922,true,37.68333333333248,34.51666666666846,141.23333333333787,830.4001352511896,10,5,0,0,5,4273245105342377078
switchback,0,Line,Pro,0,104000003,true,37.01666666666585,34.005555555556754,139.03333333333612,830.4001352511896,10,5,0,0,5,-8940630219524008205
switchback,0,Line,Pro,1,104007922,true,36.51666666666588,33.422222222222814,136.78333333333433,830.4001352511896,10,5,0,0,5,5482510297891593376
switchback,0,Line,Champion,0,104000003,true,36.81666666666586,33.8666666666677,138.41666666666896,830.4001352511896,10,5,0,0,5,-55050152710806471
switchback,0,Line,Champion,1,104007922,true,36.26666666666589,33.32777777777823,136.25000000000057,830.4001352511896,10,5,0,0,5,-6977694883071654669
switchback,1,Bastion,Rookie,0,104000003,true,41.28333333333227,39.438888888895626,159.60000000001915,830.4001352511896,10,5,0,0,5,6660391953510331431
switchback,1,Bastion,Rookie,1,104007922,true,40.21666666666567,36.81111111111545,150.65000000001203,830.4001352511896,10,5,0,0,5,1835582857161742410
switchback,1,Bastion,Club,0,104000003,true,39.366666666665715,36.2444444444481,148.10000000001,830.4001352511896,10,5,0,0,5,3809995718222160270
switchback,1,Bastion,Club,1,104007922,true,38.48333333333243,34.98333333333573,143.43333333333962,830.4001352511896,10,5,0,0,5,-5692472755676059743
switchback,1,Bastion,Pro,0,104000003,true,37.59999999999915,34.31111111111272,140.5333333333373,830.4001352511896,10,5,0,0,5,-3771182083353440781
switchback,1,Bastion,Pro,1,104007922,true,36.84999999999919,33.627777777778626,137.73333333333508,830.4001352511896,10,5,0,0,5,1002500628386513908
switchback,1,Bastion,Champion,0,104000003,true,37.46666666666582,34.15000000000145,139.91666666667015,830.4001352511896,10,5,0,0,5,1118579077168114117
switchback,1,Bastion,Champion,1,104007922,true,36.7499999999992,33.57777777777856,137.48333333333488,830.4001352511896,10,5,0,0,5,8098314478644541590
switchback,2,Comet,Rookie,0,104000003,true,35.76666666666592,33.983333333334166,137.7166666666684,830.4001352511896,10,5,0,0,5,-1869684149068305969
switchback,2,Comet,Rookie,1,104007922,true,35.34999999999928,32.577777777777364,133.08333333333138,830.4001352511896,10,5,0,0,5,7932583938185384065
switchback,2,Comet,Club,0,104000003,true,34.43333333333266,32.01666666666555,130.4833333333293,830.4001352511896,10,5,0,0,5,-229155786523663817
switchback,2,Comet,Club,1,104007922,true,33.88333333333269,31.544444444442792,128.51666666666108,830.4001352511896,10,5,0,0,5,8271642785700004777
switchback,2,Comet,Pro,0,104000003,true,33.1499999999994,30.899999999998244,125.84999999999414,830.4001352511896,10,5,0,0,5,-1862007715105178517
switchback,2,Comet,Pro,1,104007922,true,32.94999999999941,30.57777777777604,124.68333333332754,830.4001352511896,10,5,0,0,5,-566774178476326124
switchback,2,Comet,Champion,0,104000003,true,33.1499999999994,30.79999999999825,125.54999999999416,830.4001352511896,10,5,0,0,5,4109739599066991995
switchback,2,Comet,Champion,1,104007922,true,32.84999999999942,30.477777777776044,124.28333333332756,830.4001352511896,10,5,0,0,5,2675883672496010910
switchback,1,Trail,Rookie,0,104000003,true,34.21666666666601,31.599999999998488,129.01666666666148,830.4001352511896,10,5,0,0,5,-6830421923741782344
switchback,1,Trail,Rookie,1,104007922,true,33.04999999999941,30.499999999998266,124.54999999999421,830.4001352511896,10,5,0,0,5,3648006467204797951
switchback,1,Trail,Club,0,104000003,true,33.23333333333273,30.955555555553797,126.09999999999413,830.4001352511896,10,5,0,0,5,-8447360170127780371
switchback,1,Trail,Club,1,104007922,true,32.38333333333278,30.17777777777606,122.91666666666097,830.4001352511896,10,5,0,0,5,5998150931863977999
switchback,1,Trail,Pro,0,104000003,true,32.69999999999943,30.55555555555382,124.36666666666089,830.4001352511896,10,5,0,0,5,6821648626215133137
switchback,1,Trail,Pro,1,104007922,true,32.23333333333279,30.049999999998295,122.38333333332767,830.4001352511896,10,5,0,0,5,-8352778069188643501
switchback,1,Trail,Champion,0,104000003,true,32.64999999999943,30.56666666666493,124.34999999999422,830.4001352511896,10,5,0,0,5,-6972200159123555936
switchback,1,Trail,Champion,1,104007922,true,32.13333333333279,30.10555555555385,122.44999999999433,830.4001352511896,10,5,0,0,5,5674562986354630679
switchback,2,Flint,Rookie,0,104000003,true,33.86666666666603,31.505555555553872,128.38333333332764,830.4001352511896,10,5,0,0,5,-4035863761920218150
switchback,2,Flint,Rookie,1,104007922,true,32.38333333333278,30.36666666666494,123.48333333332761,830.4001352511896,10,5,0,0,5,8659425072572578552
switchback,2,Flint,Club,0,104000003,true,32.24999999999945,30.205555555553843,122.86666666666098,830.4001352511896,10,5,0,0,5,6520571930511424556
switchback,2,Flint,Club,1,104007922,true,31.366666666666166,29.538888888887215,119.9833333333278,830.4001352511896,10,5,0,0,5,2490532000785160029
switchback,2,Flint,Pro,0,104000003,true,31.46666666666616,29.611111111109434,120.29999999999445,830.4001352511896,10,5,0,0,5,8393881131842715807
switchback,2,Flint,Pro,1,104007922,true,30.899999999999526,29.12222222222057,118.26666666666124,830.4001352511896,10,5,0,0,5,-7590729242469619820
switchback,2,Flint,Champion,0,104000003,true,31.399999999999498,29.6277777777761,120.28333333332779,830.4001352511896,10,5,0,0,5,-6166771924251201904
switchback,2,Flint,Champion,1,104007922,true,30.983333333332855,29.183333333331678,118.53333333332789,830.4001352511896,10,5,0,0,5,-892306418471588993
switchback,3,Quill,Rookie,0,104000003,true,32.44999999999944,30.199999999998283,123.0499999999943,830.4001352511896,10,5,0,0,5,-3783508331867382817
switchback,3,Quill,Rookie,1,104007922,true,31.383333333332832,29.361111111109448,119.46666666666117,830.4001352511896,10,5,0,0,5,3575588870191754490
switchback,3,Quill,Club,0,104000003,true,30.916666666666192,29.149999999998347,118.36666666666123,830.4001352511896,10,5,0,0,5,-7577016735854294843
switchback,3,Quill,Club,1,104007922,true,30.583333333332877,28.722222222220594,116.74999999999466,830.4001352511896,10,5,0,0,5,951095537425620605
switchback,3,Quill,Pro,0,104000003,true,30.1833333333329,28.438888888887277,115.49999999999473,830.4001352511896,10,5,0,0,5,-5107441905900888025
switchback,3,Quill,Pro,1,104007922,true,29.999999999999577,28.127777777776185,114.38333333332812,830.4001352511896,10,5,0,0,5,6586123884426966549
switchback,3,Quill,Champion,0,104000003,true,30.349999999999557,28.499999999998384,115.84999999999471,830.4001352511896,10,5,0,0,5,1595342488691612103
switchback,3,Quill,Champion,1,104007922,true,29.91666666666625,28.205555555553957,114.53333333332812,830.4001352511896,10,5,0,0,5,3392606380579194484
switchback,3,Vandal,Rookie,0,104000003,true,34.966666666665965,32.177777777776946,131.4999999999968,830.4001352511896,10,5,0,0,5,1270977868702787892
switchback,3,Vandal,Rookie,1,104007922,true,34.149999999999345,30.916666666664913,126.89999999999408,830.4001352511896,10,5,0,0,5,-2130756967936041586
switchback,3,Vandal,Club,0,104000003,true,32.88333333333275,30.57777777777604,124.61666666666088,830.4001352511896,10,5,0,0,5,-4058913829079001518
switchback,3,Vandal,Club,1,104007922,true,32.166666666666124,29.733333333331643,121.36666666666106,830.4001352511896,10,5,0,0,5,-1759758683287615165
switchback,3,Vandal,Pro,0,104000003,true,31.883333333332804,29.261111111109454,119.66666666666116,830.4001352511896,10,5,0,0,5,-6231279530378005522
switchback,3,Vandal,Pro,1,104007922,true,31.399999999999498,28.788888888887257,117.76666666666127,830.4001352511896,10,5,0,0,5,6177892733662284644
switchback,3,Vandal,Champion,0,104000003,true,31.733333333332812,29.166666666665012,119.23333333332785,830.4001352511896,10,5,0,0,5,6473890479926516890
switchback,3,Vandal,Champion,1,104007922,true,31.416666666666163,28.827777777776145,117.89999999999459,830.4001352511896,10,5,0,0,5,-8659896329483690376
switchback,4,Kestrel,Rookie,0,104000003,true,30.949999999999523,29.199999999998344,118.54999999999455,830.4001352511896,10,5,0,0,5,-1270145075555557449
switchback,4,Kestrel,Rookie,1,104007922,true,29.733333333332926,27.483333333331775,112.18333333332825,830.4001352511896,10,5,0,0,5,3996037700035464928
switchback,4,Kestrel,Club,0,104000003,true,29.33333333333295,27.516666666665106,111.88333333332827,830.4001352511896,10,5,0,0,5,-4600548571675815289
switchback,4,Kestrel,Club,1,104007922,true,28.966666666666303,26.955555555554028,109.83333333332838,830.4001352511896,10,5,0,0,5,1975610559458556108
switchback,4,Kestrel,Pro,0,104000003,true,28.66666666666632,27.01111111110958,109.69999999999506,830.4001352511896,10,5,0,0,5,7468994565102561116
switchback,4,Kestrel,Pro,1,104007922,true,28.299999999999674,26.52222222222072,107.86666666666183,830.4001352511896,10,5,0,0,5,8000832109139730558
switchback,4,Kestrel,Champion,0,104000003,true,28.69999999999965,26.966666666665137,109.59999999999506,830.4001352511896,10,5,0,0,5,7122340566452608718
switchback,4,Kestrel,Champion,1,104007922,true,28.399999999999668,26.611111111109604,108.23333333332847,830.4001352511896,10,5,0,0,5,-2836306470598967843
switchback,4,Bulwark,Rookie,0,104000003,true,34.98333333333263,32.155555555554706,131.44999999999675,830.4001352511896,10,5,0,0,5,-9132897216418378043
switchback,4,Bulwark,Rookie,1,104007922,true,31.949999999999466,30.072222222220518,122.16666666666102,830.4001352511896,10,5,0,0,5,-1780656024266031435
switchback,4,Bulwark,Club,0,104000003,true,33.133333333332736,30.727777777776037,125.31666666666084,830.4001352511896,10,5,0,0,5,7510737154594207529
switchback,4,Bulwark,Club,1,104007922,true,31.066666666666183,28.988888888887246,118.03333333332792,830.4001352511896,10,5,0,0,5,2936526916859407273
switchback,4,Bulwark,Pro,0,104000003,true,31.46666666666616,29.23888888888723,119.18333333332785,830.4001352511896,10,5,0,0,5,-80388701005721981
switchback,4,Bulwark,Pro,1,104007922,true,30.366666666666223,28.222222222220623,115.03333333332809,830.4001352511896,10,5,0,0,5,7713715139108450212
switchback,4,Bulwark,Champion,0,104000003,true,30.816666666666197,28.849999999998364,117.36666666666129,830.4001352511896,10,5,0,0,5,3504941781365276593
switchback,4,Bulwark,Champion,1,104007922,true,30.249999999999563,28.233333333331732,114.94999999999476,830.4001352511896,10,5,0,0,5,-2837992296721875904
redline,0,Needle,Rookie,0,104000003,true,36.49999999999921,34.16111111111229,138.98333333333608,856.6523272993568,9,3,0,0,5,7227495828667814182
redline,0,Needle,Rookie,1,104007922,true,35.46666666666594,33.39444444444472,135.6500000000001,856.6523272993568,9,3,0,0,5,2251102650002094292
redline,0,Needle,Club,0,104000003,true,35.633333333332594,33.561111111111565,136.3166666666673,856.6523272993568,9,3,0,0,5,-745789410379675424
redline,0,Needle,Club,1,104007922,true,35.049999999999294,33.038888888888756,134.16666666666558,856.6523272993568,9,3,0,0,5,-4805748342115336030
redline,0,Needle,Pro,0,104000003,true,35.083333333332625,33.17777777777777,134.61666666666594,856.6523272993568,9,3,0,0,5,-6780777504824663120
redline,0,Needle,Pro,1,104007922,true,34.74999999999931,32.81111111111071,133.18333333333146,856.6523272993568,9,3,0,0,5,-6468800707344881053
redline,0,Needle,Champion,0,104000003,true,35.13333333333262,33.277777777777864,134.9666666666662,856.6523272993568,9,3,0,0,5,1841719185798448318
redline,0,Needle,Champion,1,104007922,true,34.78333333333264,32.911111111110806,133.51666666666506,856.6523272993568,9,3,0,0,5,6510824036063663945
redline,0,Line,Rookie,0,104000003,true,37.71666666666581,34.40000000000171,140.91666666667095,856.6523272993568,9,3,0,0,5,-1084611218021990459
redline,0,Line,Rookie,1,104007922,true,36.53333333333254,33.37222222222278,136.6500000000009,856.6523272993568,9,3,0,0,5,2824320507430687069
redline,0,Line,Club,0,104000003,true,36.41666666666588,33.16111111111147,135.9000000000003,856.6523272993568,9,3,0,0,5,7934921639059910235
redline,0,Line,Club,1,104007922,true,35.56666666666593,32.555555555555195,133.2333333333315,856.6523272993568,9,3,0,0,5,6752648077850979956
redline,0,Line,Pro,0,104000003,true,35.4833333333326,32.40555555555505,132.69999999999774,856.6523272993568,9,3,0,0,5,9197443095124903896
redline,0,Line,Pro,1,104007922,true,34.933333333332634,31.877777777776696,130.5666666666627,856.6523272993568,9,3,0,0,5,4438661407783015879
redline,0,Line,Champion,0,104000003,true,35.433333333332605,32.36111111111055,132.51666666666426,856.6523272993568,9,3,0,0,5,-8210661940489690832
redline,0,Line,Champion,1,104007922,true,34.98333333333263,31.927777777776743,130.76666666666287,856.6523272993568,9,3,0,0,5,2024703954782949817
redline,1,Bastion,Rookie,0,104000003,true,36.46666666666588,33.02222222222249,135.53333333333333,856.6523272993568,9,3,0,0,5,-4080677288804894686
redline,1,Bastion,Rookie,1,104007922,true,35.666666666665925,31.911111111110262,131.3999999999967,856.6523272993568,9,3,0,0,5,-2176006060664360875
redline,1,Bastion,Club,0,104000003,true,35.38333333333261,31.694444444443338,130.46666666666263,856.6523272993568,9,3,0,0,5,-6580361660333514090
redline,1,Bastion,Club,1,104007922,true,34.74999999999931,30.938888888887135,127.56666666666071,856.6523272993568,9,3,0,0,5,3363288308160569113
redline,1,Bastion,Pro,0,104000003,true,34.383333333332665,30.7944444444427,126.76666666666075,856.6523272993568,9,3,0,0,5,5063837057378619384
redline,1,Bastion,Pro,1,104007922,true,33.81666666666603,30.222222222220505,124.48333333332755,856.6523272993568,9,3,0,0,5,4357147472610024738
redline,1,Bastion,Champion,0,104000003,true,34.24999999999934,30.699999999998255,126.34999999999411,856.6523272993568,9,3,0,0,5,-4198356632447324931
redline,1,Bastion,Champion,1,104007922,true,33.76666666666603,30.211111111109393,124.39999999999422,856.6523272993568,9,3,0,0,5,-3424860282024178271
redline,2,Comet,Rookie,0,104000003,true,32.24999999999945,29.63333333333165,121.1499999999944,856.6523272993568,9,3,0,0,5,-7097689363113182075
redline,2,Comet,Rookie,1,104007922,true,31.533333333332823,29.00555555555391,118.54999999999455,856.6523272993568,9,3,0,0,5,9154093018750274680
redline,2,Comet,Club,0,104000003,true,31.08333333333285,28.594444444442825,116.86666666666132,856.6523272993568,9,3,0,0,5,4846562172866767182
redline,2,Comet,Club,1,104007922,true,30.61666666666621,28.183333333331735,115.16666666666141,856.6523272993568,9,3,0,0,5,-681806764359615446
redline,2,Comet,Pro,0,104000003,true,30.249999999999563,27.8777777777762,113.88333333332815,856.6523272993568,9,3,0,0,5,7888185128187600723
redline,2,Comet,Pro,1,104007922,true,29.94999999999958,27.538888888887328,112.56666666666156,856.6523272993568,9,3,0,0,5,-8112709884797824725
redline,2,Comet,Champion,0,104000003,true,30.166666666666234,27.844444444442868,113.69999999999483,856.6523272993568,9,3,0,0,5,-8212000155154800375
redline,2,Comet,Champion,1,104007922,true,29.899999999999583,27.566666666665103,112.59999999999489,856.6523272993568,9,3,0,0,5,7633175229088903920
redline,1,Trail,Rookie,0,104000003,true,33.81666666666603,31.094444444442683,127.09999999999407,856.6523272993568,9,3,0,0,5,-359799934276173083
redline,1,Trail,Rookie,1,104007922,true,32.71666666666609,30.272222222220506,123.5333333333276,856.6523272993568,9,3,0,0,5,-8804111482651871066
redline,1,Trail,Club,0,104000003,true,33.1499999999994,30.87777777777602,125.78333333332748,856.6523272993568,9,3,0,0,5,-8328036111074544015
redline,1,Trail,Club,1,104007922,true,32.48333333333277,30.233333333331615,123.18333333332762,856.6523272993568,9,3,0,0,5,-1468856238271054292
redline,1,Trail,Pro,0,104000003,true,32.88333333333275,30.78888888888714,125.24999999999417,856.6523272993568,9,3,0,0,5,-2529340949370591348
redline,1,Trail,Pro,1,104007922,true,32.41666666666611,30.266666666664946,123.21666666666096,856.6523272993568,9,3,0,0,5,5966782515870535738
redline,1,Trail,Champion,0,104000003,true,32.899999999999416,30.78888888888714,125.26666666666084,856.6523272993568,9,3,0,0,5,6334020359442807612
redline,1,Trail,Champion,1,104007922,true,32.36666666666611,30.33333333333161,123.36666666666095,856.6523272993568,9,3,0,0,5,-1963831040432478623
redline,2,Flint,Rookie,0,104000003,true,32.38333333333278,30.277777777776056,123.21666666666096,856.6523272993568,9,3,0,0,5,-8922140533199274024
redline,2,Flint,Rookie,1,104007922,true,31.383333333332832,29.466666666664995,119.78333333332782,856.6523272993568,9,3,0,0,5,756234491230662058
redline,2,Flint,Club,0,104000003,true,31.69999999999948,29.727777777776094,120.88333333332776,856.6523272993568,9,3,0,0,5,-2894749345435334829
redline,2,Flint,Club,1,104007922,true,31.049999999999518,29.127777777776128,118.4333333333279,856.6523272993568,9,3,0,0,5,-652292989767733348
redline,2,Flint,Pro,0,104000003,true,31.183333333332843,29.33333333333167,119.18333333332785,856.6523272993568,9,3,0,0,5,4132466119756189940
redline,2,Flint,Pro,1,104007922,true,30.666666666666206,28.88888888888725,117.33333333332796,856.6523272993568,9,3,0,0,5,-7089551086629894451
redline,2,Flint,Champion,0,104000003,true,31.183333333332843,29.39444444444278,119.36666666666117,856.6523272993568,9,3,0,0,5,8297649248375047368
redline,2,Flint,Champion,1,104007922,true,30.749999999999535,28.988888888887246,117.71666666666127,856.6523272993568,9,3,0,0,5,-185377457296945483
redline,3,Quill,Rookie,0,104000003,true,30.96666666666619,29.0444444444428,118.09999999999458,856.6523272993568,9,3,0,0,5,2820175133746026268
redline,3,Quill,Rookie,1,104007922,true,30.41666666666622,28.349999999998392,115.4666666666614,856.6523272993568,9,3,0,0,5,7538787639988226468
redline,3,Quill,Club,0,104000003,true,30.29999999999956,28.327777777776173,115.28333333332807,856.6523272993568,9,3,0,0,5,-8279663516199504014
redline,3,Quill,Club,1,104007922,true,29.83333333333292,27.916666666665083,113.58333333332817,856.6523272993568,9,3,0,0,5,1046998446880342258
redline,3,Quill,Pro,0,104000003,true,29.766666666666257,27.927777777776196,113.54999999999484,856.6523272993568,9,3,0,0,5,-8277449426335371443
redline,3,Quill,Pro,1,104007922,true,29.51666666666627,27.6166666666651,112.36666666666157,856.6523272993568,9,3,0,0,5,-542190687553677588
redline,3,Quill,Champion,0,104000003,true,29.83333333333292,27.99444444444286,113.81666666666149,856.6523272993568,9,3,0,0,5,6887140192640015614
redline,3,Quill,Champion,1,104007922,true,29.51666666666627,27.666666666665098,112.51666666666156,856.6523272993568,9,3,0,0,5,3022704588248555235
redline,3,Vandal,Rookie,0,104000003,true,31.416666666666163,28.366666666665058,116.51666666666134,856.6523272993568,9,3,0,0,5,3975263637809679947
redline,3,Vandal,Rookie,1,104007922,true,30.64999999999954,27.68888888888732,113.7166666666615,856.6523272993568,9,3,0,0,5,2336223377061060264
redline,3,Vandal,Club,0,104000003,true,30.06666666666624,27.44444444444289,112.3999999999949,856.6523272993568,9,3,0,0,5,-1330324937703734718
redline,3,Vandal,Club,1,104007922,true,29.68333333333293,26.97777777777625,110.61666666666167,856.6523272993568,9,3,0,0,5,-6933688322012323944
redline,3,Vandal,Pro,0,104000003,true,29.56666666666627,26.838888888887368,110.08333333332837,856.6523272993568,9,3,0,0,5,-1978729693952530221
redline,3,Vandal,Pro,1,104007922,true,29.16666666666629,26.472222222220722,108.58333333332845,856.6523272993568,9,3,0,0,5,3532736032505012860
redline,3,Vandal,Champion,0,104000003,true,29.433333333332943,26.811111111109593,109.86666666666171,856.6523272993568,9,3,0,0,5,-5205413674839232241
redline,3,Vandal,Champion,1,104007922,true,29.066666666666297,26.47777777777628,108.49999999999513,856.6523272993568,9,3,0,0,5,-2574269176088690649
redline,4,Kestrel,Rookie,0,104000003,true,29.349999999999614,27.32777777777623,111.3333333333283,856.6523272993568,9,3,0,0,5,-1656161709702410428
redline,4,Kestrel,Rookie,1,104007922,true,28.66666666666632,26.572222222220717,108.38333333332847,856.6523272993568,9,3,0,0,5,-995554439937973765
redline,4,Kestrel,Club,0,104000003,true,28.733333333332983,26.805555555554037,109.14999999999509,856.6523272993568,9,3,0,0,5,-2213568686558214257
redline,4,Kestrel,Club,1,104007922,true,28.416666666666334,26.355555555554062,107.48333333332852,856.6523272993568,9,3,0,0,5,-4309507408942812735
redline,4,Kestrel,Pro,0,104000003,true,28.34999999999967,26.54444444444294,107.98333333332849,856.6523272993568,9,3,0,0,5,8629444000674496978
redline,4,Kestrel,Pro,1,104007922,true,28.016666666666357,26.18333333333185,106.5666666666619,856.6523272993568,9,3,0,0,5,1428745277221861891
redline,4,Kestrel,Champion,0,104000003,true,28.333333333333005,26.588888888887382,108.09999999999515,856.6523272993568,9,3,0,0,5,-4499764782100512760
redline,4,Kestrel,Champion,1,104007922,true,28.016666666666357,26.255555555554068,106.78333333332856,856.6523272993568,9,3,0,0,5,8455915248535940942
redline,4,Bulwark,Rookie,0,104000003,true,30.316666666666226,27.84999999999842,113.86666666666149,856.6523272993568,9,3,0,0,5,9015989494272807620
redline,4,Bulwark,Rookie,1,104007922,true,29.56666666666627,27.11666666666513,110.91666666666165,856.6523272993568,9,3,0,0,5,8306297348116958450
redline,4,Bulwark,Club,0,104000003,true,29.299999999999617,27.06666666666513,110.49999999999501,856.6523272993568,9,3,0,0,5,-9077713169814460943
redline,4,Bulwark,Club,1,104007922,true,28.716666666666317,26.572222222220717,108.43333333332846,856.6523272993568,9,3,0,0,5,-8381538813211394497
redline,4,Bulwark,Pro,0,104000003,true,28.69999999999965,26.549999999998494,108.34999999999513,856.6523272993568,9,3,0,0,5,2862775943847881364
redline,4,Bulwark,Pro,1,104007922,true,28.216666666666345,26.13333333333185,106.6166666666619,856.6523272993568,9,3,0,0,5,7872971798612474608
redline,4,Bulwark,Champion,0,104000003,true,28.616666666666323,26.54444444444294,108.24999999999514,856.6523272993568,9,3,0,0,5,3432227613123343854
redline,4,Bulwark,Champion,1,104007922,true,28.166666666666348,26.1277777777763,106.54999999999524,856.6523272993568,9,3,0,0,5,1875991938478170414
runoff,0,Needle,Rookie,0,104000003,true,34.066666666666016,32.18888888888781,130.63333333332943,676.4270171539297,8,5,4,0,5,1509155510708916692
runoff,0,Needle,Rookie,1,104007922,true,33.06666666666607,31.205555555553786,126.68333333332743,676.4270171539297,8,5,4,0,5,-7230711605127861028
runoff,0,Needle,Club,0,104000003,true,32.48333333333277,30.61111111110937,124.3166666666609,676.4270171539297,8,5,4,0,5,-555501751037874985
runoff,0,Needle,Club,1,104007922,true,31.89999999999947,30.072222222220518,122.11666666666102,676.4270171539297,8,5,4,0,5,7659404787424383467
runoff,0,Needle,Pro,0,104000003,true,31.46666666666616,29.68333333333165,120.51666666666111,676.4270171539297,8,5,4,0,5,6520901346672860176
runoff,0,Needle,Pro,1,104007922,true,30.96666666666619,29.24999999999834,118.71666666666121,676.4270171539297,8,5,4,0,5,-2872352321002799598
runoff,0,Needle,Champion,0,104000003,true,31.499999999999492,29.699999999998315,120.59999999999444,676.4270171539297,8,5,4,0,5,-5745760916739019417
runoff,0,Needle,Champion,1,104007922,true,31.049999999999518,29.316666666665004,118.99999999999453,676.4270171539297,8,5,4,0,5,1886553491436066856
runoff,0,Line,Rookie,0,104000003,true,37.36666666666583,34.01666666666798,139.41666666666976,676.4270171539297,8,5,4,0,5,-9083111126105029649
runoff,0,Line,Rookie,1,104007922,true,36.03333333333257,33.08888888888908,135.2999999999998,676.4270171539297,8,5,4,0,5,-3268418612997596797
runoff,0,Line,Club,0,104000003,true,35.06666666666596,32.188888888888094,131.63333333333023,676.4270171539297,8,5,4,0,5,-6953043695018369292
runoff,0,Line,Club,1,104007922,true,34.44999999999933,31.555555555554076,129.11666666666156,676.4270171539297,8,5,4,0,5,5619163949819917650
runoff,0,Line,Pro,0,104000003,true,33.7333333333327,30.855555555553803,126.29999999999411,676.4270171539297,8,5,4,0,5,-61223455700773907
runoff,0,Line,Pro,1,104007922,true,33.28333333333273,30.41111111110938,124.51666666666088,676.4270171539297,8,5,4,0,5,-6964172654869933276
runoff,0,Line,Champion,0,104000003,true,33.61666666666604,30.81111111110936,126.04999999999413,676.4270171539297,8,5,4,0,5,-1982666304243622696
runoff,0,Line,Champion,1,104007922,true,33.23333333333273,30.3722222222205,124.34999999999422,676.4270171539297,8,5,4,0,5,-251224228590874061
runoff,1,Bastion,Rookie,0,104000003,true,37.9166666666658,34.800000000002086,142.31666666667206,676.4270171539297,8,5,4,0,5,3841099853046562
runoff,1,Bastion,Rookie,1,104007922,true,36.81666666666586,33.91666666666774,138.56666666666908,676.4270171539297,8,5,4,0,5,-5526577944582300940
runoff,1,Bastion,Club,0,104000003,true,36.04999999999924,32.73333333333324,134.24999999999898,676.4270171539297,8,5,4,0,5,-2374575542055137556
runoff,1,Bastion,Club,1,104007922,true,35.06666666666596,31.94444444444345,130.8999999999963,676.4270171539297,8,5,4,0,5,-2473304582524540505
runoff,1,Bastion,Pro,0,104000003,true,34.44999999999933,31.255555555553837,128.21666666666084,676.4270171539297,8,5,4,0,5,6281871170610477094
runoff,1,Bastion,Pro,1,104007922,true,33.833333333332696,30.78888888888714,126.19999999999412,676.4270171539297,8,5,4,0,5,918200036327669202
runoff,1,Bastion,Champion,0,104000003,true,34.266666666666005,31.233333333331558,127.96666666666069,676.4270171539297,8,5,4,0,5,4509155199634219286
runoff,1,Bastion,Champion,1,104007922,true,33.716666666666036,30.733333333331586,125.9166666666608,676.4270171539297,8,5,4,0,5,464357710606574896
runoff,2,Comet,Rookie,0,104000003,true,33.54999999999938,30.894444444442694,126.23333333332745,676.4270171539297,8,5,4,0,5,-273635365189824509
runoff,2,Comet,Rookie,1,104007922,true,32.58333333333277,30.29444444444273,123.46666666666094,676.4270171539297,8,5,4,0,5,1177702486343506710
runoff,2,Comet,Club,0,104000003,true,31.58333333333282,29.19444444444279,119.16666666666119,676.4270171539297,8,5,4,0,5,-6208993815180483763
runoff,2,Comet,Club,1,104007922,true,30.866666666666195,28.711111111109485,116.99999999999464,676.4270171539297,8,5,4,0,5,-9172114558308008056
runoff,2,Comet,Pro,0,104000003,true,30.249999999999563,28.077777777776188,114.48333333332812,676.4270171539297,8,5,4,0,5,6632451709740128730
runoff,2,Comet,Pro,1,104007922,true,29.883333333332917,27.60555555555399,112.69999999999489,676.4270171539297,8,5,4,0,5,-220781240539198213
runoff,2,Comet,Champion,0,104000003,true,30.1833333333329,28.02777777777619,114.26666666666146,676.4270171539297,8,5,4,0,5,-5464728476378177869
runoff,2,Comet,Champion,1,104007922,true,29.71666666666626,27.633333333331766,112.61666666666156,676.4270171539297,8,5,4,0,5,-8696680388479753932
runoff,1,Trail,Rookie,0,104000003,true,30.583333333332877,28.277777777776176,115.4166666666614,676.4270171539297,8,5,4,0,5,-7778304350377412417
runoff,1,Trail,Rookie,1,104007922,true,29.649999999999597,27.377777777776227,111.78333333332827,676.4270171539297,8,5,4,0,5,39174798902014409
runoff,1,Trail,Club,0,104000003,true,29.36666666666628,27.238888888887345,111.08333333332831,676.4270171539297,8,5,4,0,5,3506562929541004611
runoff,1,Trail,Club,1,104007922,true,28.93333333333297,26.605555555554048,108.74999999999511,676.4270171539297,8,5,4,0,5,-974596871596307164
runoff,1,Trail,Pro,0,104000003,true,28.58333333333299,26.6611111111096,108.56666666666179,676.4270171539297,8,5,4,0,5,-651625345273094416
runoff,1,Trail,Pro,1,104007922,true,28.149999999999682,26.1277777777763,106.53333333332857,676.4270171539297,8,5,4,0,5,-4371087637930234598
runoff,1,Trail,Champion,0,104000003,true,28.63333333333299,26.605555555554048,108.44999999999513,676.4270171539297,8,5,4,0,5,-7511492179538334172
runoff,1,Trail,Champion,1,104007922,true,28.11666666666635,26.199999999998514,106.7166666666619,676.4270171539297,8,5,4,0,5,286521620661053457
runoff,2,Flint,Rookie,0,104000003,true,30.06666666666624,28.277777777776176,114.89999999999476,676.4270171539297,8,5,4,0,5,3615766731014624400
runoff,2,Flint,Rookie,1,104007922,true,29.616666666666266,27.6166666666651,112.46666666666157,676.4270171539297,8,5,4,0,5,-5692554929288532598
runoff,2,Flint,Club,0,104000003,true,29.13333333333296,27.311111111109565,111.06666666666165,676.4270171539297,8,5,4,0,5,-6593768398982343683
runoff,2,Flint,Club,1,104007922,true,28.31666666666634,26.59999999999849,108.11666666666181,676.4270171539297,8,5,4,0,5,-4619760197533035647
runoff,2,Flint,Pro,0,104000003,true,28.049999999999688,26.39444444444295,107.23333333332853,676.4270171539297,8,5,4,0,5,5361587865525010120
runoff,2,Flint,Pro,1,104007922,true,27.566666666666382,25.89999999999853,105.26666666666198,676.4270171539297,8,5,4,0,5,-2182111596846355315
runoff,2,Flint,Champion,0,104000003,true,28.033333333333022,26.422222222220725,107.2999999999952,676.4270171539297,8,5,4,0,5,-6011137846684102864
runoff,2,Flint,Champion,1,104007922,true,27.64999999999971,25.98333333333186,105.59999999999529,676.4270171539297,8,5,4,0,5,5027654481786244540
runoff,3,Quill,Rookie,0,104000003,true,29.39999999999961,27.49999999999844,111.89999999999493,676.4270171539297,8,5,4,0,5,-7284005243027759276
runoff,3,Quill,Rookie,1,104007922,true,28.716666666666317,26.68333333333182,108.76666666666178,676.4270171539297,8,5,4,0,5,1698555262307444567
runoff,3,Quill,Club,0,104000003,true,28.183333333333014,26.377777777776284,107.31666666666186,676.4270171539297,8,5,4,0,5,-7394787102471621832
runoff,3,Quill,Club,1,104007922,true,27.833333333333034,25.922222222220753,105.59999999999529,676.4270171539297,8,5,4,0,5,1152339022060046959
runoff,3,Quill,Pro,0,104000003,true,27.233333333333068,25.50555555555411,103.7499999999954,676.4270171539297,8,5,4,0,5,4231158208302618063
runoff,3,Quill,Pro,1,104007922,true,26.883333333333088,25.216666666665237,102.5333333333288,676.4270171539297,8,5,4,0,5,-5947085878566997414
runoff,3,Quill,Champion,0,104000003,true,27.249999999999734,25.533333333331885,103.84999999999539,676.4270171539297,8,5,4,0,5,-2858173605074832686
runoff,3,Quill,Champion,1,104007922,true,26.866666666666422,25.23888888888746,102.5833333333288,676.4270171539297,8,5,4,0,5,-1820210819074380538
runoff,3,Vandal,Rookie,0,104000003,true,32.14999999999946,29.305555555553894,120.06666666666113,676.4270171539297,8,5,4,0,5,-7582389902648569978
runoff,3,Vandal,Rookie,1,104007922,true,31.23333333333284,28.561111111109494,116.91666666666131,676.4270171539297,8,5,4,0,5,1268844209691103246
runoff,3,Vandal,Club,0,104000003,true,30.29999999999956,27.811111111109536,113.73333333332816,676.4270171539297,8,5,4,0,5,151482257861213493
runoff,3,Vandal,Club,1,104007922,true,29.5999999999996,27.06666666666513,110.799999999995,676.4270171539297,8,5,4,0,5,-3489486056118676389
runoff,3,Vandal,Pro,0,104000003,true,29.066666666666297,26.62777777777627,108.9499999999951,676.4270171539297,8,5,4,0,5,5976365990238211826
runoff,3,Vandal,Pro,1,104007922,true,28.599999999999657,26.227777777776293,107.28333333332853,676.4270171539297,8,5,4,0,5,7541140586297450953
runoff,3,Vandal,Champion,0,104000003,true,28.966666666666303,26.54444444444294,108.59999999999512,676.4270171539297,8,5,4,0,5,7253445577207048998
runoff,3,Vandal,Champion,1,104007922,true,28.499999999999662,26.149999999998517,106.94999999999521,676.4270171539297,8,5,4,0,5,1161378283454373319
runoff,4,Kestrel,Rookie,0,104000003,true,28.066666666666354,26.17222222222074,106.58333333332857,676.4270171539297,8,5,4,0,5,2735642290651787001
runoff,4,Kestrel,Rookie,1,104007922,true,27.083333333333076,25.211111111109684,102.71666666666212,676.4270171539297,8,5,4,0,5,-5640234934162627337
runoff,4,Kestrel,Club,0,104000003,true,26.666666666666433,24.866666666665257,101.2666666666622,676.4270171539297,8,5,4,0,5,-7674471944045339274
runoff,4,Kestrel,Club,1,104007922,true,26.033333333333136,24.33888888888751,99.04999999999566,676.4270171539297,8,5,4,0,5,8181581194586428835
runoff,4,Kestrel,Pro,0,104000003,true,25.74999999999982,24.049999999998636,97.89999999999573,676.4270171539297,8,5,4,0,5,-5239347457164361128
runoff,4,Kestrel,Pro,1,104007922,true,25.383333333333173,23.71111111110977,96.51666666666247,676.4270171539297,8,5,4,0,5,-112208148143899992
runoff,4,Kestrel,Champion,0,104000003,true,25.69999999999982,24.122222222220856,98.06666666666239,676.4270171539297,8,5,4,0,5,-7152848684364839734
runoff,4,Kestrel,Champion,1,104007922,true,25.39999999999984,23.76666666666532,96.6999999999958,676.4270171539297,8,5,4,0,5,-8164660109255898406
runoff,4,Bulwark,Rookie,0,104000003,true,30.916666666666192,28.944444444442805,117.7499999999946,676.4270171539297,8,5,4,0,5,-3653362168069692597
runoff,4,Bulwark,Rookie,1,104007922,true,30.44999999999955,27.949999999998415,114.2999999999948,676.4270171539297,8,5,4,0,5,1145335677385534978
runoff,4,Bulwark,Club,0,104000003,true,29.066666666666297,27.26666666666512,110.86666666666166,676.4270171539297,8,5,4,0,5,-7367884428250484596
runoff,4,Bulwark,Club,1,104007922,true,28.66666666666632,26.52222222222072,108.23333333332847,676.4270171539297,8,5,4,0,5,8979217364897860779
runoff,4,Bulwark,Pro,0,104000003,true,27.899999999999697,26.19444444444296,106.48333333332857,676.4270171539297,8,5,4,0,5,-6611958920525913111
runoff,4,Bulwark,Pro,1,104007922,true,27.399999999999725,25.511111111109667,103.93333333332872,676.4270171539297,8,5,4,0,5,3169307000166404614
runoff,4,Bulwark,Champion,0,104000003,true,27.949999999999694,26.08888888888741,106.21666666666192,676.4270171539297,8,5,4,0,5,-442591634396074451
runoff,4,Bulwark,Champion,1,104007922,true,27.41666666666639,25.627777777776327,104.29999999999536,676.4270171539297,8,5,4,0,5,8448049954795277154
crucible,0,Needle,Rookie,0,104000003,true,22.816666666666652,21.049999999998807,85.96666666666307,487.4112546051795,8,1,0,0,5,728784270263218144
crucible,0,Needle,Rookie,1,104007922,true,22.383333333333344,20.327777777776628,83.36666666666322,487.4112546051795,8,1,0,0,5,6665742834710865200
crucible,0,Needle,Club,0,104000003,true,21.9666666666667,20.249999999998852,82.71666666666326,487.4112546051795,8,1,0,0,5,-6410231119981350468
crucible,0,Needle,Club,1,104007922,true,21.416666666666732,19.733333333332215,80.61666666666338,487.4112546051795,8,1,0,0,5,939771282562493808
crucible,0,Needle,Pro,0,104000003,true,21.3833333333334,19.733333333332215,80.58333333333005,487.4112546051795,8,1,0,0,5,2559272128619007420
crucible,0,Needle,Pro,1,104007922,true,21.050000000000086,19.383333333332235,79.19999999999679,487.4112546051795,8,1,0,0,5,-4849595073588800079
crucible,0,Needle,Champion,0,104000003,true,21.416666666666732,19.77777777777666,80.7499999999967,487.4112546051795,8,1,0,0,5,5941945070902732453
crucible,0,Needle,Champion,1,104007922,true,21.03333333333342,19.466666666665564,79.43333333333011,487.4112546051795,8,1,0,0,5,8668175010618703015
crucible,0,Line,Rookie,0,104000003,true,24.96666666666653,22.38888888888762,92.13333333332939,487.4112546051795,8,1,0,0,5,-2734288923350262256
crucible,0,Line,Rookie,1,104007922,true,24.26666666666657,21.427777777776566,88.54999999999626,487.4112546051795,8,1,0,0,5,5704438954448643500
crucible,0,Line,Club,0,104000003,true,23.83333333333326,21.14444444444325,87.266666666663,487.4112546051795,8,1,0,0,5,-5310045057590977082
crucible,0,Line,Club,1,104007922,true,23.299999999999958,20.494444444443285,84.78333333332981,487.4112546051795,8,1,0,0,5,-8969829860760260102
crucible,0,Line,Pro,0,104000003,true,22.949999999999978,20.272222222221075,83.7666666666632,487.4112546051795,8,1,0,0,5,-7705371519782273921
crucible,0,Line,Pro,1,104007922,true,22.43333333333334,19.733333333332215,81.63333333332999,487.4112546051795,8,1,0,0,5,-8186699647706743434
crucible,0,Line,Champion,0,104000003,true,22.883333333333315,20.194444444443302,83.46666666666322,487.4112546051795,8,1,0,0,5,5805084313770295667
crucible,0,Line,Champion,1,104007922,true,22.483333333333338,19.755555555554437,81.74999999999665,487.4112546051795,8,1,0,0,5,5124370317519826262
crucible,1,Bastion,Rookie,0,104000003,true,27.199999999999736,24.927777777776367,101.98333333332883,487.4112546051795,8,1,0,0,5,-4902013117481366222
crucible,1,Bastion,Rookie,1,104007922,true,24.9333333333332,21.89999999999876,90.63333333332947,487.4112546051795,8,1,0,0,5,-5485781880104117999
crucible,1,Bastion,Club,0,104000003,true,24.81666666666654,21.92222222222098,90.58333333332948,487.4112546051795,8,1,0,0,5,5424989490532953916
crucible,1,Bastion,Club,1,104007922,true,23.68333333333327,20.783333333332155,86.03333333332974,487.4112546051795,8,1,0,0,5,2449577411259681230
crucible,1,Bastion,Pro,0,104000003,true,23.816666666666595,21.02777777777659,86.89999999999635,487.4112546051795,8,1,0,0,5,-2481797697766584953
crucible,1,Bastion,Pro,1,104007922,true,22.74999999999999,19.916666666665538,82.4999999999966,487.4112546051795,8,1,0,0,5,161646663670347262
crucible,1,Bastion,Champion,0,104000003,true,23.649999999999938,20.994444444443257,86.6333333333297,487.4112546051795,8,1,0,0,5,1000561635945751538
crucible,1,Bastion,Champion,1,104007922,true,22.833333333333318,19.89444444444332,82.51666666666327,487.4112546051795,8,1,0,0,5,-7684885179015005310
crucible,2,Comet,Rookie,0,104000003,true,23.699999999999935,21.111111111109917,87.03333333332968,487.4112546051795,8,1,0,0,5,-3279019067482138674
crucible,2,Comet,Rookie,1,104007922,true,21.750000000000046,19.533333333332227,80.34999999999673,487.4112546051795,8,1,0,0,5,-1190667605877743784
crucible,2,Comet,Club,0,104000003,true,21.633333333333386,19.449999999998898,79.98333333333008,487.4112546051795,8,1,0,0,5,-7441347372394047246
crucible,2,Comet,Club,1,104007922,true,20.983333333333423,18.811111111110048,77.41666666666356,487.4112546051795,8,1,0,0,5,-7426356463353625039
crucible,2,Comet,Pro,0,104000003,true,20.750000000000103,18.61111111111006,76.58333333333027,487.4112546051795,8,1,0,0,5,3496162464436093489
crucible,2,Comet,Pro,1,104007922,true,20.36666666666679,18.183333333332303,74.9166666666637,487.4112546051795,8,1,0,0,5,-2910213758989933837
crucible,2,Comet,Champion,0,104000003,true,20.633333333333443,18.599999999998946,76.43333333333028,487.4112546051795,8,1,0,0,5,-2445646327462860694
crucible,2,Comet,Champion,1,104007922,true,20.350000000000126,18.19999999999897,74.94999999999703,487.4112546051795,8,1,0,0,5,8458679178139903118
crucible,1,Trail,Rookie,0,104000003,true,20.816666666666766,18.777777777776716,77.14999999999691,487.4112546051795,8,1,0,0,5,-416960039702250356
crucible,1,Trail,Rookie,1,104007922,true,19.933333333333483,17.927777777776765,73.71666666666377,487.4112546051795,8,1,0,0,5,7576476384858829162
crucible,1,Trail,Club,0,104000003,true,20.200000000000134,18.255555555554523,74.9666666666637,487.4112546051795,8,1,0,0,5,-70520414030532398
crucible,1,Trail,Club,1,104007922,true,19.700000000000163,17.694444444443445,72.78333333333049,487.4112546051795,8,1,0,0,5,-5232197587437802995
crucible,1,Trail,Pro,0,104000003,true,19.883333333333486,18.10555555555453,74.19999999999708,487.4112546051795,8,1,0,0,5,-1966340892467724817
crucible,1,Trail,Pro,1,104007922,true,19.51666666666684,17.59444444444345,72.29999999999718,487.4112546051795,8,1,0,0,5,-7760644766189649576
crucible,1,Trail,Champion,0,104000003,true,19.95000000000015,18.111111111110088,74.2833333333304,487.4112546051795,8,1,0,0,5,3380895238809054253
crucible,1,Trail,Champion,1,104007922,true,19.48333333333351,17.644444444443447,72.41666666666384,487.4112546051795,8,1,0,0,5,7917815497665591490
crucible,2,Flint,Rookie,0,104000003,true,20.400000000000123,18.661111111110056,76.38333333333028,487.4112546051795,8,1,0,0,5,5215535368833522062
crucible,2,Flint,Rookie,1,104007922,true,19.90000000000015,17.927777777776765,73.68333333333044,487.4112546051795,8,1,0,0,5,-3139479547951186810
crucible,2,Flint,Club,0,104000003,true,19.700000000000163,18.055555555554534,73.86666666666376,487.4112546051795,8,1,0,0,5,5995619639932208255
crucible,2,Flint,Club,1,104007922,true,19.066666666666865,17.505555555554565,71.58333333333056,487.4112546051795,8,1,0,0,5,1853989828689596789
crucible,2,Flint,Pro,0,104000003,true,19.16666666666686,17.633333333332335,72.06666666666386,487.4112546051795,8,1,0,0,5,-5332674856332339623
crucible,2,Flint,Pro,1,104007922,true,18.800000000000214,17.21666666666569,70.44999999999729,487.4112546051795,8,1,0,0,5,479732159462939867
crucible,2,Flint,Champion,0,104000003,true,19.183333333333525,17.63888888888789,72.0999999999972,487.4112546051795,8,1,0,0,5,3657131471764542818
crucible,2,Flint,Champion,1,104007922,true,18.81666666666688,17.238888888887914,70.53333333333062,487.4112546051795,8,1,0,0,5,-4073872057429827746
crucible,3,Quill,Rookie,0,104000003,true,20.166666666666803,18.06111111111009,74.34999999999707,487.4112546051795,8,1,0,0,5,188730147172747483
crucible,3,Quill,Rookie,1,104007922,true,19.55000000000017,17.61666666666567,72.39999999999718,487.4112546051795,8,1,0,0,5,-264538278282630115
crucible,3,Quill,Club,0,104000003,true,19.16666666666686,17.366666666665683,71.26666666666391,487.4112546051795,8,1,0,0,5,-4379663198341152073
crucible,3,Quill,Club,1,104007922,true,18.73333333333355,16.988888888887928,69.69999999999733,487.4112546051795,8,1,0,0,5,8175138167207330714
crucible,3,Quill,Pro,0,104000003,true,18.61666666666689,17.016666666665703,69.666666666664,487.4112546051795,8,1,0,0,5,3011126743848890014
crucible,3,Quill,Pro,1,104007922,true,18.316666666666908,16.63333333333239,68.21666666666408,487.4112546051795,8,1,0,0,5,-8030486033759618484
crucible,3,Quill,Champion,0,104000003,true,18.58333333333356,17.01111111111015,69.616666666664,487.4112546051795,8,1,0,0,5,-6833408676046853190
crucible,3,Quill,Champion,1,104007922,true,18.300000000000242,16.711111111110167,68.43333333333074,487.4112546051795,8,1,0,0,5,4094235230926359446
crucible,3,Vandal,Rookie,0,104000003,true,21.683333333333383,19.2388888888878,79.39999999999678,487.4112546051795,8,1,0,0,5,8443901013175044762
crucible,3,Vandal,Rookie,1,104007922,true,20.966666666666757,18.53888888888784,76.58333333333027,487.4112546051795,8,1,0,0,5,4050607059778199965
crucible,3,Vandal,Club,0,104000003,true,20.633333333333443,18.2333333333323,75.33333333333034,487.4112546051795,8,1,0,0,5,8447150539034536523
crucible,3,Vandal,Club,1,104007922,true,20.13333333333347,17.72222222222122,73.29999999999713,487.4112546051795,8,1,0,0,5,-6764273276105705642
crucible,3,Vandal,Pro,0,104000003,true,19.816666666666823,17.53333333333234,72.41666666666384,487.4112546051795,8,1,0,0,5,5465683766786244898
crucible,3,Vandal,Pro,1,104007922,true,19.43333333333351,17.111111111110144,70.76666666666394,487.4112546051795,8,1,0,0,5,-2782276950448044774
crucible,3,Vandal,Champion,0,104000003,true,19.800000000000157,17.49999999999901,72.29999999999718,487.4112546051795,8,1,0,0,5,8522973668144021895
crucible,3,Vandal,Champion,1,104007922,true,19.40000000000018,17.111111111110144,70.7333333333306,487.4112546051795,8,1,0,0,5,4835721600983122091
crucible,4,Kestrel,Rookie,0,104000003,true,18.866666666666877,17.061111111110147,70.04999999999731,487.4112546051795,8,1,0,0,5,-1566419199993813325
crucible,4,Kestrel,Rookie,1,104007922,true,18.4666666666669,16.711111111110167,68.5999999999974,487.4112546051795,8,1,0,0,5,5179664868353943536
crucible,4,Kestrel,Club,0,104000003,true,18.200000000000248,16.51111111111018,67.73333333333078,487.4112546051795,8,1,0,0,5,-6610914022929837795
crucible,4,Kestrel,Club,1,104007922,true,17.833333333333602,16.072222222221313,66.04999999999754,487.4112546051795,8,1,0,0,5,-5642115146907665114
crucible,4,Kestrel,Pro,0,104000003,true,17.716666666666942,16.138888888887976,66.13333333333087,487.4112546051795,8,1,0,0,5,-5674002555293831923
crucible,4,Kestrel,Pro,1,104007922,true,17.433333333333625,15.788888888887996,64.79999999999761,487.4112546051795,8,1,0,0,5,2482916392260241723
crucible,4,Kestrel,Champion,0,104000003,true,17.716666666666942,16.177777777776864,66.24999999999753,487.4112546051795,8,1,0,0,5,72012382739452365
crucible,4,Kestrel,Champion,1,104007922,true,17.41666666666696,15.86666666666577,65.01666666666426,487.4112546051795,8,1,0,0,5,5422432715893797143
crucible,4,Bulwark,Rookie,0,104000003,true,22.033333333333363,19.877777777776654,81.66666666666332,487.4112546051795,8,1,0,0,5,-6641780437795784161
crucible,4,Bulwark,Rookie,1,104007922,true,20.400000000000123,18.194444444443416,74.98333333333036,487.4112546051795,8,1,0,0,5,1592878173473114778
crucible,4,Bulwark,Club,0,104000003,true,20.516666666666783,18.416666666665623,75.76666666666365,487.4112546051795,8,1,0,0,5,9197757528286135947
crucible,4,Bulwark,Club,1,104007922,true,19.300000000000185,17.37222222222124,71.4166666666639,487.4112546051795,8,1,0,0,5,652555349034041489
crucible,4,Bulwark,Pro,0,104000003,true,19.333333333333517,17.427777777776793,71.61666666666389,487.4112546051795,8,1,0,0,5,-6034681922332549997
crucible,4,Bulwark,Pro,1,104007922,true,18.73333333333355,16.86111111111016,69.31666666666402,487.4112546051795,8,1,0,0,5,-660155720478345373
crucible,4,Bulwark,Champion,0,104000003,true,19.183333333333525,17.411111111110127,71.4166666666639,487.4112546051795,8,1,0,0,5,-6396419125857343413
crucible,4,Bulwark,Champion,1,104007922,true,18.716666666666885,16.855555555554602,69.28333333333069,487.4112546051795,8,1,0,0,5,-7646140793621455413
slagway,0,Needle,Rookie,0,104000003,true,31.533333333332823,28.97222222222058,118.44999999999456,701.4865513015651,20,9,0,2,5,995726725533969398
slagway,0,Needle,Rookie,1,104007922,true,30.49999999999955,28.605555555553934,116.31666666666135,701.4865513015651,20,9,0,2,5,7491395262795691502
slagway,0,Needle,Club,0,104000003,true,30.53333333333288,28.566666666665046,116.23333333332802,701.4865513015651,20,9,0,2,5,722647463595294206
slagway,0,Needle,Club,1,104007922,true,29.83333333333292,27.866666666665086,113.43333333332818,701.4865513015651,20,9,0,2,5,-4907366634944059966
slagway,0,Needle,Pro,0,104000003,true,29.583333333332934,27.73333333333176,112.78333333332822,701.4865513015651,20,9,0,2,5,-1303568799605523673
slagway,0,Needle,Pro,1,104007922,true,29.233333333332954,27.41111111110956,111.46666666666162,701.4865513015651,20,9,0,2,5,6424399829998881968
slagway,0,Needle,Champion,0,104000003,true,29.583333333332934,27.827777777776202,113.06666666666153,701.4865513015651,20,9,0,2,5,-8572057260630539585
slagway,0,Needle,Champion,1,104007922,true,29.199999999999623,27.461111111109556,111.58333333332828,701.4865513015651,20,9,0,2,5,1489298680002626085
slagway,0,Line,Rookie,0,104000003,true,34.033333333332685,31.07222222222046,127.24999999999406,701.4865513015651,20,9,0,2,5,-1925337008011127963
slagway,0,Line,Rookie,1,104007922,true,33.03333333333274,29.87777777777608,122.66666666666099,701.4865513015651,20,9,0,2,5,3428179284346647996
slagway,0,Line,Club,0,104000003,true,32.283333333332784,29.6277777777761,121.16666666666107,701.4865513015651,20,9,0,2,5,1952883556144047716
slagway,0,Line,Club,1,104007922,true,31.599999999999486,28.805555555553923,118.01666666666125,701.4865513015651,20,9,0,2,5,-2085216041881571075
slagway,0,Line,Pro,0,104000003,true,31.183333333332843,28.38888888888728,116.34999999999468,701.4865513015651,20,9,0,2,5,-6596487001261565964
slagway,0,Line,Pro,1,104007922,true,30.53333333333288,27.588888888887325,113.29999999999485,701.4865513015651,20,9,0,2,5,-8778682505407945238
slagway,0,Line,Champion,0,104000003,true,31.283333333332838,28.338888888887283,116.29999999999468,701.4865513015651,20,9,0,2,5,2487918560684240170
slagway,0,Line,Champion,1,104007922,true,30.44999999999955,27.599999999998435,113.24999999999486,701.4865513015651,20,9,0,2,5,-6309741771956354479
slagway,1,Bastion,Rookie,0,104000003,true,33.88333333333269,31.355555555553774,127.94999999999402,701.4865513015651,20,9,0,2,5,-3099926839550417764
slagway,1,Bastion,Rookie,1,104007922,true,33.7833333333327,30.077777777776067,124.01666666666091,701.4865513015651,20,9,0,2,5,-5587803241138343323
slagway,1,Bastion,Club,0,104000003,true,33.41666666666605,29.544444444442764,122.04999999999436,701.4865513015651,20,9,0,2,5,7048237166782002426
slagway,1,Bastion,Club,1,104007922,true,31.799999999999475,28.22777777777618,116.483333333328,701.4865513015651,20,9,0,2,5,8982909109478343627
slagway,1,Bastion,Pro,0,104000003,true,31.449999999999495,28.266666666665063,116.24999999999469,701.4865513015651,20,9,0,2,5,-8838923790651074091
slagway,1,Bastion,Pro,1,104007922,true,30.583333333332877,27.238888888887345,112.29999999999491,701.4865513015651,20,9,0,2,5,2494051555652108883
slagway,1,Bastion,Champion,0,104000003,true,31.633333333332818,28.205555555553957,116.24999999999469,701.4865513015651,20,9,0,2,5,-7840161126426386609
slagway,1,Bastion,Champion,1,104007922,true,30.599999999999543,27.29999999999845,112.4999999999949,701.4865513015651,20,9,0,2,5,-1493213345321397520
slagway,2,Comet,Rookie,0,104000003,true,29.09999999999963,27.02222222222069,110.1666666666617,701.4865513015651,20,9,0,2,5,6615620235298299108
slagway,2,Comet,Rookie,1,104007922,true,29.149999999999626,25.955555555554085,107.01666666666188,701.4865513015651,20,9,0,2,5,7777737575472437360
slagway,2,Comet,Club,0,104000003,true,28.033333333333022,25.8666666666652,105.63333333332862,701.4865513015651,20,9,0,2,5,-4253236137193969584
slagway,2,Comet,Club,1,104007922,true,27.399999999999725,25.14444444444302,102.83333333332878,701.4865513015651,20,9,0,2,5,187544438856027219
slagway,2,Comet,Pro,0,104000003,true,27.216666666666402,24.927777777776367,101.9999999999955,701.4865513015651,20,9,0,2,5,3208866089866929319
slagway,2,Comet,Pro,1,104007922,true,26.44999999999978,24.17777777777641,98.983333333329,701.4865513015651,20,9,0,2,5,-2485752015851080625
slagway,2,Comet,Champion,0,104000003,true,26.94999999999975,24.77222222222082,101.2666666666622,701.4865513015651,20,9,0,2,5,-697639538137835162
slagway,2,Comet,Champion,1,104007922,true,26.533333333333108,24.26666666666529,99.33333333332898,701.4865513015651,20,9,0,2,5,8417602872539840592
slagway,1,Trail,Rookie,0,104000003,true,28.616666666666323,26.583333333331826,108.3666666666618,701.4865513015651,20,9,0,2,5,3123494704030074275
slagway,1,Trail,Rookie,1,104007922,true,27.983333333333025,25.794444444442984,105.36666666666197,701.4865513015651,20,9,0,2,5,-1844730345354966570
slagway,1,Trail,Club,0,104000003,true,27.799999999999702,26.049999999998523,105.94999999999527,701.4865513015651,20,9,0,2,5,6027642187327663672
slagway,1,Trail,Club,1,104007922,true,27.716666666666374,25.466666666665223,104.11666666666204,701.4865513015651,20,9,0,2,5,-1716787263723941219
slagway,1,Trail,Pro,0,104000003,true,27.61666666666638,25.499999999998554,104.11666666666204,701.4865513015651,20,9,0,2,5,7686385081360562235
slagway,1,Trail,Pro,1,104007922,true,27.233333333333068,25.216666666665237,102.88333333332878,701.4865513015651,20,9,0,2,5,6488530760053991931
slagway,1,Trail,Champion,0,104000003,true,27.516666666666385,25.63333333333188,104.41666666666202,701.4865513015651,20,9,0,2,5,3618332528505036793
slagway,1,Trail,Champion,1,104007922,true,27.216666666666402,25.26111111110968,102.99999999999544,701.4865513015651,20,9,0,2,5,-8572454228161233300
slagway,2,Flint,Rookie,0,104000003,true,28.166666666666348,25.922222222220753,105.9333333333286,701.4865513015651,20,9,0,2,5,2378689822368970463
slagway,2,Flint,Rookie,1,104007922,true,27.633333333333045,25.649999999998546,104.58333333332868,701.4865513015651,20,9,0,2,5,-7150457386893530025
slagway,2,Flint,Club,0,104000003,true,27.06666666666641,25.422222222220782,103.33333333332875,701.4865513015651,20,9,0,2,5,390474654540370736
slagway,2,Flint,Club,1,104007922,true,26.899999999999753,24.999999999998582,101.8999999999955,701.4865513015651,20,9,0,2,5,-8288497812470930133
slagway,2,Flint,Pro,0,104000003,true,26.316666666666453,24.76111111110971,100.59999999999557,701.4865513015651,20,9,0,2,5,4343072008609265678
slagway,2,Flint,Pro,1,104007922,true,26.266666666666456,24.633333333331937,100.16666666666227,701.4865513015651,20,9,0,2,5,7885001822230739734
slagway,2,Flint,Champion,0,104000003,true,26.499999999999776,24.844444444443038,101.03333333332888,701.4865513015651,20,9,0,2,5,-5493997442279241669
slagway,2,Flint,Champion,1,104007922,true,26.266666666666456,24.627777777776384,100.1499999999956,701.4865513015651,20,9,0,2,5,-3345261115528382225
slagway,3,Quill,Rookie,0,104000003,true,27.41666666666639,25.438888888887448,103.73333333332873,701.4865513015651,20,9,0,2,5,364528688573852795
slagway,3,Quill,Rookie,1,104007922,true,26.699999999999765,24.84999999999859,101.24999999999554,701.4865513015651,20,9,0,2,5,-2982475091656359292
slagway,3,Quill,Club,0,104000003,true,26.166666666666462,24.449999999998614,99.5166666666623,701.4865513015651,20,9,0,2,5,-8064819037209152204
slagway,3,Quill,Club,1,104007922,true,26.0999999999998,24.155555555554187,98.56666666666236,701.4865513015651,20,9,0,2,5,3312981760360800763
slagway,3,Quill,Pro,0,104000003,true,25.683333333333156,23.972222222220864,97.59999999999575,701.4865513015651,20,9,0,2,5,-5377855754030400696
slagway,3,Quill,Pro,1,104007922,true,25.4666666666665,23.699999999998656,96.56666666666247,701.4865513015651,20,9,0,2,5,8266957779186752838
slagway,3,Quill,Champion,0,104000003,true,25.63333333333316,23.899999999998645,97.3333333333291,701.4865513015651,20,9,0,2,5,-6882338675756668496
slagway,3,Quill,Champion,1,104007922,true,25.43333333333317,23.733333333331988,96.63333333332913,701.4865513015651,20,9,0,2,5,550332327996460966
slagway,3,Vandal,Rookie,0,104000003,true,28.883333333332974,26.199999999998514,107.48333333332852,701.4865513015651,20,9,0,2,5,6743233229780648200
slagway,3,Vandal,Rookie,1,104007922,true,27.566666666666382,24.92222222222081,102.33333333332881,701.4865513015651,20,9,0,2,5,8896878749368425831
slagway,3,Vandal,Club,0,104000003,true,27.783333333333037,25.149999999998574,103.23333333332876,701.4865513015651,20,9,0,2,5,-8076821980539536409
slagway,3,Vandal,Club,1,104007922,true,26.749999999999762,23.98888888888753,98.71666666666235,701.4865513015651,20,9,0,2,5,-3796366820655303187
slagway,3,Vandal,Pro,0,104000003,true,26.383333333333116,23.82777777777643,97.8666666666624,701.4865513015651,20,9,0,2,5,-558176577862111767
slagway,3,Vandal,Pro,1,104007922,true,25.999999999999805,23.28888888888757,95.86666666666251,701.4865513015651,20,9,0,2,5,-7227629266574589438
slagway,3,Vandal,Champion,0,104000003,true,26.166666666666462,23.772222222220876,97.48333333332909,701.4865513015651,20,9,0,2,5,8026542436100035858
slagway,3,Vandal,Champion,1,104007922,true,25.58333333333316,23.25555555555424,95.34999999999587,701.4865513015651,20,9,0,2,5,-3357722361821715650
slagway,4,Kestrel,Rookie,0,104000003,true,25.883333333333145,23.794444444443098,97.26666666666243,701.4865513015651,20,9,0,2,5,-8162204055340859422
slagway,4,Kestrel,Rookie,1,104007922,true,25.43333333333317,23.1611111111098,94.91666666666256,701.4865513015651,20,9,0,2,5,-4338073028669088017
slagway,4,Kestrel,Club,0,104000003,true,24.399999999999896,22.961111111109812,93.28333333332932,701.4865513015651,20,9,0,2,5,4434982574965508370
slagway,4,Kestrel,Club,1,104007922,true,24.73333333333321,22.62222222222094,92.59999999999603,701.4865513015651,20,9,0,2,5,2015977388738258748
slagway,4,Kestrel,Pro,0,104000003,true,24.283333333333236,22.605555555554275,92.09999999999606,701.4865513015651,20,9,0,2,5,4029519778473668597
slagway,4,Kestrel,Pro,1,104007922,true,23.91666666666659,22.35555555555429,90.98333333332945,701.4865513015651,20,9,0,2,5,-7225012377246124485
slagway,4,Kestrel,Champion,0,104000003,true,24.18333333333324,22.566666666665387,91.8833333333294,701.4865513015651,20,9,0,2,5,1378814540507136579
slagway,4,Kestrel,Champion,1,104007922,true,23.983333333333253,22.322222222220958,90.94999999999612,701.4865513015651,20,9,0,2,5,3544486336226309184
slagway,4,Bulwark,Rookie,0,104000003,true,26.766666666666428,25.011111111109695,101.7999999999955,701.4865513015651,20,9,0,2,5,-6801797920534690872
slagway,4,Bulwark,Rookie,1,104007922,true,26.44999999999978,24.29444444444307,99.33333333332898,701.4865513015651,20,9,0,2,5,7908762970537471993
slagway,4,Bulwark,Club,0,104000003,true,26.416666666666448,24.361111111109732,99.49999999999564,701.4865513015651,20,9,0,2,5,587756876169921354
slagway,4,Bulwark,Club,1,104007922,true,25.19999999999985,23.466666666665336,95.59999999999586,701.4865513015651,20,9,0,2,5,2959321872871589796
slagway,4,Bulwark,Pro,0,104000003,true,25.183333333333184,23.283333333332013,95.03333333332922,701.4865513015651,20,9,0,2,5,388606407026503463
slagway,4,Bulwark,Pro,1,104007922,true,24.61666666666655,22.83333333333204,93.11666666666267,701.4865513015651,20,9,0,2,5,-7058113159241523725
slagway,4,Bulwark,Champion,0,104000003,true,25.099999999999856,23.272222222220904,94.91666666666256,701.4865513015651,20,9,0,2,5,969689119588418101
slagway,4,Bulwark,Champion,1,104007922,true,24.599999999999884,22.77777777777649,92.93333333332934,701.4865513015651,20,9,0,2,5,1657197003141988859
railcut,0,Needle,Rookie,0,104000003,true,38.04999999999912,35.71666666666952,145.2000000000077,856.7416199741544,28,13,0,2,5,3623075814488150369
railcut,0,Needle,Rookie,1,104007922,true,36.84999999999919,34.7555555555573,141.1166666666711,856.7416199741544,28,13,0,2,5,3028960905202927474
railcut,0,Needle,Club,0,104000003,true,36.6999999999992,34.711111111112785,140.83333333333755,856.7416199741544,28,13,0,2,5,-2867488970719300228
railcut,0,Needle,Club,1,104007922,true,35.93333333333258,34.16666666666769,138.43333333333564,856.7416199741544,28,13,0,2,5,-8373635677014470891
railcut,0,Needle,Pro,0,104000003,true,35.68333333333259,33.78888888888954,137.0500000000012,856.7416199741544,28,13,0,2,5,474184713982207477
railcut,0,Needle,Pro,1,104007922,true,35.18333333333262,33.42222222222244,135.44999999999993,856.7416199741544,28,13,0,2,5,8877617919534635810
railcut,0,Needle,Champion,0,104000003,true,35.64999999999926,33.805555555556204,137.06666666666789,856.7416199741544,28,13,0,2,5,-1107806357196191080
railcut,0,Needle,Champion,1,104007922,true,35.26666666666595,33.500000000000306,135.76666666666685,856.7416199741544,28,13,0,2,5,-3998462880353233200
railcut,0,Line,Rookie,0,104000003,true,40.34999999999899,36.92777777778225,151.13333333334575,856.7416199741544,28,13,0,2,5,8630345181883742723
railcut,0,Line,Rookie,1,104007922,true,38.666666666665755,36.01111111111438,146.70000000000888,856.7416199741544,28,13,0,2,5,9059931114429292831
railcut,0,Line,Club,0,104000003,true,38.79999999999908,35.5555555555585,145.46666666667457,856.7416199741544,28,13,0,2,5,8253672340995188599
railcut,0,Line,Club,1,104007922,true,37.533333333332486,34.62777777777962,141.41666666667135,856.7416199741544,28,13,0,2,5,-6776441210053144368
railcut,0,Line,Pro,0,104000003,true,37.2333333333325,34.09444444444578,139.51666666666983,856.7416199741544,28,13,0,2,5,-8888691978738259498
railcut,0,Line,Pro,1,104007922,true,36.34999999999922,33.505555555556164,136.86666666666773,856.7416199741544,28,13,0,2,5,-4893350355185901990
railcut,0,Line,Champion,0,104000003,true,36.93333333333252,34.08333333333457,139.18333333333624,856.7416199741544,28,13,0,2,5,4006340524967802553
railcut,0,Line,Champion,1,104007922,true,36.31666666666589,33.43888888888944,136.6333333333342,856.7416199741544,28,13,0,2,5,8665935385369070315
railcut,1,Bastion,Rookie,0,104000003,true,40.46666666666565,36.66666666667097,150.46666666667855,856.7416199741544,28,13,0,2,5,-8272036876923232448
railcut,1,Bastion,Rookie,1,104007922,true,38.83333333333241,34.89444444444687,143.51666666667302,856.7416199741544,28,13,0,2,5,8750727825463574286
railcut,1,Bastion,Club,0,104000003,true,38.4999999999991,34.68888888889106,142.56666666667226,856.7416199741544,28,13,0,2,5,8051397026128494742
railcut,1,Bastion,Club,1,104007922,true,37.34999999999916,33.73888888888997,138.56666666666908,856.7416199741544,28,13,0,2,5,-7194048206028970041
railcut,1,Bastion,Pro,0,104000003,true,36.833333333332526,33.06666666666707,136.03333333333373,856.7416199741544,28,13,0,2,5,-659513570857594511
railcut,1,Bastion,Pro,1,104007922,true,35.83333333333258,32.29999999999951,132.7333333333311,856.7416199741544,28,13,0,2,5,1084490930668622419
railcut,1,Bastion,Champion,0,104000003,true,36.73333333333253,33.1277777777782,136.11666666666713,856.7416199741544,28,13,0,2,5,2707160066599701652
railcut,1,Bastion,Champion,1,104007922,true,35.88333333333258,32.26666666666616,132.68333333333106,856.7416199741544,28,13,0,2,5,5785224743089899689
railcut,2,Comet,Rookie,0,104000003,true,34.48333333333266,32.044444444443364,130.61666666666275,856.7416199741544,28,13,0,2,5,7357782959561863237
railcut,2,Comet,Rookie,1,104007922,true,33.333333333332725,30.622222222220483,125.19999999999418,856.7416199741544,28,13,0,2,5,-184293502228161066
railcut,2,Comet,Club,0,104000003,true,33.06666666666607,30.722222222220477,125.23333333332751,856.7416199741544,28,13,0,2,5,4022528728346198159
railcut,2,Comet,Club,1,104007922,true,32.48333333333277,30.066666666664958,122.68333333332765,856.7416199741544,28,13,0,2,5,4842454954627674329
railcut,2,Comet,Pro,0,104000003,true,31.949999999999466,29.59999999999832,120.74999999999443,856.7416199741544,28,13,0,2,5,-1701126030057873282
railcut,2,Comet,Pro,1,104007922,true,31.416666666666163,28.988888888887246,118.3833333333279,856.7416199741544,28,13,0,2,5,-8168429914390379538
railcut,2,Comet,Champion,0,104000003,true,31.733333333332812,29.461111111109442,120.11666666666113,856.7416199741544,28,13,0,2,5,6987025271860087676
railcut,2,Comet,Champion,1,104007922,true,31.299999999999503,28.999999999998355,118.29999999999457,856.7416199741544,28,13,0,2,5,-5089529798098285931
railcut,1,Trail,Rookie,0,104000003,true,34.44999999999933,32.13333333333231,130.84999999999627,856.7416199741544,28,13,0,2,5,-4042691368568507352
railcut,1,Trail,Rookie,1,104007922,true,33.86666666666603,31.28888888888711,127.73333333332737,856.7416199741544,28,13,0,2,5,-5875421051893167576
railcut,1,Trail,Club,0,104000003,true,33.7333333333327,31.549999999998317,128.38333333332764,856.7416199741544,28,13,0,2,5,-4392926965922936041
railcut,1,Trail,Club,1,104007922,true,33.099999999999405,31.03333333333157,126.19999999999412,856.7416199741544,28,13,0,2,5,-804231009048956070
railcut,1,Trail,Pro,0,104000003,true,32.94999999999941,31.06111111110935,126.13333333332746,856.7416199741544,28,13,0,2,5,5019006887059950953
railcut,1,Trail,Pro,1,104007922,true,32.81666666666609,30.79999999999825,125.21666666666084,856.7416199741544,28,13,0,2,5,696894091753179943
railcut,1,Trail,Champion,0,104000003,true,33.08333333333274,31.07222222222046,126.29999999999411,856.7416199741544,28,13,0,2,5,5129305981464123440
railcut,1,Trail,Champion,1,104007922,true,32.76666666666609,30.766666666664918,125.06666666666085,856.7416199741544,28,13,0,2,5,-3365918672082579511
railcut,2,Flint,Rookie,0,104000003,true,33.249999999999396,31.588888888887094,128.01666666666068,856.7416199741544,28,13,0,2,5,5626733230057930717
railcut,2,Flint,Rookie,1,104007922,true,33.23333333333273,30.80555555555381,125.64999999999415,856.7416199741544,28,13,0,2,5,-8977016445792202849
railcut,2,Flint,Club,0,104000003,true,32.49999999999944,30.866666666664912,125.09999999999418,856.7416199741544,28,13,0,2,5,6790683616663787779
railcut,2,Flint,Club,1,104007922,true,31.999999999999464,30.377777777776057,123.13333333332763,856.7416199741544,28,13,0,2,5,-7897259705596101866
railcut,2,Flint,Pro,0,104000003,true,31.89999999999947,30.17777777777607,122.43333333332767,856.7416199741544,28,13,0,2,5,-4876030432409908825
railcut,2,Flint,Pro,1,104007922,true,31.566666666666155,29.877777777776085,121.1999999999944,856.7416199741544,28,13,0,2,5,8741828364873360129
railcut,2,Flint,Champion,0,104000003,true,31.883333333332804,30.205555555553843,122.49999999999433,856.7416199741544,28,13,0,2,5,4840504632996559362
railcut,2,Flint,Champion,1,104007922,true,31.649999999999483,29.87222222222053,121.26666666666107,856.7416199741544,28,13,0,2,5,-5758344498295466496
railcut,3,Quill,Rookie,0,104000003,true,32.24999999999945,30.422222222220494,123.51666666666094,856.7416199741544,28,13,0,2,5,6930717144528127917
railcut,3,Quill,Rookie,1,104007922,true,32.29999999999945,30.022222222220517,122.366666666661,856.7416199741544,28,13,0,2,5,-8171737993081153614
railcut,3,Quill,Club,0,104000003,true,31.166666666666178,29.649999999998318,120.11666666666113,856.7416199741544,28,13,0,2,5,-8554905096583890957
railcut,3,Quill,Club,1,104007922,true,31.31666666666617,29.54444444444277,119.94999999999447,856.7416199741544,28,13,0,2,5,1064498024051354275
railcut,3,Quill,Pro,0,104000003,true,30.7666666666662,29.027777777776134,117.8499999999946,856.7416199741544,28,13,0,2,5,-4331030225612111302
railcut,3,Quill,Pro,1,104007922,true,30.633333333332875,28.755555555553926,116.89999999999465,856.7416199741544,28,13,0,2,5,-5013469816957111694
railcut,3,Quill,Champion,0,104000003,true,30.783333333332866,29.049999999998352,117.93333333332792,856.7416199741544,28,13,0,2,5,6187885458972643663
railcut,3,Quill,Champion,1,104007922,true,30.549999999999546,28.833333333331698,117.04999999999464,856.7416199741544,28,13,0,2,5,-5014001214255284386
railcut,3,Vandal,Rookie,0,104000003,true,33.599999999999376,30.772222222220478,125.9166666666608,856.7416199741544,28,13,0,2,5,-1337688657520743868
railcut,3,Vandal,Rookie,1,104007922,true,32.549999999999436,30.216666666664953,123.19999999999429,856.7416199741544,28,13,0,2,5,-7230981615358924032
railcut,3,Vandal,Club,0,104000003,true,32.083333333332796,29.588888888887208,120.84999999999442,856.7416199741544,28,13,0,2,5,-3306132975724831472
railcut,3,Vandal,Club,1,104007922,true,31.399999999999498,28.70555555555393,117.51666666666128,856.7416199741544,28,13,0,2,5,5634484862154762596
railcut,3,Vandal,Pro,0,104000003,true,31.133333333332846,28.50555555555394,116.64999999999466,856.7416199741544,28,13,0,2,5,-8962948928287669190
railcut,3,Vandal,Pro,1,104007922,true,30.49999999999955,27.961111111109528,114.38333333332812,856.7416199741544,28,13,0,2,5,-3885654393448841257
railcut,3,Vandal,Champion,0,104000003,true,30.99999999999952,28.438888888887277,116.31666666666135,856.7416199741544,28,13,0,2,5,-4054002273651923197
railcut,3,Vandal,Champion,1,104007922,true,30.366666666666223,27.93333333333175,114.16666666666147,856.7416199741544,28,13,0,2,5,-9073891987417219160
railcut,4,Kestrel,Rookie,0,104000003,true,30.349999999999557,28.466666666665052,115.74999999999471,856.7416199741544,28,13,0,2,5,2153185199044493903
railcut,4,Kestrel,Rookie,1,104007922,true,30.399999999999554,27.91111111110953,114.13333333332814,856.7416199741544,28,13,0,2,5,-2988165601568252802
railcut,4,Kestrel,Club,0,104000003,true,29.533333333332937,27.79444444444287,112.91666666666154,856.7416199741544,28,13,0,2,5,-3666009188156069529
railcut,4,Kestrel,Club,1,104007922,true,29.416666666666277,27.727777777776208,112.59999999999489,856.7416199741544,28,13,0,2,5,2633546717488361453
railcut,4,Kestrel,Pro,0,104000003,true,29.16666666666629,27.438888888887334,111.48333333332829,856.7416199741544,28,13,0,2,5,2199279476614233055
railcut,4,Kestrel,Pro,1,104007922,true,28.89999999999964,27.088888888887354,110.1666666666617,856.7416199741544,28,13,0,2,5,-6999931146003851799
railcut,4,Kestrel,Champion,0,104000003,true,29.09999999999963,27.433333333331777,111.39999999999496,856.7416199741544,28,13,0,2,5,3693949399463857038
railcut,4,Kestrel,Champion,1,104007922,true,28.849999999999643,27.199999999998457,110.44999999999501,856.7416199741544,28,13,0,2,5,-3475472342743371017
railcut,4,Bulwark,Rookie,0,104000003,true,32.399999999999444,29.838888888887197,121.91666666666103,856.7416199741544,28,13,0,2,5,-3169359165432153392
railcut,4,Bulwark,Rookie,1,104007922,true,30.7666666666662,29.19444444444279,118.34999999999457,856.7416199741544,28,13,0,2,5,8334006967096621546
railcut,4,Bulwark,Club,0,104000003,true,30.73333333333287,28.777777777776148,117.0666666666613,856.7416199741544,28,13,0,2,5,-4899634253994741756
railcut,4,Bulwark,Club,1,104007922,true,30.09999999999957,27.95555555555397,113.96666666666148,856.7416199741544,28,13,0,2,5,5850349834854517017
railcut,4,Bulwark,Pro,0,104000003,true,29.86666666666625,27.866666666665086,113.46666666666151,856.7416199741544,28,13,0,2,5,-3991982154998136855
railcut,4,Bulwark,Pro,1,104007922,true,29.266666666666286,27.366666666665115,111.36666666666163,856.7416199741544,28,13,0,2,5,-6781298902041548799
railcut,4,Bulwark,Champion,0,104000003,true,29.899999999999583,27.96666666666508,113.79999999999482,856.7416199741544,28,13,0,2,5,-107736614035398763
railcut,4,Bulwark,Champion,1,104007922,true,29.21666666666629,27.394444444442893,111.39999999999496,856.7416199741544,28,13,0,2,5,1395360407968857685
furnace,0,Needle,Rookie,0,104000003,true,44.13333333333211,42.116666666676345,170.48333333336114,1064.4857824579803,28,9,0,2,5,-5407478636985530672
furnace,0,Needle,Rookie,1,104007922,true,43.43333333333215,41.26666666667547,167.23333333335856,1064.4857824579803,28,9,0,2,5,-7432814127276580371
furnace,0,Needle,Club,0,104000003,true,43.23333333333216,41.51666666667561,167.783333333359,1064.4857824579803,28,9,0,2,5,-7708188180864566450
furnace,0,Needle,Club,1,104007922,true,42.56666666666553,40.73888888889703,164.7833333333566,1064.4857824579803,28,9,0,2,5,2430656853903379174
furnace,0,Needle,Pro,0,104000003,true,42.56666666666553,40.78888888889707,164.93333333335673,1064.4857824579803,28,9,0,2,5,1168558496190924059
furnace,0,Needle,Pro,1,104007922,true,42.14999999999889,40.300000000007664,163.0500000000219,1064.4857824579803,28,9,0,2,5,5093608174508252217
furnace,0,Needle,Champion,0,104000003,true,42.5333333333322,40.816666666674855,164.98333333335677,1064.4857824579803,28,9,0,2,5,-3568248237171543443
furnace,0,Needle,Champion,1,104007922,true,42.11666666666556,40.455555555563336,163.48333333335557,1064.4857824579803,28,9,0,2,5,-223095090930793855
furnace,0,Line,Rookie,0,104000003,true,45.949999999998674,42.84444444445521,174.48333333336433,1064.4857824579803,28,9,0,2,5,8813804777364144855
furnace,0,Line,Rookie,1,104007922,true,44.94999999999873,41.90000000000973,170.65000000002794,1064.4857824579803,28,9,0,2,5,6012312881255343244
furnace,0,Line,Club,0,104000003,true,44.26666666666544,41.46666666667587,168.66666666669303,1064.4857824579803,28,9,0,2,5,6613111633016249296
furnace,0,Line,Club,1,104007922,true,43.43333333333215,40.46666666667483,164.83333333335665,1064.4857824579803,28,9,0,2,5,731583907252386953
furnace,0,Line,Pro,0,104000003,true,42.89999999999885,39.955555555563166,162.76666666668834,1064.4857824579803,28,9,0,2,5,-4040856253135647629
furnace,0,Line,Pro,1,104007922,true,42.26666666666555,39.37222222222919,160.3833333333531,1064.4857824579803,28,9,0,2,5,7501158596409286036
furnace,0,Line,Champion,0,104000003,true,42.866666666665516,39.96666666667428,162.76666666668834,1064.4857824579803,28,9,0,2,5,-6098238772312190670
furnace,0,Line,Champion,1,104007922,true,42.23333333333222,39.31111111111802,160.16666666668627,1064.4857824579803,28,9,0,2,5,1711928017913308382
furnace,1,Bastion,Rookie,0,104000003,true,45.43333333333204,41.622222222231876,170.30000000002767,1064.4857824579803,28,9,0,2,5,-4203572017976485309
furnace,1,Bastion,Rookie,1,104007922,true,44.44999999999876,40.0944444444526,164.73333333335657,1064.4857824579803,28,9,0,2,5,5589781119180158294
furnace,1,Bastion,Club,0,104000003,true,43.49999999999881,39.4055555555629,161.7166666666875,1064.4857824579803,28,9,0,2,5,-85194052543787867
furnace,1,Bastion,Club,1,104007922,true,42.41666666666554,38.66666666667311,158.41666666668488,1064.4857824579803,28,9,0,2,5,-8703987074349449099
furnace,1,Bastion,Pro,0,104000003,true,41.88333333333224,38.01111111111688,155.9166666666829,1064.4857824579803,28,9,0,2,5,-156719263145240635
furnace,1,Bastion,Pro,1,104007922,true,41.14999999999895,37.26111111111607,152.93333333334718,1064.4857824579803,28,9,0,2,5,3673165879909907560
furnace,1,Bastion,Champion,0,104000003,true,41.816666666665576,37.90555555556122,155.53333333334925,1064.4857824579803,28,9,0,2,5,4875322076084815037
furnace,1,Bastion,Champion,1,104007922,true,41.083333333332284,37.18888888889378,152.65000000001362,1064.4857824579803,28,9,0,2,5,-4785695693680299282
furnace,2,Comet,Rookie,0,104000003,true,39.716666666665695,37.11111111111555,151.05000000001235,1064.4857824579803,28,9,0,2,5,2910621025554025795
furnace,2,Comet,Rookie,1,104007922,true,38.21666666666578,35.72222222222513,145.38333333334117,1064.4857824579803,28,9,0,2,5,4502840613479493271
furnace,2,Comet,Club,0,104000003,true,38.09999999999912,35.65555555555838,145.06666666667425,1064.4857824579803,28,9,0,2,5,6564008687046525316
furnace,2,Comet,Club,1,104007922,true,37.01666666666585,34.80555555555739,141.43333333333803,1064.4857824579803,28,9,0,2,5,549925477438955820
furnace,2,Comet,Pro,0,104000003,true,36.78333333333253,34.44444444444593,140.1166666666703,1064.4857824579803,28,9,0,2,5,-844696645033727102
furnace,2,Comet,Pro,1,104007922,true,36.016666666665905,33.86666666666747,137.61666666666832,1064.4857824579803,28,9,0,2,5,2698325146656986800
furnace,2,Comet,Champion,0,104000003,true,36.63333333333254,34.300000000001326,139.53333333333651,1064.4857824579803,28,9,0,2,5,-581402861840686242
furnace,2,Comet,Champion,1,104007922,true,36.19999999999923,33.84444444444529,137.73333333333508,1064.4857824579803,28,9,0,2,5,8899146591607391505
furnace,1,Trail,Rookie,0,104000003,true,40.416666666665655,38.60555555556138,156.2333333333498,1064.4857824579803,28,9,0,2,5,4709283738530493233
furnace,1,Trail,Rookie,1,104007922,true,39.716666666665695,37.672222222227106,152.73333333334702,1064.4857824579803,28,9,0,2,5,-3149091677779966604
furnace,1,Trail,Club,0,104000003,true,40.033333333332344,38.04444444444972,154.1666666666815,1064.4857824579803,28,9,0,2,5,6700282186649852751
furnace,1,Trail,Club,1,104007922,true,39.58333333333237,37.63888888889371,152.5000000000135,1064.4857824579803,28,9,0,2,5,5562964003978467373
furnace,1,Trail,Pro,0,104000003,true,39.683333333332364,37.78888888889386,153.05000000001394,1064.4857824579803,28,9,0,2,5,4816451392520206148
furnace,1,Trail,Pro,1,104007922,true,39.53333333333237,37.47777777778246,151.96666666667974,1064.4857824579803,28,9,0,2,5,-4440350353407375263
furnace,1,Trail,Champion,0,104000003,true,39.76666666666569,37.80000000000501,153.1666666666807,1064.4857824579803,28,9,0,2,5,5087780183965663025
furnace,1,Trail,Champion,1,104007922,true,39.39999999999905,37.50555555556022,151.9166666666797,1064.4857824579803,28,9,0,2,5,-7777846936199731605
furnace,2,Flint,Rookie,0,104000003,true,38.94999999999907,37.20555555555985,150.56666666667863,1064.4857824579803,28,9,0,2,5,-4205390311340931721
furnace,2,Flint,Rookie,1,104007922,true,38.79999999999908,36.80555555555949,149.21666666667755,1064.4857824579803,28,9,0,2,5,4431043870663623126
furnace,2,Flint,Club,0,104000003,true,38.28333333333244,36.605555555559185,148.10000000001,1064.4857824579803,28,9,0,2,5,-518623776153471545
furnace,2,Flint,Club,1,104007922,true,38.116666666665786,36.3055555555589,147.03333333334248,1064.4857824579803,28,9,0,2,5,849218550265762298
furnace,2,Flint,Pro,0,104000003,true,37.74999999999914,36.14444444444755,146.1833333333418,1064.4857824579803,28,9,0,2,5,-7316944600473168483
furnace,2,Flint,Pro,1,104007922,true,37.649999999999146,35.90555555555844,145.3666666666745,1064.4857824579803,28,9,0,2,5,40038657641596893
furnace,2,Flint,Champion,0,104000003,true,37.83333333333247,36.13333333333646,146.23333333334185,1064.4857824579803,28,9,0,2,5,1927321968368698363
furnace,2,Flint,Champion,1,104007922,true,37.649999999999146,35.92777777778068,145.4333333333412,1064.4857824579803,28,9,0,2,5,3502498627135164719
furnace,3,Quill,Rookie,0,104000003,true,37.183333333332506,35.766666666669316,144.48333333334045,1064.4857824579803,28,9,0,2,5,2799567860950391628
furnace,3,Quill,Rookie,1,104007922,true,37.183333333332506,35.26666666666892,142.98333333333926,1064.4857824579803,28,9,0,2,5,-1293156156189848866
furnace,3,Quill,Club,0,104000003,true,36.89999999999919,35.05555555555756,142.06666666667186,1064.4857824579803,28,9,0,2,5,-8501473204872249487
furnace,3,Quill,Club,1,104007922,true,36.599999999999206,34.888888888890676,141.26666666667123,1064.4857824579803,28,9,0,2,5,-8549989806564557487
furnace,3,Quill,Pro,0,104000003,true,36.29999999999922,34.62222222222371,140.16666666667035,1064.4857824579803,28,9,0,2,5,-2938127444838553747
furnace,3,Quill,Pro,1,104007922,true,36.08333333333257,34.37777777777901,139.2166666666696,1064.4857824579803,28,9,0,2,5,-25019095681376160
furnace,3,Quill,Champion,0,104000003,true,36.366666666665886,34.66666666666821,140.3666666666705,1064.4857824579803,28,9,0,2,5,-4568331623304826005
furnace,3,Quill,Champion,1,104007922,true,36.1166666666659,34.383333333334576,139.26666666666964,1064.4857824579803,28,9,0,2,5,-6368599903044801700
furnace,3,Vandal,Rookie,0,104000003,true,37.966666666665795,35.727777777780624,145.15000000000765,1064.4857824579803,28,9,0,2,5,-1737832412440086837
furnace,3,Vandal,Rookie,1,104007922,true,37.11666666666584,34.83888888889078,141.6333333333382,1064.4857824579803,28,9,0,2,5,1664045500476356544
furnace,3,Vandal,Club,0,104000003,true,37.19999999999917,34.22777777777921,139.8833333333368,1064.4857824579803,28,9,0,2,5,5356159713964354773
furnace,3,Vandal,Club,1,104007922,true,36.216666666665894,33.53333333333393,136.8166666666677,1064.4857824579803,28,9,0,2,5,-6578148753653727046
furnace,3,Vandal,Pro,0,104000003,true,35.83333333333258,33.19444444444466,135.41666666666657,1064.4857824579803,28,9,0,2,5,4130203475662489506
furnace,3,Vandal,Pro,1,104007922,true,35.14999999999929,32.58333333333287,132.8999999999979,1064.4857824579803,28,9,0,2,5,-4948644567242575994
furnace,3,Vandal,Champion,0,104000003,true,35.81666666666592,33.272222222222496,135.6333333333334,1064.4857824579803,28,9,0,2,5,-4633448491070988467
furnace,3,Vandal,Champion,1,104007922,true,35.23333333333262,32.683333333332975,133.28333333333154,1064.4857824579803,28,9,0,2,5,1833817447701055871
furnace,4,Kestrel,Rookie,0,104000003,true,35.59999999999926,33.48333333333372,136.0500000000004,1064.4857824579803,28,9,0,2,5,8872999755115775434
furnace,4,Kestrel,Rookie,1,104007922,true,35.049999999999294,33.438888888889075,135.36666666666653,1064.4857824579803,28,9,0,2,5,-8632593505176401056
furnace,4,Kestrel,Club,0,104000003,true,34.966666666665965,33.03333333333318,134.0666666666655,1064.4857824579803,28,9,0,2,5,4461634550742450394
furnace,4,Kestrel,Club,1,104007922,true,34.48333333333266,32.82777777777732,132.96666666666462,1064.4857824579803,28,9,0,2,5,7221191397164477560
furnace,4,Kestrel,Pro,0,104000003,true,34.366666666666,32.67222222222161,132.38333333333082,1064.4857824579803,28,9,0,2,5,5642179920444361494
furnace,4,Kestrel,Pro,1,104007922,true,34.149999999999345,32.44444444444358,131.4833333333301,1064.4857824579803,28,9,0,2,5,8413919088347094451
furnace,4,Kestrel,Champion,0,104000003,true,34.366666666666,32.69999999999941,132.46666666666422,1064.4857824579803,28,9,0,2,5,-6483171094185171704
furnace,4,Kestrel,Champion,1,104007922,true,34.09999999999935,32.494444444443616,131.5833333333302,1064.4857824579803,28,9,0,2,5,-582806078551326797
furnace,4,Bulwark,Rookie,0,104000003,true,37.2833333333325,34.54444444444615,140.91666666667095,1064.4857824579803,28,9,0,2,5,-7030369265051741293
furnace,4,Bulwark,Rookie,1,104007922,true,35.633333333332594,33.300000000000246,135.53333333333333,1064.4857824579803,28,9,0,2,5,4223350125756747062
furnace,4,Bulwark,Club,0,104000003,true,35.59999999999926,33.6111111111116,136.43333333333405,1064.4857824579803,28,9,0,2,5,-6698670182588460604
furnace,4,Bulwark,Club,1,104007922,true,35.06666666666596,33.11666666666661,134.41666666666578,1064.4857824579803,28,9,0,2,5,-4674219087612875853
furnace,4,Bulwark,Pro,0,104000003,true,34.76666666666598,32.61111111111057,132.59999999999766,1064.4857824579803,28,9,0,2,5,4691358057029847183
furnace,4,Bulwark,Pro,1,104007922,true,34.11666666666601,32.1222222222211,130.4833333333293,1064.4857824579803,28,9,0,2,5,4474665129448106452
furnace,4,Bulwark,Champion,0,104000003,true,34.59999999999932,32.7111111111106,132.7333333333311,1064.4857824579803,28,9,0,2,5,-2507304917526168479
furnace,4,Bulwark,Champion,1,104007922,true,34.04999999999935,32.233333333332276,130.7499999999962,1064.4857824579803,28,9,0,2,5,-2695621066697447396
crown,0,Needle,Rookie,0,104000003,true,44.349999999998765,42.43333333334332,171.65000000002874,1087.0527634660389,24,17,0,2,5,-4161157174809398903
crown,0,Needle,Rookie,1,104007922,true,43.39999999999882,41.38888888889778,167.56666666669216,1087.0527634660389,24,17,0,2,5,-8855615508988901040
crown,0,Needle,Club,0,104000003,true,43.58333333333214,41.62777777778691,168.46666666669287,1087.0527634660389,24,17,0,2,5,-9207046909675317779
crown,0,Needle,Club,1,104007922,true,42.749999999998856,40.94444444445279,165.58333333335725,1087.0527634660389,24,17,0,2,5,567824868338651406
crown,0,Needle,Pro,0,104000003,true,43.01666666666551,41.30000000000871,166.91666666669164,1087.0527634660389,24,17,0,2,5,-3595387061764365850
crown,0,Needle,Pro,1,104007922,true,42.66666666666553,40.8722222222305,165.283333333357,1087.0527634660389,24,17,0,2,5,6364403217567010738
crown,0,Needle,Champion,0,104000003,true,43.1166666666655,41.3888888888977,167.2833333333586,1087.0527634660389,24,17,0,2,5,7654849355800284632
crown,0,Needle,Champion,1,104007922,true,42.68333333333219,41.00555555556394,165.700000000024,1087.0527634660389,24,17,0,2,5,-2525046463249509985
crown,0,Line,Rookie,0,104000003,true,45.84999999999868,42.977777777788624,174.78333333336457,1087.0527634660389,24,17,0,2,5,7712719110228544279
crown,0,Line,Rookie,1,104007922,true,45.133333333332054,41.65555555556515,170.1000000000275,1087.0527634660389,24,17,0,2,5,1857238946235239623
crown,0,Line,Club,0,104000003,true,44.21666666666544,41.19444444445341,167.80000000002568,1087.0527634660389,24,17,0,2,5,7986500377046929324
crown,0,Line,Club,1,104007922,true,43.46666666666548,40.52777777778601,165.0500000000235,1087.0527634660389,24,17,0,2,5,-3910368540351806803
crown,0,Line,Pro,0,104000003,true,43.099999999998836,40.07222222222998,163.31666666668877,1087.0527634660389,24,17,0,2,5,519093200430389841
crown,0,Line,Pro,1,104007922,true,42.29999999999888,39.47222222222928,160.7166666666867,1087.0527634660389,24,17,0,2,5,-6683586968939019804
crown,0,Line,Champion,0,104000003,true,42.89999999999885,40.005555555563205,162.91666666668846,1087.0527634660389,24,17,0,2,5,3813438077938645599
crown,0,Line,Champion,1,104007922,true,42.283333333332216,39.33333333334027,160.28333333335303,1087.0527634660389,24,17,0,2,5,535613325843023002
crown,1,Bastion,Rookie,0,104000003,true,45.58333333333203,41.75555555556536,170.8500000000281,1087.0527634660389,24,17,0,2,5,59893011744194560
crown,1,Bastion,Rookie,1,104007922,true,44.16666666666544,40.388888888897206,165.33333333335705,1087.0527634660389,24,17,0,2,5,3358029650734483581
crown,1,Bastion,Club,0,104000003,true,43.71666666666547,39.811111111118834,163.15000000002198,1087.0527634660389,24,17,0,2,5,-1461652124836259285
crown,1,Bastion,Club,1,104007922,true,42.483333333332205,38.53333333333969,158.08333333335128,1087.0527634660389,24,17,0,2,5,-5296409066074746769
crown,1,Bastion,Pro,0,104000003,true,41.933333333332236,38.166666666672576,156.43333333334996,1087.0527634660389,24,17,0,2,5,-1019183837538100568
crown,1,Bastion,Pro,1,104007922,true,41.28333333333227,37.516666666671874,153.8333333333479,1087.0527634660389,24,17,0,2,5,2000597165923041157
crown,1,Bastion,Champion,0,104000003,true,41.933333333332236,38.172222222228136,156.45000000001664,1087.0527634660389,24,17,0,2,5,-8832298702639275442
crown,1,Bastion,Champion,1,104007922,true,41.09999999999895,37.294444444449425,152.98333333334722,1087.0527634660389,24,17,0,2,5,-3130756408127174954
crown,2,Comet,Rookie,0,104000003,true,39.41666666666571,36.811111111115224,149.8500000000114,1087.0527634660389,24,17,0,2,5,-3468259622354937385
crown,2,Comet,Rookie,1,104007922,true,38.3999999999991,35.905555555558664,146.1166666666751,1087.0527634660389,24,17,0,2,5,1790855578341294631
crown,2,Comet,Club,0,104000003,true,37.93333333333246,35.40000000000257,144.13333333334018,1087.0527634660389,24,17,0,2,5,140196806066586368
crown,2,Comet,Club,1,104007922,true,37.34999999999916,34.80555555555748,141.76666666667163,1087.0527634660389,24,17,0,2,5,-4280425680825854253
crown,2,Comet,Pro,0,104000003,true,37.01666666666585,34.55000000000163,140.66666666667075,1087.0527634660389,24,17,0,2,5,2510993715757548054
crown,2,Comet,Pro,1,104007922,true,36.18333333333256,34.050000000001,138.33333333333556,1087.0527634660389,24,17,0,2,5,759060930983567830
crown,2,Comet,Champion,0,104000003,true,36.73333333333253,34.47777777777927,140.16666666667035,1087.0527634660389,24,17,0,2,5,5023858346141289748
crown,2,Comet,Champion,1,104007922,true,36.29999999999922,34.061111111112155,138.48333333333568,1087.0527634660389,24,17,0,2,5,-1997708410374790752
crown,1,Trail,Rookie,0,104000003,true,40.966666666665624,38.688888888894944,157.03333333335044,1087.0527634660389,24,17,0,2,5,4759001690536581258
crown,1,Trail,Rookie,1,104007922,true,40.33333333333233,38.2388888888944,155.05000000001553,1087.0527634660389,24,17,0,2,5,5543043795521348619
crown,1,Trail,Club,0,104000003,true,40.56666666666565,38.52777777778359,156.1500000000164,1087.0527634660389,24,17,0,2,5,2862794066614270524
crown,1,Trail,Club,1,104007922,true,40.066666666665675,38.06111111111641,154.2500000000149,1087.0527634660389,24,17,0,2,5,7598441619217461518
crown,1,Trail,Pro,0,104000003,true,40.383333333332324,38.416666666672334,155.63333333334933,1087.0527634660389,24,17,0,2,5,-2440067185004680744
crown,1,Trail,Pro,1,104007922,true,40.066666666665675,38.00000000000525,154.0666666666814,1087.0527634660389,24,17,0,2,5,739661936012202194
crown,1,Trail,Champion,0,104000003,true,40.416666666665655,38.48333333333906,155.86666666668285,1087.0527634660389,24,17,0,2,5,-6608122396775878096
crown,1,Trail,Champion,1,104007922,true,40.033333333332344,38.072222222227516,154.2500000000149,1087.0527634660389,24,17,0,2,5,5436255354183669361
crown,2,Flint,Rookie,0,104000003,true,39.29999999999905,37.31666666667115,151.2500000000125,1087.0527634660389,24,17,0,2,5,-3812871656472037647
crown,2,Flint,Rookie,1,104007922,true,38.94999999999907,36.97222222222633,149.86666666667807,1087.0527634660389,24,17,0,2,5,1419823214476870876
crown,2,Flint,Club,0,104000003,true,38.36666666666577,36.66666666667037,148.36666666667688,1087.0527634660389,24,17,0,2,5,-3021682402066658752
crown,2,Flint,Club,1,104007922,true,38.349999999999106,36.3833333333368,147.50000000000952,1087.0527634660389,24,17,0,2,5,6802772777745638815
crown,2,Flint,Pro,0,104000003,true,38.04999999999912,36.394444444447835,147.23333333334264,1087.0527634660389,24,17,0,2,5,1425803874859851134
crown,2,Flint,Pro,1,104007922,true,37.78333333333247,36.144444444447565,146.21666666667517,1087.0527634660389,24,17,0,2,5,-6557513245915916790
crown,2,Flint,Champion,0,104000003,true,38.14999999999912,36.39444444444786,147.33333333334272,1087.0527634660389,24,17,0,2,5,-4163076864773419566
crown,2,Flint,Champion,1,104007922,true,37.8666666666658,36.22777777778099,146.55000000000877,1087.0527634660389,24,17,0,2,5,1839940994730330051
crown,3,Quill,Rookie,0,104000003,true,37.79999999999914,35.89444444444737,145.48333333334125,1087.0527634660389,24,17,0,2,5,349062100643675158
crown,3,Quill,Rookie,1,104007922,true,37.51666666666582,35.42222222222469,143.7833333333399,1087.0527634660389,24,17,0,2,5,-8490757433686368078
crown,3,Quill,Club,0,104000003,true,37.08333333333251,35.12777777777989,142.46666666667218,1087.0527634660389,24,17,0,2,5,-3747680927698715618
crown,3,Quill,Club,1,104007922,true,36.7499999999992,34.92777777777963,141.5333333333381,1087.0527634660389,24,17,0,2,5,-7689504193147999905
crown,3,Quill,Pro,0,104000003,true,36.51666666666588,34.83333333333505,141.01666666667103,1087.0527634660389,24,17,0,2,5,6161436797975335999
crown,3,Quill,Pro,1,104007922,true,36.29999999999922,34.52777777777919,139.8833333333368,1087.0527634660389,24,17,0,2,5,-5937953377066201554
crown,3,Quill,Champion,0,104000003,true,36.566666666665874,34.85000000000175,141.1166666666711,1087.0527634660389,24,17,0,2,5,797461116326815646
crown,3,Quill,Champion,1,104007922,true,36.26666666666589,34.600000000001465,140.06666666667027,1087.0527634660389,24,17,0,2,5,4347199410973653690
crown,3,Vandal,Rookie,0,104000003,true,38.61666666666576,35.66666666666964,145.6166666666747,1087.0527634660389,24,17,0,2,5,-879796351756532496
crown,3,Vandal,Rookie,1,104007922,true,38.01666666666579,34.800000000002115,142.41666666667214,1087.0527634660389,24,17,0,2,5,-8181561385072137985
crown,3,Vandal,Club,0,104000003,true,36.96666666666585,34.472222222223785,140.3833333333372,1087.0527634660389,24,17,0,2,5,8803959462177158701
crown,3,Vandal,Club,1,104007922,true,36.39999999999922,33.827777777778664,137.8833333333352,1087.0527634660389,24,17,0,2,5,2464673120180258831
crown,3,Vandal,Pro,0,104000003,true,36.0666666666659,33.338888888889294,136.08333333333377,1087.0527634660389,24,17,0,2,5,-226533401968529818
crown,3,Vandal,Pro,1,104007922,true,35.24999999999928,32.744444444444134,133.4833333333317,1087.0527634660389,24,17,0,2,5,-3819943372893518290
crown,3,Vandal,Champion,0,104000003,true,35.983333333332574,33.327777777778145,135.966666666667,1087.0527634660389,24,17,0,2,5,-8401164895716243892
crown,3,Vandal,Champion,1,104007922,true,35.24999999999928,32.716666666666335,133.3999999999983,1087.0527634660389,24,17,0,2,5,-6162953615980085128
crown,4,Kestrel,Rookie,0,104000003,true,35.79999999999925,33.605555555556094,136.61666666666753,1087.0527634660389,24,17,0,2,5,408624722128928571
crown,4,Kestrel,Rookie,1,104007922,true,35.38333333333261,33.372222222222454,135.49999999999997,1087.0527634660389,24,17,0,2,5,-1654223062745951855
crown,4,Kestrel,Club,0,104000003,true,35.06666666666596,33.21111111111113,134.69999999999933,1087.0527634660389,24,17,0,2,5,4804293936199323809
crown,4,Kestrel,Club,1,104007922,true,34.9999999999993,33.02222222222207,134.0666666666655,1087.0527634660389,24,17,0,2,5,1168852767546461413
crown,4,Kestrel,Pro,0,104000003,true,34.64999999999932,33.02777777777752,133.7333333333319,1087.0527634660389,24,17,0,2,5,-4977279454117045968
crown,4,Kestrel,Pro,1,104007922,true,34.44999999999933,32.68888888888831,132.51666666666426,1087.0527634660389,24,17,0,2,5,-3129929033002390740
crown,4,Kestrel,Champion,0,104000003,true,34.71666666666598,33.055555555555344,133.88333333333202,1087.0527634660389,24,17,0,2,5,-3195175273088412771
crown,4,Kestrel,Champion,1,104007922,true,34.44999999999933,32.77222222222171,132.76666666666446,1087.0527634660389,24,17,0,2,5,6278537466038680624
crown,4,Bulwark,Rookie,0,104000003,true,37.36666666666583,34.6388888888907,141.2833333333379,1087.0527634660389,24,17,0,2,5,1756786947722794043
crown,4,Bulwark,Rookie,1,104007922,true,35.71666666666592,33.544444444444906,136.35000000000065,1087.0527634660389,24,17,0,2,5,5331856075280814625
crown,4,Bulwark,Club,0,104000003,true,35.84999999999925,33.8277777777785,137.33333333333476,1087.0527634660389,24,17,0,2,5,3601150347198357722
crown,4,Bulwark,Club,1,104007922,true,35.11666666666596,32.87777777777754,133.74999999999858,1087.0527634660389,24,17,0,2,5,3912140528091767634
crown,4,Bulwark,Pro,0,104000003,true,34.816666666665974,32.90555555555525,133.53333333333174,1087.0527634660389,24,17,0,2,5,-2686162792979629124
crown,4,Bulwark,Pro,1,104007922,true,34.19999999999934,32.333333333332405,131.19999999999655,1087.0527634660389,24,17,0,2,5,-4045537464111188375
crown,4,Bulwark,Champion,0,104000003,true,34.91666666666597,32.89999999999972,133.61666666666514,1087.0527634660389,24,17,0,2,5,-1416240320295803325
crown,4,Bulwark,Champion,1,104007922,true,34.266666666666005,32.355555555554666,131.33333333333,1087.0527634660389,24,17,0,2,5,4474944162117369719
scree,0,Needle,Rookie,0,104000003,true,29.783333333332923,27.738888888887317,112.99999999999487,602.5285425288678,18,12,4,2,5,4197189566656637290
scree,0,Needle,Rookie,1,104007922,true,28.78333333333298,26.572222222220717,108.49999999999513,602.5285425288678,18,12,4,2,5,1805538645790214527
scree,0,Needle,Club,0,104000003,true,28.08333333333302,26.4499999999985,107.43333333332852,602.5285425288678,18,12,4,2,5,220145268199888233
scree,0,Needle,Club,1,104007922,true,27.666666666666377,25.71666666666521,104.816666666662,602.5285425288678,18,12,4,2,5,-147745762930957084
scree,0,Needle,Pro,0,104000003,true,27.333333333333062,25.594444444442995,104.11666666666204,602.5285425288678,18,12,4,2,5,-2999261391880095746
scree,0,Needle,Pro,1,104007922,true,26.933333333333085,25.188888888887462,102.49999999999547,602.5285425288678,18,12,4,2,5,-7410316486864214428
scree,0,Needle,Champion,0,104000003,true,27.249999999999734,25.561111111109664,103.93333333332872,602.5285425288678,18,12,4,2,5,-6224298780036308692
scree,0,Needle,Champion,1,104007922,true,26.849999999999756,25.19444444444302,102.4333333333288,602.5285425288678,18,12,4,2,5,4380452878735475950
scree,0,Line,Rookie,0,104000003,true,32.84999999999942,29.738888888887203,122.06666666666102,602.5285425288678,18,12,4,2,5,-932581872991186715
scree,0,Line,Rookie,1,104007922,true,31.866666666666138,28.69444444444282,117.94999999999459,602.5285425288678,18,12,4,2,5,3391779868439500928
scree,0,Line,Club,0,104000003,true,30.933333333332858,28.033333333331743,115.03333333332809,602.5285425288678,18,12,4,2,5,1952632372724612437
scree,0,Line,Club,1,104007922,true,30.233333333332897,27.227777777776236,111.9166666666616,602.5285425288678,18,12,4,2,5,4899531026967735967
scree,0,Line,Pro,0,104000003,true,29.71666666666626,26.727777777776264,109.89999999999505,602.5285425288678,18,12,4,2,5,1719214711010577070
scree,0,Line,Pro,1,104007922,true,28.81666666666631,25.905555555554088,106.53333333332857,602.5285425288678,18,12,4,2,5,-7377214572621322999
scree,0,Line,Champion,0,104000003,true,29.466666666666274,26.538888888887385,109.08333333332843,602.5285425288678,18,12,4,2,5,-2471967544055785842
scree,0,Line,Champion,1,104007922,true,28.949999999999637,26.06666666666519,107.1499999999952,602.5285425288678,18,12,4,2,5,-266778013367006947
scree,1,Bastion,Rookie,0,104000003,true,33.449999999999385,30.305555555553838,124.36666666666089,602.5285425288678,18,12,4,2,5,6771120556563215953
scree,1,Bastion,Rookie,1,104007922,true,31.866666666666138,29.52222222222055,120.43333333332778,602.5285425288678,18,12,4,2,5,-4899617926911488295
scree,1,Bastion,Club,0,104000003,true,31.89999999999947,28.82222222222059,118.36666666666123,602.5285425288678,18,12,4,2,5,-1467807307364019129
scree,1,Bastion,Club,1,104007922,true,30.916666666666192,27.80555555555398,114.33333333332813,602.5285425288678,18,12,4,2,5,-1703201765823342080
scree,1,Bastion,Pro,0,104000003,true,30.316666666666226,27.2444444444429,112.04999999999492,602.5285425288678,18,12,4,2,5,-1119597027003397662
scree,1,Bastion,Pro,1,104007922,true,29.666666666666263,26.355555555554062,108.73333333332845,602.5285425288678,18,12,4,2,5,8057562876717152317
scree,1,Bastion,Champion,0,104000003,true,30.199999999999566,27.22222222222068,111.8666666666616,602.5285425288678,18,12,4,2,5,-7570175741360055330
scree,1,Bastion,Champion,1,104007922,true,29.316666666666283,26.40555555555406,108.53333333332846,602.5285425288678,18,12,4,2,5,-3490465053457564201
scree,2,Comet,Rookie,0,104000003,true,29.733333333332926,27.283333333331786,111.58333333332828,602.5285425288678,18,12,4,2,5,2500102794374001520
scree,2,Comet,Rookie,1,104007922,true,28.31666666666634,26.049999999998523,106.46666666666191,602.5285425288678,18,12,4,2,5,-6722702780660054864
scree,2,Comet,Club,0,104000003,true,27.73333333333304,25.69444444444299,104.816666666662,602.5285425288678,18,12,4,2,5,4105713255783461125
scree,2,Comet,Club,1,104007922,true,26.783333333333093,24.783333333331928,101.13333333332888,602.5285425288678,18,12,4,2,5,-2607721848678489738
scree,2,Comet,Pro,0,104000003,true,26.48333333333311,24.377777777776398,99.6166666666623,602.5285425288678,18,12,4,2,5,-7103084632833310126
scree,2,Comet,Pro,1,104007922,true,25.66666666666649,23.794444444443098,97.04999999999578,602.5285425288678,18,12,4,2,5,-5882364931170533579
scree,2,Comet,Champion,0,104000003,true,26.24999999999979,24.194444444443075,98.83333333332901,602.5285425288678,18,12,4,2,5,-2400169636859877558
scree,2,Comet,Champion,1,104007922,true,25.883333333333145,23.733333333331988,97.08333333332911,602.5285425288678,18,12,4,2,5,3438857938969034190
scree,1,Trail,Rookie,0,104000003,true,26.499999999999776,24.477777777776392,99.93333333332895,602.5285425288678,18,12,4,2,5,6604728496126243592
scree,1,Trail,Rookie,1,104007922,true,25.566666666666496,23.59444444444311,96.34999999999582,602.5285425288678,18,12,4,2,5,8429429802254106605
scree,1,Trail,Club,0,104000003,true,25.54999999999983,23.48888888888756,96.0166666666625,602.5285425288678,18,12,4,2,5,3551232306489984612
scree,1,Trail,Club,1,104007922,true,24.799999999999873,22.638888888887607,92.71666666666269,602.5285425288678,18,12,4,2,5,-267441451494633839
scree,1,Trail,Pro,0,104000003,true,24.749999999999876,22.888888888887593,93.41666666666265,602.5285425288678,18,12,4,2,5,-2953083914439129431
scree,1,Trail,Pro,1,104007922,true,24.23333333333324,22.255555555554295,90.99999999999612,602.5285425288678,18,12,4,2,5,-6670540395016555539
scree,1,Trail,Champion,0,104000003,true,24.81666666666654,22.883333333332036,93.46666666666265,602.5285425288678,18,12,4,2,5,510756617980877059
scree,1,Trail,Champion,1,104007922,true,24.316666666666567,22.333333333332067,91.31666666666277,602.5285425288678,18,12,4,2,5,-6498552597384843936
scree,2,Flint,Rookie,0,104000003,true,26.266666666666456,24.49999999999861,99.76666666666229,602.5285425288678,18,12,4,2,5,4415607515061611412
scree,2,Flint,Rookie,1,104007922,true,25.08333333333319,23.494444444443115,95.56666666666253,602.5285425288678,18,12,4,2,5,324429776800379434
scree,2,Flint,Club,0,104000003,true,25.216666666666516,23.516666666665333,95.76666666666252,602.5285425288678,18,12,4,2,5,-7109299217282270163
scree,2,Flint,Club,1,104007922,true,24.449999999999893,22.688888888887604,92.5166666666627,602.5285425288678,18,12,4,2,5,-4707765709312020947
scree,2,Flint,Pro,0,104000003,true,24.399999999999896,22.744444444443157,92.63333333332936,602.5285425288678,18,12,4,2,5,7916128790385561608
scree,2,Flint,Pro,1,104007922,true,23.79999999999993,22.211111111109854,90.43333333332949,602.5285425288678,18,12,4,2,5,3552833012036768982
scree,2,Flint,Champion,0,104000003,true,24.433333333333227,22.766666666665376,92.73333333332936,602.5285425288678,18,12,4,2,5,-7123875014117717792
scree,2,Flint,Champion,1,104007922,true,23.88333333333326,22.288888888887627,90.74999999999613,602.5285425288678,18,12,4,2,5,-7429992650118010795
scree,3,Quill,Rookie,0,104000003,true,25.81666666666648,24.07222222222086,98.03333333332905,602.5285425288678,18,12,4,2,5,-6954249868676359993
scree,3,Quill,Rookie,1,104007922,true,24.983333333333196,22.944444444443146,93.81666666666263,602.5285425288678,18,12,4,2,5,-5698067789976329898
scree,3,Quill,Club,0,104000003,true,24.549999999999887,22.72777777777649,92.73333333332936,602.5285425288678,18,12,4,2,5,-2922888585923074374
scree,3,Quill,Club,1,104007922,true,23.94999999999992,21.988888888887644,89.91666666666285,602.5285425288678,18,12,4,2,5,5431857397384473730
scree,3,Quill,Pro,0,104000003,true,23.549999999999944,21.827777777776543,89.03333333332957,602.5285425288678,18,12,4,2,5,-575917260889573401
scree,3,Quill,Pro,1,104007922,true,23.24999999999996,21.516666666665447,87.7999999999963,602.5285425288678,18,12,4,2,5,3011798694737230238
scree,3,Quill,Champion,0,104000003,true,23.516666666666612,21.93333333333209,89.31666666666288,602.5285425288678,18,12,4,2,5,2058112081429737803
scree,3,Quill,Champion,1,104007922,true,23.21666666666663,21.61111111110989,88.04999999999629,602.5285425288678,18,12,4,2,5,5916525921176976132
scree,3,Vandal,Rookie,0,104000003,true,27.8499999999997,25.74999999999854,105.09999999999532,602.5285425288678,18,12,4,2,5,-884709815537094026
scree,3,Vandal,Rookie,1,104007922,true,26.733333333333096,24.38333333333195,99.88333333332895,602.5285425288678,18,12,4,2,5,8327733423752323469
scree,3,Vandal,Club,0,104000003,true,26.316666666666453,24.07222222222086,98.53333333332903,602.5285425288678,18,12,4,2,5,-8144255598960316504
scree,3,Vandal,Club,1,104007922,true,25.999999999999805,23.377777777776455,96.13333333332916,602.5285425288678,18,12,4,2,5,150879747918254255
scree,3,Vandal,Pro,0,104000003,true,25.31666666666651,22.97222222222092,94.23333333332927,602.5285425288678,18,12,4,2,5,5640084880389579723
scree,3,Vandal,Pro,1,104007922,true,24.716666666666544,22.305555555554292,91.63333333332942,602.5285425288678,18,12,4,2,5,4050130632854572081
scree,3,Vandal,Champion,0,104000003,true,25.133333333333187,22.955555555554255,93.99999999999595,602.5285425288678,18,12,4,2,5,3599306283135080217
scree,3,Vandal,Champion,1,104007922,true,24.549999999999887,22.333333333332067,91.54999999999609,602.5285425288678,18,12,4,2,5,-2226381940609322069
scree,4,Kestrel,Rookie,0,104000003,true,23.766666666666598,21.972222222220978,89.68333333332953,602.5285425288678,18,12,4,2,5,2302388934291294196
scree,4,Kestrel,Rookie,1,104007922,true,23.033333333333307,21.1999999999988,86.6333333333297,602.5285425288678,18,12,4,2,5,2442910769423841140
scree,4,Kestrel,Club,0,104000003,true,22.799999999999986,21.127777777776583,86.18333333332973,602.5285425288678,18,12,4,2,5,5452381223786211222
scree,4,Kestrel,Club,1,104007922,true,22.28333333333335,20.611111111109945,84.11666666666318,602.5285425288678,18,12,4,2,5,-1264721369900069256
scree,4,Kestrel,Pro,0,104000003,true,22.233333333333352,20.494444444443285,83.7166666666632,602.5285425288678,18,12,4,2,5,3621999383117794338
scree,4,Kestrel,Pro,1,104007922,true,21.683333333333383,20.12777777777664,82.0666666666633,602.5285425288678,18,12,4,2,5,455666512861366425
scree,4,Kestrel,Champion,0,104000003,true,22.150000000000023,20.48888888888773,83.6166666666632,602.5285425288678,18,12,4,2,5,-3568686859288281829
scree,4,Kestrel,Champion,1,104007922,true,21.783333333333378,20.144444444443305,82.21666666666329,602.5285425288678,18,12,4,2,5,-4896736474440752859
scree,4,Bulwark,Rookie,0,104000003,true,26.649999999999768,25.116666666665243,101.9999999999955,602.5285425288678,18,12,4,2,5,-443846967489580035
scree,4,Bulwark,Rookie,1,104007922,true,25.849999999999813,23.738888888887544,97.06666666666244,602.5285425288678,18,12,4,2,5,3716540840459174391
scree,4,Bulwark,Club,0,104000003,true,25.183333333333184,23.455555555554227,95.54999999999586,602.5285425288678,18,12,4,2,5,-382578966099928465
scree,4,Bulwark,Club,1,104007922,true,24.599999999999884,22.422222222220952,91.86666666666274,602.5285425288678,18,12,4,2,5,8767650653016827804
scree,4,Bulwark,Pro,0,104000003,true,24.14999999999991,22.499999999998725,91.64999999999608,602.5285425288678,18,12,4,2,5,-8810817375818908756
scree,4,Bulwark,Pro,1,104007922,true,23.59999999999994,21.861111111109874,89.18333333332956,602.5285425288678,18,12,4,2,5,-830747085008417803
scree,4,Bulwark,Champion,0,104000003,true,24.18333333333324,22.411111111109843,91.41666666666276,602.5285425288678,18,12,4,2,5,-3598330008480461777
scree,4,Bulwark,Champion,1,104007922,true,23.649999999999938,21.883333333332093,89.29999999999622,602.5285425288678,18,12,4,2,5,460281691260819507
ballast,0,Needle,Rookie,0,104000003,true,36.716666666665866,34.961111111112984,141.60000000000483,805.6312545312903,20,13,4,2,5,-1725603842511168527
ballast,0,Needle,Rookie,1,104007922,true,35.666666666665925,33.63888888888942,136.58333333333417,805.6312545312903,20,13,4,2,5,9210146133996963385
ballast,0,Needle,Club,0,104000003,true,35.399999999999274,33.51666666666702,135.95000000000033,805.6312545312903,20,13,4,2,5,6121095801345489994
ballast,0,Needle,Club,1,104007922,true,34.616666666665985,32.67222222222168,132.63333333333102,805.6312545312903,20,13,4,2,5,2715681899952193600
ballast,0,Needle,Pro,0,104000003,true,34.28333333333267,32.433333333332506,131.5833333333302,805.6312545312903,20,13,4,2,5,-579231624667268737
ballast,0,Needle,Pro,1,104007922,true,33.93333333333269,32.04444444444321,130.06666666666231,805.6312545312903,20,13,4,2,5,-8575931187260918021
ballast,0,Needle,Champion,0,104000003,true,34.19999999999934,32.499999999999204,131.69999999999695,805.6312545312903,20,13,4,2,5,6032757808017496479
ballast,0,Needle,Champion,1,104007922,true,33.86666666666603,32.09444444444323,130.1499999999957,805.6312545312903,20,13,4,2,5,969123439020778602
ballast,0,Line,Rookie,0,104000003,true,40.01666666666568,36.933333333337714,150.81666666667883,805.6312545312903,20,13,4,2,5,7329594379293961196
ballast,0,Line,Rookie,1,104007922,true,38.74999999999908,35.511111111114,145.2833333333411,805.6312545312903,20,13,4,2,5,1142135265362994076
ballast,0,Line,Club,0,104000003,true,38.33333333333244,35.066666666669086,143.5333333333397,805.6312545312903,20,13,4,2,5,2373707426406967886
ballast,0,Line,Club,1,104007922,true,37.033333333332514,34.11666666666796,139.3833333333364,805.6312545312903,20,13,4,2,5,-8350454503298031232
ballast,0,Line,Pro,0,104000003,true,36.54999999999921,33.61111111111186,137.3833333333348,805.6312545312903,20,13,4,2,5,7390713198474570404
ballast,0,Line,Pro,1,104007922,true,35.61666666666593,32.67222222222196,133.63333333333182,805.6312545312903,20,13,4,2,5,7088215663046922267
ballast,0,Line,Champion,0,104000003,true,36.29999999999922,33.43333333333388,136.60000000000085,805.6312545312903,20,13,4,2,5,1870504972387353518
ballast,0,Line,Champion,1,104007922,true,35.5833333333326,32.627777777777474,133.46666666666502,805.6312545312903,20,13,4,2,5,44954590557397610
ballast,1,Bastion,Rookie,0,104000003,true,40.48333333333232,36.87222222222669,151.1000000000124,805.6312545312903,20,13,4,2,5,6079779980705132864
ballast,1,Bastion,Rookie,1,104007922,true,38.83333333333241,35.41111111111395,145.06666666667425,805.6312545312903,20,13,4,2,5,-4562897271857831904
ballast,1,Bastion,Club,0,104000003,true,38.68333333333242,35.066666666669185,143.88333333333998,805.6312545312903,20,13,4,2,5,-8812369314320417822
ballast,1,Bastion,Club,1,104007922,true,37.43333333333249,33.766666666667795,138.73333333333588,805.6312545312903,20,13,4,2,5,-7125356122667625697
ballast,1,Bastion,Pro,0,104000003,true,36.93333333333252,33.600000000000854,137.73333333333508,805.6312545312903,20,13,4,2,5,-1194704887175473627
ballast,1,Bastion,Pro,1,104007922,true,35.88333333333258,32.58333333333308,133.63333333333182,805.6312545312903,20,13,4,2,5,2162516374376001724
ballast,1,Bastion,Champion,0,104000003,true,36.799999999999194,33.46666666666738,137.20000000000132,805.6312545312903,20,13,4,2,5,-610378826103949793
ballast,1,Bastion,Champion,1,104007922,true,35.79999999999925,32.53333333333302,133.3999999999983,805.6312545312903,20,13,4,2,5,-3909562336502698461
ballast,2,Comet,Rookie,0,104000003,true,35.5833333333326,32.84444444444431,134.11666666666554,805.6312545312903,20,13,4,2,5,5583573968038090225
ballast,2,Comet,Rookie,1,104007922,true,34.51666666666599,31.688888888887533,129.5833333333286,805.6312545312903,20,13,4,2,5,8473889031371496673
ballast,2,Comet,Club,0,104000003,true,33.599999999999376,31.477777777775998,128.03333333332736,805.6312545312903,20,13,4,2,5,-4434850888989751648
ballast,2,Comet,Club,1,104007922,true,32.73333333333276,30.466666666664935,124.13333333332757,805.6312545312903,20,13,4,2,5,-901999388042064998
ballast,2,Comet,Pro,0,104000003,true,32.199999999999456,30.13333333333162,122.59999999999432,805.6312545312903,20,13,4,2,5,-8415936465811369623
ballast,2,Comet,Pro,1,104007922,true,31.599999999999486,29.366666666665,119.69999999999449,805.6312545312903,20,13,4,2,5,2087360746392124069
ballast,2,Comet,Champion,0,104000003,true,31.949999999999466,29.75555555555387,121.21666666666107,805.6312545312903,20,13,4,2,5,1893723052888707121
ballast,2,Comet,Champion,1,104007922,true,31.633333333332818,29.299999999998338,119.53333333332783,805.6312545312903,20,13,4,2,5,8388467864188418326
ballast,1,Trail,Rookie,0,104000003,true,33.26666666666606,31.04999999999824,126.41666666666077,805.6312545312903,20,13,4,2,5,4843729352998136900
ballast,1,Trail,Rookie,1,104007922,true,32.23333333333279,29.733333333331643,121.43333333332772,805.6312545312903,20,13,4,2,5,-8583051456628148633
ballast,1,Trail,Club,0,104000003,true,32.0333333333328,30.12222222222051,122.39999999999434,805.6312545312903,20,13,4,2,5,4139680310380146476
ballast,1,Trail,Club,1,104007922,true,31.31666666666617,29.399999999998332,119.51666666666117,805.6312545312903,20,13,4,2,5,8778736205594216596
ballast,1,Trail,Pro,0,104000003,true,31.516666666666158,29.54444444444277,120.14999999999446,805.6312545312903,20,13,4,2,5,2199161167594223983
ballast,1,Trail,Pro,1,104007922,true,30.916666666666192,28.877777777776142,117.54999999999461,805.6312545312903,20,13,4,2,5,7098659637519476922
ballast,1,Trail,Champion,0,104000003,true,31.533333333332823,29.605555555553877,120.34999999999445,805.6312545312903,20,13,4,2,5,2534195446114961985
ballast,1,Trail,Champion,1,104007922,true,30.866666666666195,28.949999999998358,117.71666666666127,805.6312545312903,20,13,4,2,5,-7992825139143507990
ballast,2,Flint,Rookie,0,104000003,true,33.016666666666076,30.972222222220466,125.93333333332747,805.6312545312903,20,13,4,2,5,-2993445923207961202
ballast,2,Flint,Rookie,1,104007922,true,31.849999999999472,29.827777777776088,121.33333333332773,805.6312545312903,20,13,4,2,5,-2493571291297261015
ballast,2,Flint,Club,0,104000003,true,31.599999999999486,29.605555555553877,120.41666666666111,805.6312545312903,20,13,4,2,5,2744329996832193313
ballast,2,Flint,Club,1,104007922,true,30.816666666666197,28.922222222220583,117.58333333332794,805.6312545312903,20,13,4,2,5,3057671283099069881
ballast,2,Flint,Pro,0,104000003,true,30.73333333333287,28.933333333331692,117.53333333332795,805.6312545312903,20,13,4,2,5,3912345666221059110
ballast,2,Flint,Pro,1,104007922,true,30.116666666666237,28.38888888888728,115.28333333332807,805.6312545312903,20,13,4,2,5,1155897884481393571
ballast,2,Flint,Champion,0,104000003,true,30.633333333332875,28.999999999998355,117.63333333332794,805.6312545312903,20,13,4,2,5,6714872921199132357
ballast,2,Flint,Champion,1,104007922,true,30.06666666666624,28.39999999999839,115.26666666666141,805.6312545312903,20,13,4,2,5,-1178558870364452469
ballast,3,Quill,Rookie,0,104000003,true,31.849999999999472,29.70555555555387,120.96666666666108,805.6312545312903,20,13,4,2,5,-7986095467830943658
ballast,3,Quill,Rookie,1,104007922,true,30.933333333332858,29.16111111110946,118.41666666666123,805.6312545312903,20,13,4,2,5,4638780542226650115
ballast,3,Quill,Club,0,104000003,true,30.56666666666621,28.672222222220597,116.583333333328,805.6312545312903,20,13,4,2,5,-5785772057888179451
ballast,3,Quill,Club,1,104007922,true,30.06666666666624,27.999999999998412,114.06666666666148,805.6312545312903,20,13,4,2,5,-2256554882653390931
ballast,3,Quill,Pro,0,104000003,true,29.433333333332943,27.766666666665092,112.73333333332822,805.6312545312903,20,13,4,2,5,6712102098105381809
ballast,3,Quill,Pro,1,104007922,true,29.199999999999623,27.366666666665115,111.29999999999497,805.6312545312903,20,13,4,2,5,-6715125820907437840
ballast,3,Quill,Champion,0,104000003,true,29.433333333332943,27.73333333333176,112.63333333332822,805.6312545312903,20,13,4,2,5,-7760173649086315744
ballast,3,Quill,Champion,1,104007922,true,29.21666666666629,27.449999999998443,111.56666666666162,805.6312545312903,20,13,4,2,5,-8403120555022758818
ballast,3,Vandal,Rookie,0,104000003,true,34.56666666666599,31.49444444444295,129.04999999999484,805.6312545312903,20,13,4,2,5,-1693175148624973703
ballast,3,Vandal,Rookie,1,104007922,true,32.783333333332756,29.999999999998295,122.78333333332765,805.6312545312903,20,13,4,2,5,-8624909937774069525
ballast,3,Vandal,Club,0,104000003,true,32.48333333333277,29.86666666666497,122.08333333332769,805.6312545312903,20,13,4,2,5,-3540730291421439629
ballast,3,Vandal,Club,1,104007922,true,31.23333333333284,28.73888888888726,117.44999999999462,805.6312545312903,20,13,4,2,5,-4246352380686958188
ballast,3,Vandal,Pro,0,104000003,true,30.899999999999526,28.42222222222061,116.16666666666136,805.6312545312903,20,13,4,2,5,-5055064248929610220
ballast,3,Vandal,Pro,1,104007922,true,30.26666666666623,27.60555555555399,113.0833333333282,805.6312545312903,20,13,4,2,5,6731191413171756236
ballast,3,Vandal,Champion,0,104000003,true,30.99999999999952,28.383333333331723,116.14999999999469,805.6312545312903,20,13,4,2,5,575099724729140038
ballast,3,Vandal,Champion,1,104007922,true,30.26666666666623,27.799999999998423,113.6666666666615,805.6312545312903,20,13,4,2,5,-8892821204012913444
ballast,4,Kestrel,Rookie,0,104000003,true,29.56666666666627,27.944444444442862,113.39999999999485,805.6312545312903,20,13,4,2,5,-3504847819764257853
ballast,4,Kestrel,Rookie,1,104007922,true,29.0166666666663,27.144444444442907,110.44999999999501,805.6312545312903,20,13,4,2,5,288179312440096628
ballast,4,Kestrel,Club,0,104000003,true,28.649999999999654,26.911111111109587,109.38333333332841,805.6312545312903,20,13,4,2,5,3307872299262546967
ballast,4,Kestrel,Club,1,104007922,true,28.11666666666635,26.272222222220734,106.93333333332855,805.6312545312903,20,13,4,2,5,-7190771014962224789
ballast,4,Kestrel,Pro,0,104000003,true,27.749999999999705,26.177777777776296,106.28333333332859,805.6312545312903,20,13,4,2,5,3087265821971171836
ballast,4,Kestrel,Pro,1,104007922,true,27.433333333333056,25.72777777777632,104.61666666666201,805.6312545312903,20,13,4,2,5,8242726629357630306
ballast,4,Kestrel,Champion,0,104000003,true,27.73333333333304,26.138888888887408,106.14999999999526,805.6312545312903,20,13,4,2,5,5571435763854034365
ballast,4,Kestrel,Champion,1,104007922,true,27.41666666666639,25.81111111110965,104.84999999999533,805.6312545312903,20,13,4,2,5,-6472451223927207085
ballast,4,Bulwark,Rookie,0,104000003,true,32.83333333333275,30.872222222220472,125.44999999999416,805.6312545312903,20,13,4,2,5,-204790421179287942
ballast,4,Bulwark,Rookie,1,104007922,true,31.69999999999948,29.372222222220557,119.81666666666115,805.6312545312903,20,13,4,2,5,6135062225707191426
ballast,4,Bulwark,Club,0,104000003,true,31.066666666666183,29.0444444444428,118.19999999999457,805.6312545312903,20,13,4,2,5,7667528873761412170
ballast,4,Bulwark,Club,1,104007922,true,30.49999999999955,28.12222222222063,114.86666666666143,805.6312545312903,20,13,4,2,5,6598184995895059642
ballast,4,Bulwark,Pro,0,104000003,true,29.999999999999577,28.02777777777619,114.08333333332814,805.6312545312903,20,13,4,2,5,-2450940158867739155
ballast,4,Bulwark,Pro,1,104007922,true,29.416666666666277,27.288888888887342,111.2833333333283,805.6312545312903,20,13,4,2,5,2910945840147973239
ballast,4,Bulwark,Champion,0,104000003,true,29.94999999999958,28.02777777777619,114.03333333332814,805.6312545312903,20,13,4,2,5,6802098544772767060
ballast,4,Bulwark,Champion,1,104007922,true,29.299999999999617,27.37222222222067,111.41666666666163,805.6312545312903,20,13,4,2,5,-3053882378918385488
cutface,0,Needle,Rookie,0,104000003,true,38.63333333333242,36.600000000003725,148.4333333333436,854.7762650406945,24,19,4,2,5,6588376515928315003
cutface,0,Needle,Rookie,1,104007922,true,37.66666666666581,35.61111111111378,144.50000000000713,854.7762650406945,24,19,4,2,5,6869436556392898242
cutface,0,Needle,Club,0,104000003,true,37.48333333333249,35.55000000000256,144.13333333334018,854.7762650406945,24,19,4,2,5,5701113124888972561
cutface,0,Needle,Club,1,104007922,true,36.54999999999921,34.844444444446175,141.08333333333775,854.7762650406945,24,19,4,2,5,-7280844666185054165
cutface,0,Needle,Pro,0,104000003,true,36.449999999999214,34.71666666666827,140.60000000000403,854.7762650406945,24,19,4,2,5,4142050956282625156
cutface,0,Needle,Pro,1,104007922,true,36.133333333332565,34.311111111112304,139.06666666666948,854.7762650406945,24,19,4,2,5,-8060999662093653517
cutface,0,Needle,Champion,0,104000003,true,36.449999999999214,34.70555555555715,140.56666666667067,854.7762650406945,24,19,4,2,5,-8756159031078025333
cutface,0,Needle,Champion,1,104007922,true,35.99999999999924,34.30000000000115,138.90000000000268,854.7762650406945,24,19,4,2,5,5477716195704132405
cutface,0,Line,Rookie,0,104000003,true,41.583333333332256,38.477777777783835,157.01666666668376,854.7762650406945,24,19,4,2,5,-5465624482976722516
cutface,0,Line,Rookie,1,104007922,true,40.149999999999004,37.18888888889351,151.71666666667954,854.7762650406945,24,19,4,2,5,3883079572937473550
cutface,0,Line,Club,0,104000003,true,39.41666666666571,36.594444444448385,149.20000000001087,854.7762650406945,24,19,4,2,5,4211924995598961189
cutface,0,Line,Club,1,104007922,true,38.783333333332415,35.66666666666969,145.7833333333415,854.7762650406945,24,19,4,2,5,1297619602351393299
cutface,0,Line,Pro,0,104000003,true,38.06666666666579,35.188888888891334,143.63333333333978,854.7762650406945,24,19,4,2,5,8203819964077604135
cutface,0,Line,Pro,1,104007922,true,37.48333333333249,34.48888888889061,140.9500000000043,854.7762650406945,24,19,4,2,5,1139779626799264207
cutface,0,Line,Champion,0,104000003,true,38.13333333333245,35.16111111111355,143.6166666666731,854.7762650406945,24,19,4,2,5,-4813679457907183786
cutface,0,Line,Champion,1,104007922,true,37.383333333332494,34.40555555555718,140.60000000000403,854.7762650406945,24,19,4,2,5,4288352845715703631
cutface,1,Bastion,Rookie,0,104000003,true,41.68333333333225,37.822222222227786,155.1500000000156,854.7762650406945,24,19,4,2,5,-215840923440717875
cutface,1,Bastion,Rookie,1,104007922,true,40.39999999999899,36.20555555555947,149.0166666666774,854.7762650406945,24,19,4,2,5,4111842498258710210
cutface,1,Bastion,Club,0,104000003,true,39.51666666666571,35.66111111111434,146.50000000000873,854.7762650406945,24,19,4,2,5,-8201425359607950064
cutface,1,Bastion,Club,1,104007922,true,38.56666666666576,34.9500000000024,143.41666666667294,854.7762650406945,24,19,4,2,5,-8212294499842149932
cutface,1,Bastion,Pro,0,104000003,true,38.083333333332455,34.43888888889074,141.40000000000467,854.7762650406945,24,19,4,2,5,-71504602471411743
cutface,1,Bastion,Pro,1,104007922,true,37.383333333332494,33.59444444444542,138.16666666666876,854.7762650406945,24,19,4,2,5,157361567351642659
cutface,1,Bastion,Champion,0,104000003,true,38.083333333332455,34.36666666666846,141.18333333333783,854.7762650406945,24,19,4,2,5,87886683755995874
cutface,1,Bastion,Champion,1,104007922,true,37.21666666666584,33.58888888888981,137.98333333333528,854.7762650406945,24,19,4,2,5,-6323716827718107936
cutface,2,Comet,Rookie,0,104000003,true,35.56666666666593,33.63333333333383,136.4666666666674,854.7762650406945,24,19,4,2,5,3101931654227681429
cutface,2,Comet,Rookie,1,104007922,true,35.166666666665954,32.43333333333276,132.46666666666422,854.7762650406945,24,19,4,2,5,1422041612622216905
cutface,2,Comet,Club,0,104000003,true,34.499999999999325,32.23333333333241,131.19999999999655,854.7762650406945,24,19,4,2,5,7513213299731860561
cutface,2,Comet,Club,1,104007922,true,33.683333333332705,31.388888888887106,127.84999999999403,854.7762650406945,24,19,4,2,5,8956520844205089374
cutface,2,Comet,Pro,0,104000003,true,33.38333333333272,31.05555555555379,126.5499999999941,854.7762650406945,24,19,4,2,5,5295453684381298953
cutface,2,Comet,Pro,1,104007922,true,32.88333333333275,30.549999999998267,124.53333333332755,854.7762650406945,24,19,4,2,5,8254013387374427280
cutface,2,Comet,Champion,0,104000003,true,33.1999999999994,30.899999999998244,125.89999999999414,854.7762650406945,24,19,4,2,5,-9043269651390296830
cutface,2,Comet,Champion,1,104007922,true,32.68333333333276,30.483333333331604,124.13333333332757,854.7762650406945,24,19,4,2,5,-6238044962391867925
cutface,1,Trail,Rookie,0,104000003,true,35.13333333333262,32.27777777777707,131.96666666666383,854.7762650406945,24,19,4,2,5,3445923576743955891
cutface,1,Trail,Rookie,1,104007922,true,33.76666666666603,31.483333333331604,128.21666666666084,854.7762650406945,24,19,4,2,5,2857700305314982167
cutface,1,Trail,Club,0,104000003,true,33.7833333333327,31.855555555554123,129.34999999999508,854.7762650406945,24,19,4,2,5,-8505540923977147805
cutface,1,Trail,Club,1,104007922,true,33.41666666666605,31.22222222222045,127.0833333333274,854.7762650406945,24,19,4,2,5,8044492781307061883
cutface,1,Trail,Pro,0,104000003,true,33.366666666666056,31.45555555555377,127.73333333332737,854.7762650406945,24,19,4,2,5,-614302365043255779
cutface,1,Trail,Pro,1,104007922,true,32.91666666666608,30.83888888888714,125.4333333333275,854.7762650406945,24,19,4,2,5,-1388492746259825906
cutface,1,Trail,Champion,0,104000003,true,33.29999999999939,31.377777777775993,127.43333333332738,854.7762650406945,24,19,4,2,5,-884282717909398135
cutface,1,Trail,Champion,1,104007922,true,32.91666666666608,30.905555555553804,125.63333333332749,854.7762650406945,24,19,4,2,5,6261233585225859141
cutface,2,Flint,Rookie,0,104000003,true,34.59999999999932,32.4333333333326,131.8999999999971,854.7762650406945,24,19,4,2,5,5025004739094416181
cutface,2,Flint,Rookie,1,104007922,true,33.41666666666605,31.60555555555382,128.23333333332752,854.7762650406945,24,19,4,2,5,-4157378778419624941
cutface,2,Flint,Club,0,104000003,true,33.29999999999939,31.583333333331552,128.04999999999404,854.7762650406945,24,19,4,2,5,6409188148431464939
cutface,2,Flint,Club,1,104007922,true,32.59999999999943,30.872222222220472,125.21666666666084,854.7762650406945,24,19,4,2,5,-1889628539306591034
cutface,2,Flint,Pro,0,104000003,true,32.44999999999944,30.866666666664912,125.04999999999418,854.7762650406945,24,19,4,2,5,3413463357202676457
cutface,2,Flint,Pro,1,104007922,true,31.883333333332804,30.26666666666495,122.68333333332765,854.7762650406945,24,19,4,2,5,3838342003492657651
cutface,2,Flint,Champion,0,104000003,true,32.433333333332776,30.733333333331586,124.63333333332754,854.7762650406945,24,19,4,2,5,-5346838860656215827
cutface,2,Flint,Champion,1,104007922,true,31.9333333333328,30.366666666664944,123.03333333332763,854.7762650406945,24,19,4,2,5,9185613491350900712
cutface,3,Quill,Rookie,0,104000003,true,33.916666666666025,31.577777777776163,128.64999999999452,854.7762650406945,24,19,4,2,5,8390194831492547866
cutface,3,Quill,Rookie,1,104007922,true,32.5666666666661,30.299999999998278,123.46666666666094,854.7762650406945,24,19,4,2,5,-7556362119856611792
cutface,3,Quill,Club,0,104000003,true,32.26666666666612,30.33333333333161,123.26666666666095,854.7762650406945,24,19,4,2,5,4647391982010806073
cutface,3,Quill,Club,1,104007922,true,31.716666666666146,29.82222222222053,121.18333333332774,854.7762650406945,24,19,4,2,5,-8352008157757297873
cutface,3,Quill,Pro,0,104000003,true,31.249999999999506,29.594444444442768,120.0333333333278,854.7762650406945,24,19,4,2,5,-5560103002427966469
cutface,3,Quill,Pro,1,104007922,true,30.949999999999523,29.19444444444279,118.53333333332789,854.7762650406945,24,19,4,2,5,-1613553996991424837
cutface,3,Quill,Champion,0,104000003,true,31.266666666666172,29.52222222222055,119.83333333332781,854.7762650406945,24,19,4,2,5,-5832466123251744680
cutface,3,Quill,Champion,1,104007922,true,30.99999999999952,29.2055555555539,118.61666666666122,854.7762650406945,24,19,4,2,5,-5084118941716737226
cutface,3,Vandal,Rookie,0,104000003,true,34.583333333332654,32.10555555555455,130.8999999999963,854.7762650406945,24,19,4,2,5,8508092607022577420
cutface,3,Vandal,Rookie,1,104007922,true,34.04999999999935,30.98888888888713,127.01666666666074,854.7762650406945,24,19,4,2,5,499923691546251923
cutface,3,Vandal,Club,0,104000003,true,33.449999999999385,30.78888888888714,125.81666666666081,854.7762650406945,24,19,4,2,5,7363049041660448037
cutface,3,Vandal,Club,1,104007922,true,32.64999999999943,30.194444444442734,123.23333333332762,854.7762650406945,24,19,4,2,5,4662036675187593873
cutface,3,Vandal,Pro,0,104000003,true,32.18333333333279,29.588888888887208,120.94999999999442,854.7762650406945,24,19,4,2,5,3021021690183010756
cutface,3,Vandal,Pro,1,104007922,true,31.533333333332823,29.027777777776134,118.61666666666122,854.7762650406945,24,19,4,2,5,-8495514103973705183
cutface,3,Vandal,Champion,0,104000003,true,32.083333333332796,29.555555555553877,120.74999999999443,854.7762650406945,24,19,4,2,5,-6023492524802067475
cutface,3,Vandal,Champion,1,104007922,true,31.599999999999486,29.033333333331687,118.69999999999455,854.7762650406945,24,19,4,2,5,2155502624521925913
cutface,4,Kestrel,Rookie,0,104000003,true,31.46666666666616,28.86666666666503,118.06666666666125,854.7762650406945,24,19,4,2,5,5567094051578048934
cutface,4,Kestrel,Rookie,1,104007922,true,30.49999999999955,28.466666666665052,115.8999999999947,854.7762650406945,24,19,4,2,5,8616861765473202289
cutface,4,Kestrel,Club,0,104000003,true,30.26666666666623,28.427777777776168,115.54999999999472,854.7762650406945,24,19,4,2,5,-3148568135813222944
cutface,4,Kestrel,Club,1,104007922,true,29.899999999999583,27.799999999998423,113.29999999999485,854.7762650406945,24,19,4,2,5,-3730502535418972722
cutface,4,Kestrel,Pro,0,104000003,true,29.39999999999961,27.766666666665092,112.69999999999489,854.7762650406945,24,19,4,2,5,-2779861406871389297
cutface,4,Kestrel,Pro,1,104007922,true,29.116666666666294,27.41666666666511,111.36666666666163,854.7762650406945,24,19,4,2,5,2923649702139253319
cutface,4,Kestrel,Champion,0,104000003,true,29.416666666666277,27.777777777776205,112.74999999999488,854.7762650406945,24,19,4,2,5,8938836024291931856
cutface,4,Kestrel,Champion,1,104007922,true,29.13333333333296,27.483333333331775,111.58333333332828,854.7762650406945,24,19,4,2,5,-6688885928507433170
cutface,4,Bulwark,Rookie,0,104000003,true,33.88333333333269,31.533333333331672,128.48333333332772,854.7762650406945,24,19,4,2,5,-2662003757462099462
cutface,4,Bulwark,Rookie,1,104007922,true,32.21666666666612,30.677777777776033,124.24999999999423,854.7762650406945,24,19,4,2,5,933851045342056282
cutface,4,Bulwark,Club,0,104000003,true,32.48333333333277,30.227777777776065,123.16666666666096,854.7762650406945,24,19,4,2,5,-2660980355604213449
cutface,4,Bulwark,Club,1,104007922,true,31.449999999999495,29.266666666665007,119.24999999999451,854.7762650406945,24,19,4,2,5,1137037093121643887
cutface,4,Bulwark,Pro,0,104000003,true,31.11666666666618,29.13333333333168,118.51666666666122,854.7762650406945,24,19,4,2,5,1111594238026146918
cutface,4,Bulwark,Pro,1,104007922,true,30.516666666666215,28.672222222220597,116.533333333328,854.7762650406945,24,19,4,2,5,-5468915519825678560
cutface,4,Bulwark,Champion,0,104000003,true,30.96666666666619,29.17222222222057,118.48333333332789,854.7762650406945,24,19,4,2,5,-1978887236617356157
cutface,4,Bulwark,Champion,1,104007922,true,30.466666666666217,28.53888888888727,116.08333333332803,854.7762650406945,24,19,4,2,5,-2781288592149503736
haulroad,0,Needle,Rookie,0,104000003,true,45.749999999998685,43.90555555556711,177.46666666670004,1075.6480078235334,26,11,4,2,5,-1988651368635916510
haulroad,0,Needle,Rookie,1,104007922,true,45.133333333332054,42.966666666677305,174.03333333336397,1075.6480078235334,26,11,4,2,5,3272172266437104525
haulroad,0,Needle,Club,0,104000003,true,44.783333333332074,42.79444444445485,173.1666666666966,1075.6480078235334,26,11,4,2,5,-1450628175966265161
haulroad,0,Needle,Club,1,104007922,true,44.033333333332116,42.200000000009716,170.63333333336126,1075.6480078235334,26,11,4,2,5,8917880509272200570
haulroad,0,Needle,Pro,0,104000003,true,43.98333333333212,42.20555555556526,170.6000000000279,1075.6480078235334,26,11,4,2,5,-9041819851515374032
haulroad,0,Needle,Pro,1,104007922,true,43.49999999999881,41.82777777778705,168.98333333335995,1075.6480078235334,26,11,4,2,5,183420986577028286
haulroad,0,Needle,Champion,0,104000003,true,43.93333333333212,42.13333333334297,170.33333333336103,1075.6480078235334,26,11,4,2,5,-2999994390810988283
haulroad,0,Needle,Champion,1,104007922,true,43.54999999999881,41.883333333342655,169.2000000000268,1075.6480078235334,26,11,4,2,5,5225255947177872446
haulroad,0,Line,Rookie,0,104000003,true,48.3666666666652,45.25000000001338,184.11666666670533,1075.6480078235334,26,11,4,2,5,6887801486647445347
haulroad,0,Line,Rookie,1,104007922,true,47.36666666666526,44.12222222223442,179.7333333333685,1075.6480078235334,26,11,4,2,5,7938047621945469775
haulroad,0,Line,Club,0,104000003,true,46.333333333331986,43.388888888900205,176.5000000000326,1075.6480078235334,26,11,4,2,5,-5832301065136065279
haulroad,0,Line,Club,1,104007922,true,45.38333333333204,42.4500000000103,172.73333333336294,1075.6480078235334,26,11,4,2,5,8194968541489275775
haulroad,0,Line,Pro,0,104000003,true,44.88333333333207,42.07222222223208,171.1000000000283,1075.6480078235334,26,11,4,2,5,3613117314449838906
haulroad,0,Line,Pro,1,104007922,true,44.18333333333211,41.39444444445356,168.3666666666928,1075.6480078235334,26,11,4,2,5,7475066272062789991
haulroad,0,Line,Champion,0,104000003,true,44.79999999999874,41.90555555556526,170.5166666666945,1075.6480078235334,26,11,4,2,5,-8428140386314203726
haulroad,0,Line,Champion,1,104007922,true,44.149999999998776,41.25555555556455,167.91666666669244,1075.6480078235334,26,11,4,2,5,-2527750533610690535
haulroad,1,Bastion,Rookie,0,104000003,true,47.8833333333319,43.82222222223432,179.35000000003487,1075.6480078235334,26,11,4,2,5,-431687883212511949
haulroad,1,Bastion,Rookie,1,104007922,true,46.86666666666529,42.755555555566524,175.13333333336485,1075.6480078235334,26,11,4,2,5,-8201374980056846900
haulroad,1,Bastion,Club,0,104000003,true,45.84999999999868,42.04444444445455,171.98333333336234,1075.6480078235334,26,11,4,2,5,8333645907169777281
haulroad,1,Bastion,Club,1,104007922,true,44.666666666665414,40.994444444453386,167.65000000002556,1075.6480078235334,26,11,4,2,5,-1525321375155581283
haulroad,1,Bastion,Pro,0,104000003,true,44.04999999999878,40.227777777785924,164.73333333335657,1075.6480078235334,26,11,4,2,5,6464575436547572766
haulroad,1,Bastion,Pro,1,104007922,true,43.46666666666548,39.59444444445193,162.25000000002126,1075.6480078235334,26,11,4,2,5,-5453469125381608331
haulroad,1,Bastion,Champion,0,104000003,true,43.96666666666545,40.17777777778587,164.50000000002305,1075.6480078235334,26,11,4,2,5,-8367182439608149372
haulroad,1,Bastion,Champion,1,104007922,true,43.26666666666549,39.522222222229594,161.83333333335426,1075.6480078235334,26,11,4,2,5,4385905214037582303
haulroad,2,Comet,Rookie,0,104000003,true,41.83333333333224,38.811111111117505,158.26666666668476,1075.6480078235334,26,11,4,2,5,-5136507620468166745
haulroad,2,Comet,Rookie,1,104007922,true,40.183333333332335,37.79444444444956,153.56666666668102,1075.6480078235334,26,11,4,2,5,-72909170544684493
haulroad,2,Comet,Club,0,104000003,true,39.46666666666571,37.30000000000452,151.36666666667927,1075.6480078235334,26,11,4,2,5,4167381438403991509
haulroad,2,Comet,Club,1,104007922,true,38.94999999999907,36.68333333333721,149.00000000001071,1075.6480078235334,26,11,4,2,5,-4096826751168899332
haulroad,2,Comet,Pro,0,104000003,true,38.76666666666575,36.30555555555909,147.683333333343,1075.6480078235334,26,11,4,2,5,-92272300132844126
haulroad,2,Comet,Pro,1,104007922,true,38.26666666666578,35.90000000000307,145.96666666667497,1075.6480078235334,26,11,4,2,5,6668519915522677576
haulroad,2,Comet,Champion,0,104000003,true,38.36666666666577,36.205555555558895,146.98333333334244,1075.6480078235334,26,11,4,2,5,3622314044866879364
haulroad,2,Comet,Champion,1,104007922,true,38.14999999999912,35.833333333336306,145.65000000000805,1075.6480078235334,26,11,4,2,5,-6974985435910187841
haulroad,1,Trail,Rookie,0,104000003,true,42.08333333333223,39.74444444445165,161.31666666668718,1075.6480078235334,26,11,4,2,5,8726918044305073994
haulroad,1,Trail,Rookie,1,104007922,true,40.86666666666563,38.766666666672755,157.16666666668388,1075.6480078235334,26,11,4,2,5,7338672137372222856
haulroad,1,Trail,Club,0,104000003,true,40.98333333333229,38.93333333333958,157.78333333335104,1075.6480078235334,26,11,4,2,5,-710405856659429867
haulroad,1,Trail,Club,1,104007922,true,40.36666666666566,38.372222222227855,155.4833333333492,1075.6480078235334,26,11,4,2,5,-4807657188882651869
haulroad,1,Trail,Pro,0,104000003,true,40.43333333333232,38.45555555556127,155.80000000001613,1075.6480078235334,26,11,4,2,5,-794280385560209049
haulroad,1,Trail,Pro,1,104007922,true,40.066666666665675,37.98888888889413,154.03333333334805,1075.6480078235334,26,11,4,2,5,-2116515813819858065
haulroad,1,Trail,Champion,0,104000003,true,40.43333333333232,38.50000000000575,155.93333333334957,1075.6480078235334,26,11,4,2,5,-3414575317725728870
haulroad,1,Trail,Champion,1,104007922,true,40.066666666665675,38.10000000000533,154.36666666668165,1075.6480078235334,26,11,4,2,5,6681751889187291307
haulroad,2,Flint,Rookie,0,104000003,true,40.733333333332304,38.95555555556175,157.60000000001756,1075.6480078235334,26,11,4,2,5,2470316946423475773
haulroad,2,Flint,Rookie,1,104007922,true,40.28333333333233,37.85000000000519,153.8333333333479,1075.6480078235334,26,11,4,2,5,1320630197261366315
haulroad,2,Flint,Club,0,104000003,true,39.96666666666568,37.97222222222742,153.88333333334793,1075.6480078235334,26,11,4,2,5,3298718642045228444
haulroad,2,Flint,Club,1,104007922,true,39.09999999999906,37.18888888889322,150.6666666666787,1075.6480078235334,26,11,4,2,5,1245520553773585834
haulroad,2,Flint,Pro,0,104000003,true,38.94999999999907,37.32777777778217,150.9333333333456,1075.6480078235334,26,11,4,2,5,5497564344735875352
haulroad,2,Flint,Pro,1,104007922,true,38.433333333332435,36.78888888889271,148.80000000001056,1075.6480078235334,26,11,4,2,5,-6546140692780818452
haulroad,2,Flint,Champion,0,104000003,true,39.0333333333324,37.333333333337755,151.03333333334567,1075.6480078235334,26,11,4,2,5,-9178181327145316453
haulroad,2,Flint,Champion,1,104007922,true,38.51666666666576,36.82777777778165,149.00000000001071,1075.6480078235334,26,11,4,2,5,-7513337091400862412
haulroad,3,Quill,Rookie,0,104000003,true,39.64999999999903,37.183333333337806,151.20000000001247,1075.6480078235334,26,11,4,2,5,-755586399291598123
haulroad,3,Quill,Rookie,1,104007922,true,38.41666666666577,36.49444444444802,147.90000000000984,1075.6480078235334,26,11,4,2,5,-8371516264812728452
haulroad,3,Quill,Club,0,104000003,true,38.316666666665775,36.41111111111459,147.55000000000956,1075.6480078235334,26,11,4,2,5,3018006512050020686
haulroad,3,Quill,Club,1,104007922,true,37.79999999999914,35.87777777778069,145.4333333333412,1075.6480078235334,26,11,4,2,5,-3363694586363748448
haulroad,3,Quill,Pro,0,104000003,true,37.2833333333325,35.616666666669225,144.13333333334018,1075.6480078235334,26,11,4,2,5,2975455044385408017
haulroad,3,Quill,Pro,1,104007922,true,37.13333333333251,35.238888888891104,142.85000000000582,1075.6480078235334,26,11,4,2,5,3648224583660141226
haulroad,3,Quill,Champion,0,104000003,true,37.383333333332494,35.71666666666933,144.5333333333405,1075.6480078235334,26,11,4,2,5,7164074775240066804
haulroad,3,Quill,Champion,1,104007922,true,37.04999999999918,35.338888888891155,143.06666666667266,1075.6480078235334,26,11,4,2,5,-3057812786821350681
haulroad,3,Vandal,Rookie,0,104000003,true,40.48333333333232,37.32777777778261,152.46666666668014,1075.6480078235334,26,11,4,2,5,3493954692714601227
haulroad,3,Vandal,Rookie,1,104007922,true,39.54999999999904,36.61666666667066,149.40000000001103,1075.6480078235334,26,11,4,2,5,6022613819190394448
haulroad,3,Vandal,Club,0,104000003,true,38.88333333333241,36.11666666667008,147.23333333334264,1075.6480078235334,26,11,4,2,5,531356059059514245
haulroad,3,Vandal,Club,1,104007922,true,37.79999999999914,35.472222222224815,144.21666666667358,1075.6480078235334,26,11,4,2,5,-8802104723210366640
haulroad,3,Vandal,Pro,0,104000003,true,37.66666666666581,34.9277777777799,142.4500000000055,1075.6480078235334,26,11,4,2,5,1069902061406295910
haulroad,3,Vandal,Pro,1,104007922,true,37.299999999999166,34.633333333335116,141.2000000000045,1075.6480078235334,26,11,4,2,5,2633908536053470334
haulroad,3,Vandal,Champion,0,104000003,true,37.39999999999916,34.900000000002024,142.10000000000522,1075.6480078235334,26,11,4,2,5,2200665771090884767
haulroad,3,Vandal,Champion,1,104007922,true,36.93333333333252,34.34444444444589,139.9666666666702,1075.6480078235334,26,11,4,2,5,3351687041896415233
haulroad,4,Kestrel,Rookie,0,104000003,true,37.2833333333325,35.10555555555771,142.60000000000562,1075.6480078235334,26,11,4,2,5,-5917481245350531001
haulroad,4,Kestrel,Rookie,1,104007922,true,35.666666666665925,33.97222222222302,137.58333333333496,1075.6480078235334,26,11,4,2,5,-5248119622669962500
haulroad,4,Kestrel,Club,0,104000003,true,36.03333333333257,34.116666666667676,138.3833333333356,1075.6480078235334,26,11,4,2,5,6084827568158122495
haulroad,4,Kestrel,Club,1,104007922,true,35.44999999999927,33.66111111111159,136.43333333333405,1075.6480078235334,26,11,4,2,5,-5058394352018905797
haulroad,4,Kestrel,Pro,0,104000003,true,35.199999999999285,33.466666666666924,135.60000000000005,1075.6480078235334,26,11,4,2,5,-3301441580424642880
haulroad,4,Kestrel,Pro,1,104007922,true,34.91666666666597,33.17222222222216,134.43333333333246,1075.6480078235334,26,11,4,2,5,3457603355910062779
haulroad,4,Kestrel,Champion,0,104000003,true,35.283333333332614,33.583333333333705,136.03333333333373,1075.6480078235334,26,11,4,2,5,-3845648773727915429
haulroad,4,Kestrel,Champion,1,104007922,true,34.933333333332634,33.23888888888889,134.6499999999993,1075.6480078235334,26,11,4,2,5,7773611150798352560
haulroad,4,Bulwark,Rookie,0,104000003,true,38.84999999999908,36.31666666667022,147.80000000000976,1075.6480078235334,26,11,4,2,5,3012336051770910444
haulroad,4,Bulwark,Rookie,1,104007922,true,37.849999999999135,35.47222222222482,144.26666666667361,1075.6480078235334,26,11,4,2,5,4555130049666975713
haulroad,4,Bulwark,Club,0,104000003,true,37.58333333333248,35.50000000000255,144.08333333334014,1075.6480078235334,26,11,4,2,5,8045424418595696589
haulroad,4,Bulwark,Club,1,104007922,true,36.916666666665854,34.56666666666828,140.6166666666707,1075.6480078235334,26,11,4,2,5,8513022584883337580
haulroad,4,Bulwark,Pro,0,104000003,true,36.599999999999206,34.49444444444592,140.08333333333695,1075.6480078235334,26,11,4,2,5,-2305959567273061582
haulroad,4,Bulwark,Pro,1,104007922,true,35.79999999999925,34.00555555555641,137.81666666666848,1075.6480078235334,26,11,4,2,5,398741656191143557
haulroad,4,Bulwark,Champion,0,104000003,true,36.566666666665874,34.52777777777927,140.15000000000367,1075.6480078235334,26,11,4,2,5,2462765396426837577
haulroad,4,Bulwark,Champion,1,104007922,true,35.88333333333258,33.933333333334154,137.68333333333504,1075.6480078235334,26,11,4,2,5,6826815124823128662
saltline,0,Needle,Rookie,0,104000003,true,41.01666666666562,39.09444444445083,158.30000000001812,940.2076854295232,28,9,2,2,5,4563094784768097179
saltline,0,Needle,Rookie,1,104007922,true,40.16666666666567,38.53333333333904,155.76666666668277,940.2076854295232,28,9,2,2,5,7725950703738403485
saltline,0,Needle,Club,0,104000003,true,40.11666666666567,38.00000000000526,154.11666666668145,940.2076854295232,28,9,2,2,5,-8125769538145067711
saltline,0,Needle,Club,1,104007922,true,39.43333333333238,37.51111111111579,151.96666666667974,940.2076854295232,28,9,2,2,5,-4394556896520740263
saltline,0,Needle,Pro,0,104000003,true,38.96666666666574,37.21111111111542,150.600000000012,940.2076854295232,28,9,2,2,5,-1184961960542717097
saltline,0,Needle,Pro,1,104007922,true,38.583333333332426,36.86666666667059,149.1833333333442,940.2076854295232,28,9,2,2,5,10416878322503160
saltline,0,Needle,Champion,0,104000003,true,38.91666666666574,37.2111111111154,150.55000000001195,940.2076854295232,28,9,2,2,5,-5029769140750813884
saltline,0,Needle,Champion,1,104007922,true,38.59999999999909,36.872222222226156,149.21666666667755,940.2076854295232,28,9,2,2,5,-7736182880692260705
saltline,0,Line,Rookie,0,104000003,true,43.46666666666548,40.00555555556337,163.48333333335557,940.2076854295232,28,9,2,2,5,-2528269101212393093
saltline,0,Line,Rookie,1,104007922,true,42.29999999999888,39.11666666667344,159.6500000000192,940.2076854295232,28,9,2,2,5,1741900629450873226
saltline,0,Line,Club,0,104000003,true,41.33333333333227,38.483333333339324,156.78333333335024,940.2076854295232,28,9,2,2,5,6980636755108616654
saltline,0,Line,Club,1,104007922,true,40.59999999999898,37.53333333333836,153.20000000001406,940.2076854295232,28,9,2,2,5,1479487877417189341
saltline,0,Line,Pro,0,104000003,true,39.96666666666568,37.02777777778223,151.05000000001235,940.2076854295232,28,9,2,2,5,-2140940622901336463
saltline,0,Line,Pro,1,104007922,true,39.483333333332375,36.48888888889277,148.95000000001068,940.2076854295232,28,9,2,2,5,-7006240880734102278
saltline,0,Line,Champion,0,104000003,true,39.89999999999902,37.000000000004405,150.90000000001223,940.2076854295232,28,9,2,2,5,6549247041969524424
saltline,0,Line,Champion,1,104007922,true,39.26666666666572,36.40000000000375,148.46666666667696,940.2076854295232,28,9,2,2,5,2689622107409245538
saltline,1,Bastion,Rookie,0,104000003,true,42.93333333333218,39.311111111118215,160.86666666668683,940.2076854295232,28,9,2,2,5,6928809352032453455
saltline,1,Bastion,Rookie,1,104007922,true,41.21666666666561,37.56111111111633,153.90000000001461,940.2076854295232,28,9,2,2,5,-7510749556020361180
saltline,1,Bastion,Club,0,104000003,true,41.14999999999895,37.17222222222711,152.6666666666803,940.2076854295232,28,9,2,2,5,4628070534305522123
saltline,1,Bastion,Club,1,104007922,true,40.01666666666568,36.21666666667048,148.66666666667712,940.2076854295232,28,9,2,2,5,7647394653384732999
saltline,1,Bastion,Pro,0,104000003,true,39.366666666665715,35.67222222222542,146.38333333334197,940.2076854295232,28,9,2,2,5,8546345936092355538
saltline,1,Bastion,Pro,1,104007922,true,38.53333333333243,34.91666666666902,143.2833333333395,940.2076854295232,28,9,2,2,5,-2721884907624020478
saltline,1,Bastion,Champion,0,104000003,true,39.333333333332384,35.50555555555861,145.8500000000082,940.2076854295232,28,9,2,2,5,4007869758245325359
saltline,1,Bastion,Champion,1,104007922,true,38.583333333332426,34.85555555555788,143.15000000000606,940.2076854295232,28,9,2,2,5,-2049207155626222007
saltline,2,Comet,Rookie,0,104000003,true,37.69999999999914,34.70555555555751,141.81666666667167,940.2076854295232,28,9,2,2,5,-4839855511182906928
saltline,2,Comet,Rookie,1,104007922,true,36.41666666666588,34.00000000000102,138.41666666666896,940.2076854295232,28,9,2,2,5,7146247241725462871
saltline,2,Comet,Club,0,104000003,true,35.4833333333326,33.088888888888924,134.74999999999937,940.2076854295232,28,9,2,2,5,-7901296988491424744
saltline,2,Comet,Club,1,104007922,true,34.86666666666597,32.699999999999555,132.96666666666462,940.2076854295232,28,9,2,2,5,-2343557695450050141
saltline,2,Comet,Pro,0,104000003,true,34.28333333333267,32.00555555555439,130.29999999999583,940.2076854295232,28,9,2,2,5,-3219729406654141317
saltline,2,Comet,Pro,1,104007922,true,33.86666666666603,31.511111111109432,128.39999999999432,940.2076854295232,28,9,2,2,5,5825528377992947188
saltline,2,Comet,Champion,0,104000003,true,34.19999999999934,31.877777777776487,129.8333333333288,940.2076854295232,28,9,2,2,5,-8172095887341597910
saltline,2,Comet,Champion,1,104007922,true,33.86666666666603,31.522222222220552,128.43333333332768,940.2076854295232,28,9,2,2,5,9015368680080012840
saltline,1,Trail,Rookie,0,104000003,true,37.36666666666583,34.966666666668736,142.26666666667202,940.2076854295232,28,9,2,2,5,-1436903977340108759
saltline,1,Trail,Rookie,1,104007922,true,36.63333333333254,34.594444444446005,140.41666666667055,940.2076854295232,28,9,2,2,5,8310422292264460441
saltline,1,Trail,Club,0,104000003,true,36.46666666666588,34.5333333333348,140.06666666667027,940.2076854295232,28,9,2,2,5,6753555725315409571
saltline,1,Trail,Club,1,104007922,true,36.099999999999234,34.08333333333434,138.35000000000224,940.2076854295232,28,9,2,2,5,1533295580014566288
saltline,1,Trail,Pro,0,104000003,true,35.96666666666591,34.05000000000094,138.11666666666872,940.2076854295232,28,9,2,2,5,6660618742062938563
saltline,1,Trail,Pro,1,104007922,true,35.76666666666592,33.72777777777841,136.95000000000113,940.2076854295232,28,9,2,2,5,4587326315840189331
saltline,1,Trail,Champion,0,104000003,true,36.03333333333257,34.0166666666676,138.08333333333536,940.2076854295232,28,9,2,2,5,-5248411504931317295
saltline,1,Trail,Champion,1,104007922,true,35.71666666666592,33.772222222222865,137.03333333333453,940.2076854295232,28,9,2,2,5,-5402662898511517247
saltline,2,Flint,Rookie,0,104000003,true,36.6999999999992,34.700000000001666,140.8000000000042,940.2076854295232,28,9,2,2,5,-5330843781450514333
saltline,2,Flint,Rookie,1,104007922,true,36.29999999999922,33.994444444445435,138.28333333333552,940.2076854295232,28,9,2,2,5,4955457107505683828
saltline,2,Flint,Club,0,104000003,true,35.64999999999926,33.750000000000604,136.90000000000109,940.2076854295232,28,9,2,2,5,-7557220474484912467
saltline,2,Flint,Club,1,104007922,true,35.13333333333262,33.39444444444462,135.3166666666665,940.2076854295232,28,9,2,2,5,2570483647415496847
saltline,2,Flint,Pro,0,104000003,true,34.83333333333264,33.13888888888878,134.24999999999898,940.2076854295232,28,9,2,2,5,-3128994353075273497
saltline,2,Flint,Pro,1,104007922,true,34.46666666666599,32.81111111111064,132.8999999999979,940.2076854295232,28,9,2,2,5,2159567215109245044
saltline,2,Flint,Champion,0,104000003,true,34.816666666665974,33.09999999999985,134.11666666666554,940.2076854295232,28,9,2,2,5,5392692547899903694
saltline,2,Flint,Champion,1,104007922,true,34.54999999999932,32.905555555555175,133.26666666666486,940.2076854295232,28,9,2,2,5,-5693755782400559986
saltline,3,Quill,Rookie,0,104000003,true,35.68333333333259,33.27222222222246,135.49999999999997,940.2076854295232,28,9,2,2,5,7764177767259270845
saltline,3,Quill,Rookie,1,104007922,true,35.13333333333262,32.677777777777386,133.16666666666478,940.2076854295232,28,9,2,2,5,9152818054711209347
saltline,3,Quill,Club,0,104000003,true,34.39999999999933,32.38888888888806,131.5666666666635,940.2076854295232,28,9,2,2,5,4199265043042472283
saltline,3,Quill,Club,1,104007922,true,34.04999999999935,32.183333333332236,130.59999999999607,940.2076854295232,28,9,2,2,5,-7689632168324328369
saltline,3,Quill,Pro,0,104000003,true,33.51666666666605,31.894444444442968,129.19999999999496,940.2076854295232,28,9,2,2,5,5154128272983313257
saltline,3,Quill,Pro,1,104007922,true,33.38333333333272,31.57777777777601,128.11666666666076,940.2076854295232,28,9,2,2,5,-1117291394606512718
saltline,3,Quill,Champion,0,104000003,true,33.58333333333271,31.894444444442986,129.26666666666168,940.2076854295232,28,9,2,2,5,-3725237581927144649
saltline,3,Quill,Champion,1,104007922,true,33.333333333332725,31.583333333331563,128.0833333333274,940.2076854295232,28,9,2,2,5,9033902853484073261
saltline,3,Vandal,Rookie,0,104000003,true,36.599999999999206,33.33888888888944,136.61666666666753,940.2076854295232,28,9,2,2,5,5117268065244160349
saltline,3,Vandal,Rookie,1,104007922,true,35.633333333332594,32.46666666666625,133.03333333333134,940.2076854295232,28,9,2,2,5,-5411634608781072469
saltline,3,Vandal,Club,0,104000003,true,34.86666666666597,32.1944444444436,131.44999999999675,940.2076854295232,28,9,2,2,5,-3765079319655549526
saltline,3,Vandal,Club,1,104007922,true,33.833333333332696,31.205555555553786,127.44999999999405,940.2076854295232,28,9,2,2,5,2618550871524795181
saltline,3,Vandal,Pro,0,104000003,true,33.53333333333271,31.02222222222046,126.5999999999941,940.2076854295232,28,9,2,2,5,-7545214579323965092
saltline,3,Vandal,Pro,1,104007922,true,32.93333333333275,30.433333333331603,124.23333333332756,940.2076854295232,28,9,2,2,5,3243575754901796276
saltline,3,Vandal,Champion,0,104000003,true,33.38333333333272,30.866666666664912,125.98333333332747,940.2076854295232,28,9,2,2,5,8342994294348665086
saltline,3,Vandal,Champion,1,104007922,true,32.93333333333275,30.311111111109387,123.86666666666092,940.2076854295232,28,9,2,2,5,-6525098316224068781
saltline,4,Kestrel,Rookie,0,104000003,true,33.1499999999994,31.383333333331553,127.29999999999406,940.2076854295232,28,9,2,2,5,5180906751151414066
saltline,4,Kestrel,Rookie,1,104007922,true,32.749999999999424,30.59999999999826,124.54999999999421,940.2076854295232,28,9,2,2,5,-3086632917386644502
saltline,4,Kestrel,Club,0,104000003,true,32.24999999999945,30.422222222220494,123.51666666666094,940.2076854295232,28,9,2,2,5,4939456766150897892
saltline,4,Kestrel,Club,1,104007922,true,31.983333333332798,30.322222222220503,122.9499999999943,940.2076854295232,28,9,2,2,5,-352763138391385906
saltline,4,Kestrel,Pro,0,104000003,true,31.69999999999948,29.933333333331635,121.49999999999439,940.2076854295232,28,9,2,2,5,-205046088534537191
saltline,4,Kestrel,Pro,1,104007922,true,31.43333333333283,29.733333333331647,120.63333333332777,940.2076854295232,28,9,2,2,5,-3291798181100767216
saltline,4,Kestrel,Champion,0,104000003,true,31.633333333332818,30.06666666666496,121.8333333333277,940.2076854295232,28,9,2,2,5,5704480643970164845
saltline,4,Kestrel,Champion,1,104007922,true,31.449999999999495,29.766666666664978,120.74999999999443,940.2076854295232,28,9,2,2,5,-1956250701496287698
saltline,4,Bulwark,Rookie,0,104000003,true,35.38333333333261,32.85555555555538,133.94999999999874,940.2076854295232,28,9,2,2,5,-6030361565244605352
saltline,4,Bulwark,Rookie,1,104007922,true,33.66666666666604,31.949999999998614,129.51666666666188,940.2076854295232,28,9,2,2,5,5893972515587059397
saltline,4,Bulwark,Club,0,104000003,true,33.38333333333272,31.49999999999821,127.88333333332736,940.2076854295232,28,9,2,2,5,4383378953407327778
saltline,4,Bulwark,Club,1,104007922,true,32.6166666666661,30.466666666664935,124.01666666666091,940.2076854295232,28,9,2,2,5,-6948652184699469676
saltline,4,Bulwark,Pro,0,104000003,true,32.13333333333279,30.399999999998272,123.33333333332762,940.2076854295232,28,9,2,2,5,5715184072547658070
saltline,4,Bulwark,Pro,1,104007922,true,31.616666666666152,29.90555555555386,121.33333333332773,940.2076854295232,28,9,2,2,5,8891003811229509858
saltline,4,Bulwark,Champion,0,104000003,true,32.38333333333278,30.394444444442723,123.56666666666094,940.2076854295232,28,9,2,2,5,-9222894872551512560
saltline,4,Bulwark,Champion,1,104007922,true,31.833333333332806,29.888888888887195,121.49999999999439,940.2076854295232,28,9,2,2,5,8952634393128326245
dustwake,0,Needle,Rookie,0,104000003,true,36.34999999999922,34.31666666666792,139.300000000003,830.2137672464439,20,14,2,2,5,7626642463451576507
dustwake,0,Needle,Rookie,1,104007922,true,35.61666666666593,33.4444444444448,135.95000000000033,830.2137672464439,20,14,2,2,5,-9091214352960574563
dustwake,0,Needle,Club,0,104000003,true,35.33333333333261,33.37222222222244,135.44999999999993,830.2137672464439,20,14,2,2,5,7118487382708559475
dustwake,0,Needle,Club,1,104007922,true,34.43333333333266,32.61111111111047,132.26666666666407,830.2137672464439,20,14,2,2,5,7097955745144935357
dustwake,0,Needle,Pro,0,104000003,true,34.39999999999933,32.59999999999934,132.19999999999735,830.2137672464439,20,14,2,2,5,-4616503607898608007
dustwake,0,Needle,Pro,1,104007922,true,34.033333333332685,32.205555555554476,130.6499999999961,830.2137672464439,20,14,2,2,5,-6142509585539199335
dustwake,0,Needle,Champion,0,104000003,true,34.416666666665996,32.6888888888883,132.4833333333309,830.2137672464439,20,14,2,2,5,-5185357896319127032
dustwake,0,Needle,Champion,1,104007922,true,34.08333333333268,32.29444444444345,130.96666666666303,830.2137672464439,20,14,2,2,5,9138816347772667245
dustwake,0,Line,Rookie,0,104000003,true,39.43333333333238,35.988888888892355,147.40000000000944,830.2137672464439,20,14,2,2,5,-375392294796939831
dustwake,0,Line,Rookie,1,104007922,true,37.59999999999915,34.94444444444656,142.43333333333882,830.2137672464439,20,14,2,2,5,4860251994331124059
dustwake,0,Line,Club,0,104000003,true,37.21666666666584,34.31666666666817,140.16666666667035,830.2137672464439,20,14,2,2,5,1630634952666507660
dustwake,0,Line,Club,1,104007922,true,36.216666666665894,33.20555555555589,135.83333333333357,830.2137672464439,20,14,2,2,5,8931053885017705542
dustwake,0,Line,Pro,0,104000003,true,35.783333333332585,32.92222222222221,134.54999999999922,830.2137672464439,20,14,2,2,5,1475626487270654564
dustwake,0,Line,Pro,1,104007922,true,35.01666666666596,32.12222222222135,131.38333333333003,830.2137672464439,20,14,2,2,5,4340825832553338552
dustwake,0,Line,Champion,0,104000003,true,35.61666666666593,32.79999999999984,134.01666666666546,830.2137672464439,20,14,2,2,5,-3333852627089473765
dustwake,0,Line,Champion,1,104007922,true,35.03333333333263,32.09999999999912,131.33333333333,830.2137672464439,20,14,2,2,5,-7940335367281331749
dustwake,1,Bastion,Rookie,0,104000003,true,39.74999999999903,35.77777777778116,147.08333333334252,830.2137672464439,20,14,2,2,5,-4632823651155916303
dustwake,1,Bastion,Rookie,1,104007922,true,37.883333333332466,34.60000000000192,141.68333333333823,830.2137672464439,20,14,2,2,5,5713567450273838124
dustwake,1,Bastion,Club,0,104000003,true,37.74999999999914,34.12777777777928,140.133333333337,830.2137672464439,20,14,2,2,5,8719119106629602914
dustwake,1,Bastion,Club,1,104007922,true,36.58333333333254,32.95000000000024,135.43333333333325,830.2137672464439,20,14,2,2,5,6489565731330708092
dustwake,1,Bastion,Pro,0,104000003,true,35.94999999999924,32.677777777777614,133.9833333333321,830.2137672464439,20,14,2,2,5,-2829724601941880608
dustwake,1,Bastion,Pro,1,104007922,true,35.18333333333262,31.7055555555544,130.29999999999583,830.2137672464439,20,14,2,2,5,6260215694474786234
dustwake,1,Bastion,Champion,0,104000003,true,35.899999999999245,32.47222222222189,133.3166666666649,830.2137672464439,20,14,2,2,5,5271900832888969436
dustwake,1,Bastion,Champion,1,104007922,true,35.09999999999929,31.677777777776583,130.13333333332903,830.2137672464439,20,14,2,2,5,-4773451705113686284
dustwake,2,Comet,Rookie,0,104000003,true,34.699999999999314,32.17777777777687,131.2333333333299,830.2137672464439,20,14,2,2,5,-5921754693872385298
dustwake,2,Comet,Rookie,1,104007922,true,33.66666666666604,30.894444444442694,126.34999999999411,830.2137672464439,20,14,2,2,5,669131087041708036
dustwake,2,Comet,Club,0,104000003,true,32.633333333332764,30.461111111109386,124.01666666666091,830.2137672464439,20,14,2,2,5,6150743422114574822
dustwake,2,Comet,Club,1,104007922,true,32.24999999999945,29.611111111109427,121.08333333332774,830.2137672464439,20,14,2,2,5,3719133393298180841
dustwake,2,Comet,Pro,0,104000003,true,31.46666666666616,29.116666666665015,118.8166666666612,830.2137672464439,20,14,2,2,5,-4106507308314053213
dustwake,2,Comet,Pro,1,104007922,true,30.96666666666619,28.616666666665044,116.81666666666132,830.2137672464439,20,14,2,2,5,-6169822250494074806
dustwake,2,Comet,Champion,0,104000003,true,31.383333333332832,29.066666666665018,118.58333333332789,830.2137672464439,20,14,2,2,5,-1452363895311002784
dustwake,2,Comet,Champion,1,104007922,true,30.866666666666195,28.661111111109488,116.84999999999465,830.2137672464439,20,14,2,2,5,-6318579098917633051
dustwake,1,Trail,Rookie,0,104000003,true,33.216666666666065,31.105555555553792,126.53333333332743,830.2137672464439,20,14,2,2,5,5271094438482974249
dustwake,1,Trail,Rookie,1,104007922,true,32.23333333333279,30.244444444442724,122.96666666666097,830.2137672464439,20,14,2,2,5,486488932708637543
dustwake,1,Trail,Club,0,104000003,true,32.24999999999945,30.3222222222205,123.21666666666096,830.2137672464439,20,14,2,2,5,-5112234875216696928
dustwake,1,Trail,Club,1,104007922,true,32.049999999999464,29.799999999998306,121.44999999999439,830.2137672464439,20,14,2,2,5,942839894529803236
dustwake,1,Trail,Pro,0,104000003,true,31.883333333332804,29.97777777777608,121.81666666666104,830.2137672464439,20,14,2,2,5,-7537015983969158668
dustwake,1,Trail,Pro,1,104007922,true,31.46666666666616,29.466666666664995,119.86666666666115,830.2137672464439,20,14,2,2,5,-3653269677531717648
dustwake,1,Trail,Champion,0,104000003,true,31.916666666666135,29.9999999999983,121.91666666666103,830.2137672464439,20,14,2,2,5,-4889070526127022019
dustwake,1,Trail,Champion,1,104007922,true,31.43333333333283,29.488888888887217,119.89999999999448,830.2137672464439,20,14,2,2,5,-1272413248944161655
dustwake,2,Flint,Rookie,0,104000003,true,32.26666666666612,30.422222222220494,123.5333333333276,830.2137672464439,20,14,2,2,5,-9002990572535027993
dustwake,2,Flint,Rookie,1,104007922,true,32.083333333332796,30.09444444444274,122.366666666661,830.2137672464439,20,14,2,2,5,-1330900105794708456
dustwake,2,Flint,Club,0,104000003,true,31.416666666666163,29.56666666666499,120.11666666666113,830.2137672464439,20,14,2,2,5,-8344533540986835246
dustwake,2,Flint,Club,1,104007922,true,31.08333333333285,29.272222222220563,118.89999999999453,830.2137672464439,20,14,2,2,5,-7746750111967946896
dustwake,2,Flint,Pro,0,104000003,true,30.549999999999546,29.011111111109468,117.58333333332794,830.2137672464439,20,14,2,2,5,-1922879500616573402
dustwake,2,Flint,Pro,1,104007922,true,30.41666666666622,28.827777777776145,116.89999999999465,830.2137672464439,20,14,2,2,5,-8107637393155315637
dustwake,2,Flint,Champion,0,104000003,true,30.68333333333287,28.994444444442802,117.66666666666127,830.2137672464439,20,14,2,2,5,3155382040730424215
dustwake,2,Flint,Champion,1,104007922,true,30.49999999999955,28.805555555553923,116.91666666666131,830.2137672464439,20,14,2,2,5,-6144397763370758210
dustwake,3,Quill,Rookie,0,104000003,true,31.43333333333283,29.43888888888722,119.74999999999449,830.2137672464439,20,14,2,2,5,4756073327748792988
dustwake,3,Quill,Rookie,1,104007922,true,31.299999999999503,29.32222222222056,119.26666666666118,830.2137672464439,20,14,2,2,5,-2845902579852245095
dustwake,3,Quill,Club,0,104000003,true,30.349999999999557,28.383333333331723,115.49999999999473,830.2137672464439,20,14,2,2,5,8218589138541985822
dustwake,3,Quill,Club,1,104007922,true,30.1833333333329,28.211111111109513,114.81666666666143,830.2137672464439,20,14,2,2,5,7149467761081574025
dustwake,3,Quill,Pro,0,104000003,true,29.74999999999959,28.0388888888873,113.86666666666149,830.2137672464439,20,14,2,2,5,-2920078436643859280
dustwake,3,Quill,Pro,1,104007922,true,29.433333333332943,27.666666666665098,112.43333333332824,830.2137672464439,20,14,2,2,5,-7172350157213419382
dustwake,3,Quill,Champion,0,104000003,true,29.766666666666257,27.999999999998412,113.7666666666615,830.2137672464439,20,14,2,2,5,-7368484855196971203
dustwake,3,Quill,Champion,1,104007922,true,29.416666666666277,27.799999999998423,112.81666666666155,830.2137672464439,20,14,2,2,5,-670810834356589923
dustwake,3,Vandal,Rookie,0,104000003,true,33.099999999999405,30.461111111109386,124.48333333332755,830.2137672464439,20,14,2,2,5,-53883996186483972
dustwake,3,Vandal,Rookie,1,104007922,true,31.849999999999472,29.677777777776097,120.88333333332776,830.2137672464439,20,14,2,2,5,-7437638788808686968
dustwake,3,Vandal,Club,0,104000003,true,31.616666666666152,28.994444444442802,118.59999999999455,830.2137672464439,20,14,2,2,5,-543956355611906023
dustwake,3,Vandal,Club,1,104007922,true,30.666666666666206,28.372222222220614,115.78333333332805,830.2137672464439,20,14,2,2,5,-5276274686681561167
dustwake,3,Vandal,Pro,0,104000003,true,30.516666666666215,27.983333333331746,114.46666666666145,830.2137672464439,20,14,2,2,5,2475900797293796111
dustwake,3,Vandal,Pro,1,104007922,true,29.86666666666625,27.283333333331786,111.71666666666161,830.2137672464439,20,14,2,2,5,1077538028447130731
dustwake,3,Vandal,Champion,0,104000003,true,30.33333333333289,27.83888888888731,113.84999999999482,830.2137672464439,20,14,2,2,5,-4859229929970411730
dustwake,3,Vandal,Champion,1,104007922,true,29.766666666666257,27.2944444444429,111.64999999999495,830.2137672464439,20,14,2,2,5,4694742399640087775
dustwake,4,Kestrel,Rookie,0,104000003,true,29.68333333333293,27.588888888887325,112.4499999999949,830.2137672464439,20,14,2,2,5,-6778618728094260935
dustwake,4,Kestrel,Rookie,1,104007922,true,29.066666666666297,26.983333333331803,110.0166666666617,830.2137672464439,20,14,2,2,5,4225925659285848808
dustwake,4,Kestrel,Club,0,104000003,true,28.46666666666633,26.822222222220702,108.93333333332843,830.2137672464439,20,14,2,2,5,-6448543202432708163
dustwake,4,Kestrel,Club,1,104007922,true,28.449999999999665,26.52222222222072,108.01666666666182,830.2137672464439,20,14,2,2,5,-5130754525654656597
dustwake,4,Kestrel,Pro,0,104000003,true,28.049999999999688,26.388888888887394,107.21666666666187,830.2137672464439,20,14,2,2,5,234993668492673935
dustwake,4,Kestrel,Pro,1,104007922,true,27.8499999999997,26.0777777777763,106.0833333333286,830.2137672464439,20,14,2,2,5,-7477086560331610848
dustwake,4,Kestrel,Champion,0,104000003,true,27.983333333333025,26.36666666666517,107.08333333332854,830.2137672464439,20,14,2,2,5,2756906464713585114
dustwake,4,Kestrel,Champion,1,104007922,true,27.749999999999705,26.09999999999852,106.04999999999526,830.2137672464439,20,14,2,2,5,7729411272848082542
dustwake,4,Bulwark,Rookie,0,104000003,true,31.3499999999995,29.77777777777609,120.68333333332777,830.2137672464439,20,14,2,2,5,1486195311054010700
dustwake,4,Bulwark,Rookie,1,104007922,true,30.88333333333286,28.599999999998378,116.683333333328,830.2137672464439,20,14,2,2,5,5983519275493405791
dustwake,4,Bulwark,Club,0,104000003,true,30.233333333332897,28.47222222222061,115.64999999999472,830.2137672464439,20,14,2,2,5,-1481784253416720891
dustwake,4,Bulwark,Club,1,104007922,true,29.816666666666254,27.727777777776208,112.99999999999487,830.2137672464439,20,14,2,2,5,-3357074285031089159
dustwake,4,Bulwark,Pro,0,104000003,true,29.316666666666283,27.46666666666511,111.71666666666161,830.2137672464439,20,14,2,2,5,1260505529097565144
dustwake,4,Bulwark,Pro,1,104007922,true,28.74999999999965,26.844444444442924,109.28333333332841,830.2137672464439,20,14,2,2,5,3101699223154316819
dustwake,4,Bulwark,Champion,0,104000003,true,29.383333333332946,27.433333333331777,111.68333333332828,830.2137672464439,20,14,2,2,5,-7314775235311979520
dustwake,4,Bulwark,Champion,1,104007922,true,28.69999999999965,26.822222222220702,109.16666666666175,830.2137672464439,20,14,2,2,5,2035834376654396682
mirage,0,Needle,Rookie,0,104000003,true,39.483333333332375,37.205555555560004,151.1000000000124,900.1108946045955,24,21,2,2,5,6964027897713912679
mirage,0,Needle,Rookie,1,104007922,true,38.21666666666578,36.511111111114644,147.75000000000972,900.1108946045955,24,21,2,2,5,8533477077137644325
mirage,0,Needle,Club,0,104000003,true,38.04999999999912,36.261111111114396,146.83333333334232,900.1108946045955,24,21,2,2,5,-7377773062133855812
mirage,0,Needle,Club,1,104007922,true,37.44999999999916,35.56111111111367,144.13333333334018,900.1108946045955,24,21,2,2,5,-8989121205345422602
mirage,0,Needle,Pro,0,104000003,true,37.2333333333325,35.50555555555801,143.75000000000654,900.1108946045955,24,21,2,2,5,-7569484397378669838
mirage,0,Needle,Pro,1,104007922,true,36.93333333333252,35.08333333333537,142.18333333333862,900.1108946045955,24,21,2,2,5,-1246505979189773361
mirage,0,Needle,Champion,0,104000003,true,37.24999999999917,35.51666666666913,143.80000000000658,900.1108946045955,24,21,2,2,5,-3778013740004615259
mirage,0,Needle,Champion,1,104007922,true,36.833333333332526,35.10000000000202,142.13333333333858,900.1108946045955,24,21,2,2,5,-4611518983651524013
mirage,0,Line,Rookie,0,104000003,true,42.11666666666556,38.83888888889538,158.63333333335171,900.1108946045955,24,21,2,2,5,6564300548754593480
mirage,0,Line,Rookie,1,104007922,true,40.56666666666565,37.700000000005154,153.6666666666811,900.1108946045955,24,21,2,2,5,-511196089225159806
mirage,0,Line,Club,0,104000003,true,39.84999999999902,36.866666666670945,150.45000000001187,900.1108946045955,24,21,2,2,5,-1737618520816899690
mirage,0,Line,Club,1,104007922,true,38.96666666666574,36.111111111114546,147.30000000000936,900.1108946045955,24,21,2,2,5,4553623089857642366
mirage,0,Line,Pro,0,104000003,true,38.466666666665766,35.52777777778061,145.05000000000757,900.1108946045955,24,21,2,2,5,-4527149023918319575
mirage,0,Line,Pro,1,104007922,true,37.89999999999913,34.922222222224406,142.66666666667234,900.1108946045955,24,21,2,2,5,-949563944608803662
mirage,0,Line,Champion,0,104000003,true,38.26666666666578,35.50555555555831,144.7833333333407,900.1108946045955,24,21,2,2,5,8921105642144348602
mirage,0,Line,Champion,1,104007922,true,37.74999999999914,34.800000000002036,142.15000000000526,900.1108946045955,24,21,2,2,5,4361157888439674379
mirage,1,Bastion,Rookie,0,104000003,true,41.64999999999892,38.12777777778357,156.03333333334965,900.1108946045955,24,21,2,2,5,6855238317050151822
mirage,1,Bastion,Rookie,1,104007922,true,40.299999999998995,36.6555555555598,150.2666666666784,900.1108946045955,24,21,2,2,5,-4371481850869984413
mirage,1,Bastion,Club,0,104000003,true,40.183333333332335,35.99444444444813,148.16666666667672,900.1108946045955,24,21,2,2,5,4547882550500652127
mirage,1,Bastion,Club,1,104007922,true,38.933333333332406,35.0055555555581,143.9500000000067,900.1108946045955,24,21,2,2,5,-6862579968958011938
mirage,1,Bastion,Pro,0,104000003,true,38.233333333332446,34.66666666666874,142.23333333333866,900.1108946045955,24,21,2,2,5,-7546357123654193541
mirage,1,Bastion,Pro,1,104007922,true,37.56666666666582,33.86111111111236,139.15000000000288,900.1108946045955,24,21,2,2,5,-8024701082538241346
mirage,1,Bastion,Champion,0,104000003,true,38.199999999999115,34.64444444444649,142.13333333333858,900.1108946045955,24,21,2,2,5,-8248658200763578505
mirage,1,Bastion,Champion,1,104007922,true,37.58333333333248,33.89444444444572,139.26666666666964,900.1108946045955,24,21,2,2,5,-4061806695132130518
mirage,2,Comet,Rookie,0,104000003,true,36.18333333333256,33.7166666666674,137.33333333333476,900.1108946045955,24,21,2,2,5,-7900102111293609703
mirage,2,Comet,Rookie,1,104007922,true,35.5833333333326,32.87222222222211,134.19999999999894,900.1108946045955,24,21,2,2,5,-5323884126798918884
mirage,2,Comet,Club,0,104000003,true,34.849999999999305,32.49999999999938,132.34999999999746,900.1108946045955,24,21,2,2,5,-5886836523080853952
mirage,2,Comet,Club,1,104007922,true,33.88333333333269,31.388888888887113,128.04999999999404,900.1108946045955,24,21,2,2,5,-6617395868083115440
mirage,2,Comet,Pro,0,104000003,true,33.64999999999937,31.28888888888711,127.51666666666071,900.1108946045955,24,21,2,2,5,-2584285865939328803
mirage,2,Comet,Pro,1,104007922,true,33.18333333333273,30.705555555553815,125.29999999999417,900.1108946045955,24,21,2,2,5,7543969861051627430
mirage,2,Comet,Champion,0,104000003,true,33.41666666666605,31.26111111110934,127.19999999999406,900.1108946045955,24,21,2,2,5,4529134526650781406
mirage,2,Comet,Champion,1,104007922,true,32.983333333332745,30.711111111109364,125.11666666666085,900.1108946045955,24,21,2,2,5,1163758920396395320
mirage,1,Trail,Rookie,0,104000003,true,35.899999999999245,33.5111111111116,136.43333333333405,900.1108946045955,24,21,2,2,5,523560429435702404
mirage,1,Trail,Rookie,1,104007922,true,35.13333333333262,32.894444444444225,133.8166666666653,900.1108946045955,24,21,2,2,5,8570922853370264911
mirage,1,Trail,Club,0,104000003,true,34.8999999999993,32.90555555555528,133.61666666666514,900.1108946045955,24,21,2,2,5,-6103576327051557480
mirage,1,Trail,Club,1,104007922,true,34.71666666666598,32.41111111111039,131.94999999999715,900.1108946045955,24,21,2,2,5,2324419894111366423
mirage,1,Trail,Pro,0,104000003,true,34.44999999999933,32.45555555555479,131.8166666666637,900.1108946045955,24,21,2,2,5,4968871031197273391
mirage,1,Trail,Pro,1,104007922,true,34.149999999999345,32.166666666665584,130.6499999999961,900.1108946045955,24,21,2,2,5,-6316708704395469849
mirage,1,Trail,Champion,0,104000003,true,34.43333333333266,32.44999999999923,131.78333333333035,900.1108946045955,24,21,2,2,5,4394705546892469376
mirage,1,Trail,Champion,1,104007922,true,34.08333333333268,32.21111111111005,130.71666666666283,900.1108946045955,24,21,2,2,5,9186759226040934042
mirage,2,Flint,Rookie,0,104000003,true,35.01666666666596,32.96666666666647,133.91666666666538,900.1108946045955,24,21,2,2,5,-1840581500305107890
mirage,2,Flint,Rookie,1,104007922,true,34.68333333333265,32.6166666666661,132.53333333333094,900.1108946045955,24,21,2,2,5,-7362148340014031393
mirage,2,Flint,Club,0,104000003,true,33.949999999999356,32.08333333333213,130.19999999999575,900.1108946045955,24,21,2,2,5,-4205906720607787992
mirage,2,Flint,Club,1,104007922,true,33.7833333333327,31.911111111109722,129.51666666666188,900.1108946045955,24,21,2,2,5,-5200408371840246444
mirage,2,Flint,Pro,0,104000003,true,33.29999999999939,31.566666666664872,127.99999999999402,900.1108946045955,24,21,2,2,5,8697781392828857197
mirage,2,Flint,Pro,1,104007922,true,33.11666666666607,31.327777777776003,127.09999999999407,900.1108946045955,24,21,2,2,5,-2412664036324175507
mirage,2,Flint,Champion,0,104000003,true,33.216666666666065,31.53333333333154,127.8166666666607,900.1108946045955,24,21,2,2,5,912963323492143797
mirage,2,Flint,Champion,1,104007922,true,33.04999999999941,31.405555555553775,127.26666666666073,900.1108946045955,24,21,2,2,5,-7726308005926127734
mirage,3,Quill,Rookie,0,104000003,true,33.99999999999935,31.85555555555419,129.56666666666192,900.1108946045955,24,21,2,2,5,-5437349540356691752
mirage,3,Quill,Rookie,1,104007922,true,33.89999999999936,31.28333333333156,127.74999999999403,900.1108946045955,24,21,2,2,5,-2325562056970510996
mirage,3,Quill,Club,0,104000003,true,32.83333333333275,30.999999999998238,125.83333333332747,900.1108946045955,24,21,2,2,5,-1657389317761822882
mirage,3,Quill,Club,1,104007922,true,32.749999999999424,30.83888888888714,125.26666666666084,900.1108946045955,24,21,2,2,5,-36427885491846546
mirage,3,Quill,Pro,0,104000003,true,32.21666666666612,30.472222222220495,123.6333333333276,900.1108946045955,24,21,2,2,5,4131629470639110059
mirage,3,Quill,Pro,1,104007922,true,31.916666666666135,30.24444444444273,122.64999999999432,900.1108946045955,24,21,2,2,5,3207542499796168535
mirage,3,Quill,Champion,0,104000003,true,32.18333333333279,30.461111111109386,123.56666666666094,900.1108946045955,24,21,2,2,5,-1399668950334032095
mirage,3,Quill,Champion,1,104007922,true,31.916666666666135,30.194444444442734,122.49999999999433,900.1108946045955,24,21,2,2,5,1513531166759245101
mirage,3,Vandal,Rookie,0,104000003,true,35.26666666666595,32.43333333333279,132.5666666666643,900.1108946045955,24,21,2,2,5,-3609758638519136707
mirage,3,Vandal,Rookie,1,104007922,true,34.54999999999932,31.605555555554144,129.36666666666176,900.1108946045955,24,21,2,2,5,-3657237894945831539
mirage,3,Vandal,Club,0,104000003,true,34.033333333332685,31.144444444442673,127.46666666666071,900.1108946045955,24,21,2,2,5,-5836308815697394911
mirage,3,Vandal,Club,1,104007922,true,33.08333333333274,30.255555555553837,123.84999999999425,900.1108946045955,24,21,2,2,5,-6226072782471422140
mirage,3,Vandal,Pro,0,104000003,true,32.666666666666096,30.033333333331626,122.76666666666098,900.1108946045955,24,21,2,2,5,1104861944174687426
mirage,3,Vandal,Pro,1,104007922,true,31.833333333332806,29.422222222220554,120.09999999999447,900.1108946045955,24,21,2,2,5,-60920741138865006
mirage,3,Vandal,Champion,0,104000003,true,32.38333333333278,29.999999999998295,122.38333333332767,900.1108946045955,24,21,2,2,5,1970798282829638825
mirage,3,Vandal,Champion,1,104007922,true,31.983333333332798,29.366666666665,120.0833333333278,900.1108946045955,24,21,2,2,5,-7800267190497439919
mirage,4,Kestrel,Rookie,0,104000003,true,31.9333333333328,29.811111111109422,121.36666666666106,900.1108946045955,24,21,2,2,5,-3651467383575347062
mirage,4,Kestrel,Rookie,1,104007922,true,31.533333333332823,30.088888888887183,121.79999999999437,900.1108946045955,24,21,2,2,5,-2140453623980909289
mirage,4,Kestrel,Club,0,104000003,true,30.68333333333287,29.072222222220574,117.89999999999459,900.1108946045955,24,21,2,2,5,556414016008059443
mirage,4,Kestrel,Club,1,104007922,true,30.933333333332858,29.07777777777613,118.16666666666124,900.1108946045955,24,21,2,2,5,-3352171563151767290
mirage,4,Kestrel,Pro,0,104000003,true,30.399999999999554,28.65555555555393,116.36666666666135,900.1108946045955,24,21,2,2,5,-4180501606189076605
mirage,4,Kestrel,Pro,1,104007922,true,30.26666666666623,28.51666666666505,115.81666666666138,900.1108946045955,24,21,2,2,5,-2233783849249180486
mirage,4,Kestrel,Champion,0,104000003,true,30.283333333332894,28.716666666665038,116.43333333332801,900.1108946045955,24,21,2,2,5,-7213027440924447813
mirage,4,Kestrel,Champion,1,104007922,true,30.1833333333329,28.499999999998384,115.68333333332805,900.1108946045955,24,21,2,2,5,-5534029244795895162
mirage,4,Bulwark,Rookie,0,104000003,true,33.81666666666603,31.877777777776373,129.44999999999516,900.1108946045955,24,21,2,2,5,-8576738524892214120
mirage,4,Bulwark,Rookie,1,104007922,true,33.016666666666076,30.688888888887146,125.08333333332752,900.1108946045955,24,21,2,2,5,-1974359721897421217
mirage,4,Bulwark,Club,0,104000003,true,32.33333333333278,30.427777777776054,123.61666666666093,900.1108946045955,24,21,2,2,5,-5374852501220583709
mirage,4,Bulwark,Club,1,104007922,true,31.916666666666135,29.866666666664972,121.51666666666105,900.1108946045955,24,21,2,2,5,7245750099425352378
mirage,4,Bulwark,Pro,0,104000003,true,31.533333333332823,29.538888888887215,120.14999999999446,900.1108946045955,24,21,2,2,5,8491430686761107216
mirage,4,Bulwark,Pro,1,104007922,true,31.016666666666186,28.922222222220583,117.78333333332793,900.1108946045955,24,21,2,2,5,-7835425176723439479
mirage,4,Bulwark,Champion,0,104000003,true,31.449999999999495,29.59999999999832,120.24999999999446,900.1108946045955,24,21,2,2,5,-1864120341915811046
mirage,4,Bulwark,Champion,1,104007922,true,30.816666666666197,29.00555555555391,117.83333333332793,900.1108946045955,24,21,2,2,5,-3938130834075071789
sunspike,0,Needle,Rookie,0,104000003,true,46.216666666665326,44.288888888900885,179.083333333368,1103.7365978719886,28,9,2,2,5,826568223115099355
sunspike,0,Needle,Rookie,1,104007922,true,45.69999999999869,43.51666666667791,176.2500000000324,1103.7365978719886,28,9,2,2,5,-2653652330015118347
sunspike,0,Needle,Club,0,104000003,true,45.23333333333205,43.38333333334433,175.38333333336504,1103.7365978719886,28,9,2,2,5,6724516672676346885
sunspike,0,Needle,Club,1,104007922,true,44.549999999998754,42.722222222232496,172.71666666669626,1103.7365978719886,28,9,2,2,5,7743727629233819358
sunspike,0,Needle,Pro,0,104000003,true,44.53333333333209,42.755555555565856,172.80000000002966,1103.7365978719886,28,9,2,2,5,-7154023194069693099
sunspike,0,Needle,Pro,1,104007922,true,44.09999999999878,42.38888888889878,171.2666666666951,1103.7365978719886,28,9,2,2,5,-8326931033397193920
sunspike,0,Needle,Champion,0,104000003,true,44.549999999998754,42.800000000010336,172.95000000002977,1103.7365978719886,28,9,2,2,5,5107122577195896896
sunspike,0,Needle,Champion,1,104007922,true,44.116666666665445,42.39444444445434,171.30000000002846,1103.7365978719886,28,9,2,2,5,5793612921742244052
sunspike,0,Line,Rookie,0,104000003,true,48.11666666666522,45.0000000000131,183.11666666670453,1103.7365978719886,28,9,2,2,5,3616236196859753098
sunspike,0,Line,Rookie,1,104007922,true,46.96666666666528,43.82777777778963,178.45000000003415,1103.7365978719886,28,9,2,2,5,-7122698788534320707
sunspike,0,Line,Club,0,104000003,true,46.299999999998654,43.3611111111224,176.38333333336584,1103.7365978719886,28,9,2,2,5,2100751089207521943
sunspike,0,Line,Club,1,104007922,true,45.4499999999987,42.43888888889919,172.7666666666963,1103.7365978719886,28,9,2,2,5,396776513414338879
sunspike,0,Line,Pro,0,104000003,true,44.84999999999874,41.872222222231905,170.46666666669446,1103.7365978719886,28,9,2,2,5,-85325743198921194
sunspike,0,Line,Pro,1,104007922,true,44.233333333332105,41.25555555556458,168.00000000002584,1103.7365978719886,28,9,2,2,5,-8920377665293831949
sunspike,0,Line,Champion,0,104000003,true,44.783333333332074,41.80555555556517,170.2000000000276,1103.7365978719886,28,9,2,2,5,6991282471552615979
sunspike,0,Line,Champion,1,104007922,true,44.199999999998774,41.26111111112013,167.98333333335916,1103.7365978719886,28,9,2,2,5,-6227886035374663602
sunspike,1,Bastion,Rookie,0,104000003,true,47.31666666666526,43.55000000001172,177.96666666670043,1103.7365978719886,28,9,2,2,5,5964292472864412781
sunspike,1,Bastion,Rookie,1,104007922,true,45.949999999998674,41.8888888888989,171.61666666669538,1103.7365978719886,28,9,2,2,5,5540130938021290670
sunspike,1,Bastion,Club,0,104000003,true,45.21666666666538,41.188888888898134,168.7833333333598,1103.7365978719886,28,9,2,2,5,7473313686064306191
sunspike,1,Bastion,Club,1,104007922,true,44.76666666666541,40.23888888889726,165.48333333335717,1103.7365978719886,28,9,2,2,5,2198158653051046040
sunspike,1,Bastion,Pro,0,104000003,true,43.683333333332136,39.76111111111879,162.9666666666885,1103.7365978719886,28,9,2,2,5,8155342301759939059
sunspike,1,Bastion,Pro,1,104007922,true,43.04999999999884,39.122222222229205,160.41666666668647,1103.7365978719886,28,9,2,2,5,1774327247189382113
sunspike,1,Bastion,Champion,0,104000003,true,43.51666666666548,39.66666666667422,162.51666666668814,1103.7365978719886,28,9,2,2,5,-4023479763306527933
sunspike,1,Bastion,Champion,1,104007922,true,42.91666666666551,38.98333333334017,159.86666666668603,1103.7365978719886,28,9,2,2,5,1040129004679178145
sunspike,2,Comet,Rookie,0,104000003,true,40.89999999999896,38.77777777778388,157.2333333333506,1103.7365978719886,28,9,2,2,5,-8839403885466921163
sunspike,2,Comet,Rookie,1,104007922,true,40.08333333333234,37.81111111111621,153.51666666668098,1103.7365978719886,28,9,2,2,5,-8903479575181981150
sunspike,2,Comet,Club,0,104000003,true,39.81666666666569,37.305555555560176,151.73333333334622,1103.7365978719886,28,9,2,2,5,-6764702365076614637
sunspike,2,Comet,Club,1,104007922,true,38.933333333332406,36.50555555555929,148.45000000001028,1103.7365978719886,28,9,2,2,5,4177249343453015196
sunspike,2,Comet,Pro,0,104000003,true,38.56666666666576,36.12777777778111,146.95000000000908,1103.7365978719886,28,9,2,2,5,-8155891779885515563
sunspike,2,Comet,Pro,1,104007922,true,37.9166666666658,35.6444444444472,144.8500000000074,1103.7365978719886,28,9,2,2,5,6451184687290451403
sunspike,2,Comet,Champion,0,104000003,true,38.199999999999115,35.96666666666977,146.1000000000084,1103.7365978719886,28,9,2,2,5,2537214958193307877
sunspike,2,Comet,Champion,1,104007922,true,37.8666666666658,35.633333333336076,144.766666666674,1103.7365978719886,28,9,2,2,5,-6685689030525271572
sunspike,1,Trail,Rookie,0,104000003,true,42.49999999999887,40.10000000000761,162.8000000000217,1103.7365978719886,28,9,2,2,5,381285382423524998
sunspike,1,Trail,Rookie,1,104007922,true,41.9499999999989,39.55555555556257,160.61666666668663,1103.7365978719886,28,9,2,2,5,-3189277162843162026
sunspike,1,Trail,Club,0,104000003,true,41.73333333333225,39.62777777778479,160.61666666668663,1103.7365978719886,28,9,2,2,5,-4859077265331202666
sunspike,1,Trail,Club,1,104007922,true,41.316666666665604,39.183333333339874,158.86666666668523,1103.7365978719886,28,9,2,2,5,8740744227006383650
sunspike,1,Trail,Pro,0,104000003,true,41.26666666666561,39.28888888889551,159.1333333333521,1103.7365978719886,28,9,2,2,5,-2819032567844664148
sunspike,1,Trail,Pro,1,104007922,true,40.883333333332295,38.911111111117314,157.61666666668424,1103.7365978719886,28,9,2,2,5,732849004765241768
sunspike,1,Trail,Champion,0,104000003,true,41.29999999999894,39.283333333339954,159.1500000000188,1103.7365978719886,28,9,2,2,5,-3806171041846057070
sunspike,1,Trail,Champion,1,104007922,true,40.89999999999896,38.9555555555618,157.76666666668436,1103.7365978719886,28,9,2,2,5,-31586638152887297
sunspike,2,Flint,Rookie,0,104000003,true,40.79999999999897,39.02222222222849,157.86666666668444,1103.7365978719886,28,9,2,2,5,3041516284226387201
sunspike,2,Flint,Rookie,1,104007922,true,40.7833333333323,38.79444444445053,157.16666666668388,1103.7365978719886,28,9,2,2,5,-3598901238181089236
sunspike,2,Flint,Club,0,104000003,true,40.066666666665675,38.43333333333893,155.36666666668245,1103.7365978719886,28,9,2,2,5,-3371172850245452932
sunspike,2,Flint,Club,1,104007922,true,39.799999999999024,38.02222222222741,153.86666666668125,1103.7365978719886,28,9,2,2,5,5155926843797485533
sunspike,2,Flint,Pro,0,104000003,true,39.483333333332375,37.8722222222272,153.10000000001398,1103.7365978719886,28,9,2,2,5,-2316118221286502271
sunspike,2,Flint,Pro,1,104007922,true,39.29999999999905,37.58888888889359,152.06666666667982,1103.7365978719886,28,9,2,2,5,8362520538794907290
sunspike,2,Flint,Champion,0,104000003,true,39.49999999999904,37.85555555556053,153.06666666668062,1103.7365978719886,28,9,2,2,5,2873938635511364572
sunspike,2,Flint,Champion,1,104007922,true,39.31666666666572,37.66111111111587,152.30000000001334,1103.7365978719886,28,9,2,2,5,6874864183557449472
sunspike,3,Quill,Rookie,0,104000003,true,39.38333333333238,37.522222222226894,151.95000000001306,1103.7365978719886,28,9,2,2,5,-652511044321967479
sunspike,3,Quill,Rookie,1,104007922,true,39.333333333332384,37.31666666667116,151.28333333334587,1103.7365978719886,28,9,2,2,5,5112383578925988556
sunspike,3,Quill,Club,0,104000003,true,38.63333333333242,36.805555555559444,149.05000000001075,1103.7365978719886,28,9,2,2,5,-7245229820016001477
sunspike,3,Quill,Club,1,104007922,true,38.199999999999115,36.466666666670164,147.6000000000096,1103.7365978719886,28,9,2,2,5,1702253840452448983
sunspike,3,Quill,Pro,0,104000003,true,38.083333333332455,36.28888888889221,146.95000000000908,1103.7365978719886,28,9,2,2,5,6381473671689540819
sunspike,3,Quill,Pro,1,104007922,true,37.83333333333247,36.03333333333638,145.9333333333416,1103.7365978719886,28,9,2,2,5,4995588892138312726
sunspike,3,Quill,Champion,0,104000003,true,38.03333333333246,36.333333333336675,147.03333333334248,1103.7365978719886,28,9,2,2,5,9211780934111494549
sunspike,3,Quill,Champion,1,104007922,true,37.8166666666658,36.13333333333645,146.21666666667517,1103.7365978719886,28,9,2,2,5,5474226722082452853
sunspike,3,Vandal,Rookie,0,104000003,true,39.949999999999015,37.38888888889361,152.11666666667986,1103.7365978719886,28,9,2,2,5,-3851174814092979134
sunspike,3,Vandal,Rookie,1,104007922,true,38.88333333333241,36.08888888889228,147.15000000000924,1103.7365978719886,28,9,2,2,5,-2918149505898240355
sunspike,3,Vandal,Club,0,104000003,true,38.51666666666576,35.98333333333653,146.46666666667537,1103.7365978719886,28,9,2,2,5,5803497481500854121
sunspike,3,Vandal,Club,1,104007922,true,37.74999999999914,35.238888888891275,143.46666666667298,1103.7365978719886,28,9,2,2,5,-4630175518474830495
sunspike,3,Vandal,Pro,0,104000003,true,37.48333333333249,34.822222222224205,141.9500000000051,1103.7365978719886,28,9,2,2,5,-5137217495783076100
sunspike,3,Vandal,Pro,1,104007922,true,36.98333333333252,34.411111111112625,140.2166666666704,1103.7365978719886,28,9,2,2,5,-4036747652706711608
sunspike,3,Vandal,Champion,0,104000003,true,37.383333333332494,34.81111111111306,141.81666666667167,1103.7365978719886,28,9,2,2,5,811733760653708708
sunspike,3,Vandal,Champion,1,104007922,true,36.89999999999919,34.394444444445924,140.08333333333695,1103.7365978719886,28,9,2,2,5,7603014899158789575
sunspike,4,Kestrel,Rookie,0,104000003,true,37.299999999999166,35.37777777778015,143.43333333333962,1103.7365978719886,28,9,2,2,5,-4025446302279244853
sunspike,4,Kestrel,Rookie,1,104007922,true,36.599999999999206,34.85000000000176,141.15000000000447,1103.7365978719886,28,9,2,2,5,8809745395256240156
sunspike,4,Kestrel,Club,0,104000003,true,36.28333333333256,34.672222222223745,140.3000000000038,1103.7365978719886,28,9,2,2,5,8076735475742115720
sunspike,4,Kestrel,Club,1,104007922,true,36.31666666666589,34.50555555555695,139.83333333333675,1103.7365978719886,28,9,2,2,5,1834742374718350165
sunspike,4,Kestrel,Pro,0,104000003,true,35.93333333333258,34.22222222222329,138.60000000000244,1103.7365978719886,28,9,2,2,5,-2633566025974880698
sunspike,4,Kestrel,Pro,1,104007922,true,35.64999999999926,33.97777777777856,137.58333333333496,1103.7365978719886,28,9,2,2,5,-7613586069169804139
sunspike,4,Kestrel,Champion,0,104000003,true,35.866666666665914,34.19444444444547,138.45000000000232,1103.7365978719886,28,9,2,2,5,9080990272646209805
sunspike,4,Kestrel,Champion,1,104007922,true,35.61666666666593,33.983333333334116,137.56666666666828,1103.7365978719886,28,9,2,2,5,7231939399409372401
sunspike,4,Bulwark,Rookie,0,104000003,true,38.73333333333242,36.366666666670234,147.83333333334312,1103.7365978719886,28,9,2,2,5,-5884761774925233335
sunspike,4,Bulwark,Rookie,1,104007922,true,37.68333333333248,35.46111111111366,144.06666666667346,1103.7365978719886,28,9,2,2,5,-4662998412115129288
sunspike,4,Bulwark,Club,0,104000003,true,37.68333333333248,35.35000000000246,143.73333333333986,1103.7365978719886,28,9,2,2,5,-2661639560585598263
sunspike,4,Bulwark,Club,1,104007922,true,36.43333333333255,34.68333333333491,140.48333333333727,1103.7365978719886,28,9,2,2,5,-2428601189839372781
sunspike,4,Bulwark,Pro,0,104000003,true,36.49999999999921,34.41111111111249,139.73333333333667,1103.7365978719886,28,9,2,2,5,-8244310879465685246
sunspike,4,Bulwark,Pro,1,104007922,true,35.76666666666592,33.866666666667406,137.36666666666812,1103.7365978719886,28,9,2,2,5,-8181850948962565926
sunspike,4,Bulwark,Champion,0,104000003,true,36.28333333333256,34.361111111112386,139.36666666666972,1103.7365978719886,28,9,2,2,5,6114103408533647515
sunspike,4,Bulwark,Champion,1,104007922,true,35.666666666665925,33.82777777777846,137.15000000000128,1103.7365978719886,28,9,2,2,5,7380585518488082152
sluice,0,Needle,Rookie,0,104000003,true,31.949999999999466,29.783333333331644,121.2999999999944,692.9227997189522,18,14,2,2,5,1685720129535520208
sluice,0,Needle,Rookie,1,104007922,true,31.333333333332835,29.149999999998347,118.78333333332787,692.9227997189522,18,14,2,2,5,3827737859637527171
sluice,0,Needle,Club,0,104000003,true,30.716666666666203,28.905555555553917,117.43333333332795,692.9227997189522,18,14,2,2,5,-4593994694715153063
sluice,0,Needle,Club,1,104007922,true,30.366666666666223,28.327777777776173,115.34999999999474,692.9227997189522,18,14,2,2,5,6249674765245898727
sluice,0,Needle,Pro,0,104000003,true,29.98333333333291,28.211111111109513,114.61666666666144,692.9227997189522,18,14,2,2,5,-4946014199668991606
sluice,0,Needle,Pro,1,104007922,true,29.583333333332934,27.822222222220645,113.04999999999487,692.9227997189522,18,14,2,2,5,4604357526550222088
sluice,0,Needle,Champion,0,104000003,true,29.94999999999958,28.249999999998398,114.69999999999477,692.9227997189522,18,14,2,2,5,-5321272458841774619
sluice,0,Needle,Champion,1,104007922,true,29.666666666666263,27.866666666665086,113.26666666666152,692.9227997189522,18,14,2,2,5,6709104061500716824
sluice,0,Line,Rookie,0,104000003,true,35.11666666666596,31.894444444443423,130.79999999999623,692.9227997189522,18,14,2,2,5,-1998902569500304886
sluice,0,Line,Rookie,1,104007922,true,34.16666666666601,31.03333333333157,127.26666666666073,692.9227997189522,18,14,2,2,5,-1255919693896868319
sluice,0,Line,Club,0,104000003,true,33.1499999999994,30.211111111109393,123.78333333332759,692.9227997189522,18,14,2,2,5,-7970482804183267113
sluice,0,Line,Club,1,104007922,true,32.59999999999943,29.644444444442758,121.53333333332772,692.9227997189522,18,14,2,2,5,4319180794178784413
sluice,0,Line,Pro,0,104000003,true,31.66666666666615,28.85555555555392,118.2333333333279,692.9227997189522,18,14,2,2,5,-8133898343829696338
sluice,0,Line,Pro,1,104007922,true,31.299999999999503,28.42222222222061,116.56666666666133,692.9227997189522,18,14,2,2,5,757845157105315906
sluice,0,Line,Champion,0,104000003,true,31.716666666666146,28.755555555553926,117.98333333332792,692.9227997189522,18,14,2,2,5,9213225316699578929
sluice,0,Line,Champion,1,104007922,true,31.19999999999951,28.39999999999839,116.39999999999468,692.9227997189522,18,14,2,2,5,8765981866272229405
sluice,1,Bastion,Rookie,0,104000003,true,35.88333333333258,32.57777777777752,133.61666666666514,692.9227997189522,18,14,2,2,5,708321840142313546
sluice,1,Bastion,Rookie,1,104007922,true,34.299999999999336,31.211111111109336,127.93333333332735,692.9227997189522,18,14,2,2,5,6118336310264092982
sluice,1,Bastion,Club,0,104000003,true,33.7833333333327,30.76111111110937,126.0666666666608,692.9227997189522,18,14,2,2,5,1108281742244476109
sluice,1,Bastion,Club,1,104007922,true,32.96666666666608,30.077777777776067,123.19999999999429,692.9227997189522,18,14,2,2,5,2046697868134462677
sluice,1,Bastion,Pro,0,104000003,true,32.29999999999945,29.183333333331678,119.84999999999448,692.9227997189522,18,14,2,2,5,-1206476686410918060
sluice,1,Bastion,Pro,1,104007922,true,31.799999999999475,28.544444444442828,117.43333333332795,692.9227997189522,18,14,2,2,5,-1067237410895224954
sluice,1,Bastion,Champion,0,104000003,true,32.29999999999945,29.105555555553906,119.61666666666116,692.9227997189522,18,14,2,2,5,2716228489762235061
sluice,1,Bastion,Champion,1,104007922,true,31.716666666666146,28.49444444444283,117.19999999999463,692.9227997189522,18,14,2,2,5,-3808344939812623279
sluice,2,Comet,Rookie,0,104000003,true,31.599999999999486,28.994444444442802,118.58333333332789,692.9227997189522,18,14,2,2,5,-8558252248420021999
sluice,2,Comet,Rookie,1,104007922,true,30.61666666666621,28.183333333331735,115.16666666666141,692.9227997189522,18,14,2,2,5,-888061154754135116
sluice,2,Comet,Club,0,104000003,true,29.24999999999962,27.37222222222067,111.36666666666163,692.9227997189522,18,14,2,2,5,699396619634243105
sluice,2,Comet,Club,1,104007922,true,28.966666666666303,26.677777777776267,108.9999999999951,692.9227997189522,18,14,2,2,5,78952488865589711
sluice,2,Comet,Pro,0,104000003,true,28.383333333333002,26.083333333331854,106.63333333332857,692.9227997189522,18,14,2,2,5,-3920472379155866758
sluice,2,Comet,Pro,1,104007922,true,27.866666666666365,25.766666666665206,105.16666666666198,692.9227997189522,18,14,2,2,5,5554070449602844186
sluice,2,Comet,Champion,0,104000003,true,28.133333333333017,26.105555555554076,106.44999999999524,692.9227997189522,18,14,2,2,5,7390032845424481605
sluice,2,Comet,Champion,1,104007922,true,27.683333333333042,25.63333333333188,104.58333333332868,692.9227997189522,18,14,2,2,5,7263253568017197620
sluice,1,Trail,Rookie,0,104000003,true,28.78333333333298,26.561111111109607,108.4666666666618,692.9227997189522,18,14,2,2,5,-5053453866827456613
sluice,1,Trail,Rookie,1,104007922,true,28.333333333333005,25.872222222220756,105.94999999999527,692.9227997189522,18,14,2,2,5,554940308347463830
sluice,1,Trail,Club,0,104000003,true,28.166666666666348,25.97222222222075,106.0833333333286,692.9227997189522,18,14,2,2,5,-4717006660065805632
sluice,1,Trail,Club,1,104007922,true,27.799999999999702,25.649999999998546,104.74999999999534,692.9227997189522,18,14,2,2,5,5715101662212606869
sluice,1,Trail,Pro,0,104000003,true,27.549999999999716,25.555555555554108,104.21666666666204,692.9227997189522,18,14,2,2,5,-8476858097419913382
sluice,1,Trail,Pro,1,104007922,true,27.29999999999973,25.322222222220788,103.26666666666209,692.9227997189522,18,14,2,2,5,5704993610479822004
sluice,1,Trail,Champion,0,104000003,true,27.53333333333305,25.62222222222077,104.39999999999536,692.9227997189522,18,14,2,2,5,1513667410973916154
sluice,1,Trail,Champion,1,104007922,true,27.233333333333068,25.299999999998565,103.13333333332876,692.9227997189522,18,14,2,2,5,5128016323454642631
sluice,2,Flint,Rookie,0,104000003,true,28.69999999999965,26.622222222220714,108.56666666666179,692.9227997189522,18,14,2,2,5,2108560600041361992
sluice,2,Flint,Rookie,1,104007922,true,28.133333333333017,26.27777777777629,106.96666666666188,692.9227997189522,18,14,2,2,5,-8064087370820741945
sluice,2,Flint,Club,0,104000003,true,27.483333333333054,25.73888888888743,104.69999999999534,692.9227997189522,18,14,2,2,5,-2443747365966363001
sluice,2,Flint,Club,1,104007922,true,27.399999999999725,25.744444444442987,104.63333333332868,692.9227997189522,18,14,2,2,5,608356389129715906
sluice,2,Flint,Pro,0,104000003,true,26.699999999999765,25.08333333333191,101.9499999999955,692.9227997189522,18,14,2,2,5,-6416901488544071093
sluice,2,Flint,Pro,1,104007922,true,26.6833333333331,24.961111111109698,101.56666666666219,692.9227997189522,18,14,2,2,5,1217530334807245200
sluice,2,Flint,Champion,0,104000003,true,26.783333333333093,25.00555555555414,101.7999999999955,692.9227997189522,18,14,2,2,5,-2928495080191356319
sluice,2,Flint,Champion,1,104007922,true,26.633333333333102,24.96666666666525,101.53333333332886,692.9227997189522,18,14,2,2,5,2114994321695882502
sluice,3,Quill,Rookie,0,104000003,true,27.64999999999971,25.77777777777632,104.98333333332866,692.9227997189522,18,14,2,2,5,-3456763747344284411
sluice,3,Quill,Rookie,1,104007922,true,27.566666666666382,25.322222222220788,103.53333333332874,692.9227997189522,18,14,2,2,5,1869869336528116527
sluice,3,Quill,Club,0,104000003,true,26.6833333333331,24.84999999999859,101.23333333332887,692.9227997189522,18,14,2,2,5,4552975942375107525
sluice,3,Quill,Club,1,104007922,true,26.866666666666422,24.844444444443038,101.39999999999553,692.9227997189522,18,14,2,2,5,-7725980978477830817
sluice,3,Quill,Pro,0,104000003,true,26.116666666666465,24.483333333331945,99.5666666666623,692.9227997189522,18,14,2,2,5,-7226436882174488745
sluice,3,Quill,Pro,1,104007922,true,25.949999999999807,24.261111111109738,98.73333333332901,692.9227997189522,18,14,2,2,5,1854663278214792208
sluice,3,Quill,Champion,0,104000003,true,26.183333333333128,24.46666666666528,99.58333333332897,692.9227997189522,18,14,2,2,5,-7203243093481156291
sluice,3,Quill,Champion,1,104007922,true,25.883333333333145,24.199999999998628,98.48333333332903,692.9227997189522,18,14,2,2,5,6590185674162939788
sluice,3,Vandal,Rookie,0,104000003,true,29.94999999999958,27.09444444444291,111.2333333333283,692.9227997189522,18,14,2,2,5,-3065054614489442602
sluice,3,Vandal,Rookie,1,104007922,true,29.0166666666663,26.63888888888738,108.93333333332843,692.9227997189522,18,14,2,2,5,3083867849058558361
sluice,3,Vandal,Club,0,104000003,true,28.449999999999665,25.988888888887416,106.41666666666191,692.9227997189522,18,14,2,2,5,-1376522928629859150
sluice,3,Vandal,Club,1,104007922,true,27.633333333333045,25.333333333331897,103.63333333332874,692.9227997189522,18,14,2,2,5,7767520368155026821
sluice,3,Vandal,Pro,0,104000003,true,27.133333333333074,24.84999999999859,101.68333333332885,692.9227997189522,18,14,2,2,5,2839219231658522012
sluice,3,Vandal,Pro,1,104007922,true,26.733333333333096,24.316666666665288,99.68333333332896,692.9227997189522,18,14,2,2,5,-6475225276345857078
sluice,3,Vandal,Champion,0,104000003,true,27.049999999999745,24.788888888887485,101.4166666666622,692.9227997189522,18,14,2,2,5,8829925083741016638
sluice,3,Vandal,Champion,1,104007922,true,26.633333333333102,24.29444444444307,99.5166666666623,692.9227997189522,18,14,2,2,5,3558746545690917051
sluice,4,Kestrel,Rookie,0,104000003,true,26.166666666666462,24.261111111109738,98.94999999999567,692.9227997189522,18,14,2,2,5,6901545322895097026
sluice,4,Kestrel,Rookie,1,104007922,true,25.63333333333316,23.811111111109764,97.06666666666244,692.9227997189522,18,14,2,2,5,3323484700108590131
sluice,4,Kestrel,Club,0,104000003,true,25.216666666666516,23.222222222220907,94.88333333332923,692.9227997189522,18,14,2,2,5,7246252904053555586
sluice,4,Kestrel,Club,1,104007922,true,25.249999999999847,23.25555555555424,95.01666666666256,692.9227997189522,18,14,2,2,5,3613561959065365284
sluice,4,Kestrel,Pro,0,104000003,true,24.749999999999876,23.02222222222092,93.81666666666263,692.9227997189522,18,14,2,2,5,4360875322417644338
sluice,4,Kestrel,Pro,1,104007922,true,24.49999999999989,22.799999999998708,92.89999999999601,692.9227997189522,18,14,2,2,5,-9841518910662469
sluice,4,Kestrel,Champion,0,104000003,true,24.683333333333213,23.027777777776475,93.76666666666263,692.9227997189522,18,14,2,2,5,8672221429564667708
sluice,4,Kestrel,Champion,1,104007922,true,24.41666666666656,22.81111111110982,92.84999999999602,692.9227997189522,18,14,2,2,5,-2466356973186172990
sluice,4,Bulwark,Rookie,0,104000003,true,28.81666666666631,26.494444444442944,108.29999999999514,692.9227997189522,18,14,2,2,5,3856054963596003341
sluice,4,Bulwark,Rookie,1,104007922,true,27.916666666666362,25.688888888887433,104.98333333332866,692.9227997189522,18,14,2,2,5,-4440732374372299936
sluice,4,Bulwark,Club,0,104000003,true,27.116666666666408,25.205555555554128,102.73333333332879,692.9227997189522,18,14,2,2,5,-3597765439021178708
sluice,4,Bulwark,Club,1,104007922,true,26.71666666666643,24.73333333333193,100.91666666666222,692.9227997189522,18,14,2,2,5,-6522006969896236059
sluice,4,Bulwark,Pro,0,104000003,true,25.966666666666473,24.216666666665294,98.61666666666235,692.9227997189522,18,14,2,2,5,-9142291603025341405
sluice,4,Bulwark,Pro,1,104007922,true,25.4666666666665,23.694444444443103,96.5499999999958,692.9227997189522,18,14,2,2,5,2395706825757867159
sluice,4,Bulwark,Champion,0,104000003,true,26.13333333333313,24.144444444443078,98.56666666666236,692.9227997189522,18,14,2,2,5,-5394147568538001932
sluice,4,Bulwark,Champion,1,104007922,true,25.69999999999982,23.76666666666532,96.99999999999578,692.9227997189522,18,14,2,2,5,5949843115414459761
reedcut,0,Needle,Rookie,0,104000003,true,34.849999999999305,32.84999999999966,133.3999999999983,762.3949964135703,22,19,2,2,5,9118174795714165803
reedcut,0,Needle,Rookie,1,104007922,true,34.63333333333265,32.08888888888789,130.8999999999963,762.3949964135703,22,19,2,2,5,5772678049482030192
reedcut,0,Needle,Club,0,104000003,true,33.7333333333327,32.09999999999875,130.03333333332895,762.3949964135703,22,19,2,2,5,-8431672546186820205
reedcut,0,Needle,Club,1,104007922,true,33.06666666666607,31.205555555553786,126.68333333332743,762.3949964135703,22,19,2,2,5,5164875435800577283
reedcut,0,Needle,Pro,0,104000003,true,32.93333333333275,31.199999999998226,126.53333333332743,762.3949964135703,22,19,2,2,5,-2841818682229175106
reedcut,0,Needle,Pro,1,104007922,true,32.5666666666661,30.75555555555381,124.83333333332753,762.3949964135703,22,19,2,2,5,-5207716857349473234
reedcut,0,Needle,Champion,0,104000003,true,32.83333333333275,31.099999999998232,126.13333333332746,762.3949964135703,22,19,2,2,5,3325983947230238535
reedcut,0,Needle,Champion,1,104007922,true,32.399999999999444,30.727777777776037,124.58333333332754,762.3949964135703,22,19,2,2,5,-6008528271382208320
reedcut,0,Line,Rookie,0,104000003,true,37.649999999999146,34.79444444444645,142.0333333333385,762.3949964135703,22,19,2,2,5,-4568788630130370643
reedcut,0,Line,Rookie,1,104007922,true,36.49999999999921,33.377777777778334,136.6333333333342,762.3949964135703,22,19,2,2,5,4765575759069041725
reedcut,0,Line,Club,0,104000003,true,35.96666666666591,32.91666666666671,134.71666666666601,762.3949964135703,22,19,2,2,5,4678284508060108394
reedcut,0,Line,Club,1,104007922,true,35.03333333333263,31.938888888887885,130.84999999999627,762.3949964135703,22,19,2,2,5,-1293510149693770753
reedcut,0,Line,Pro,0,104000003,true,34.616666666665985,31.7666666666654,129.9166666666622,762.3949964135703,22,19,2,2,5,2803572489547606077
reedcut,0,Line,Pro,1,104007922,true,34.033333333332685,31.03333333333157,127.1333333333274,762.3949964135703,22,19,2,2,5,-8048244762531131189
reedcut,0,Line,Champion,0,104000003,true,34.46666666666599,31.688888888887522,129.53333333332856,762.3949964135703,22,19,2,2,5,8494563093240770681
reedcut,0,Line,Champion,1,104007922,true,34.01666666666602,31.06111111110935,127.19999999999406,762.3949964135703,22,19,2,2,5,-2249468489855064024
reedcut,1,Bastion,Rookie,0,104000003,true,38.91666666666574,34.34444444444645,141.9500000000051,762.3949964135703,22,19,2,2,5,-7353334247453326740
reedcut,1,Bastion,Rookie,1,104007922,true,36.98333333333252,33.06111111111155,136.16666666666717,762.3949964135703,22,19,2,2,5,68320534219074909
reedcut,1,Bastion,Club,0,104000003,true,35.93333333333258,32.561111111110854,133.61666666666514,762.3949964135703,22,19,2,2,5,4782016257793673525
reedcut,1,Bastion,Club,1,104007922,true,35.516666666665934,31.672222222221137,130.53333333332935,762.3949964135703,22,19,2,2,5,-1540100518020237308
reedcut,1,Bastion,Pro,0,104000003,true,34.74999999999931,31.37222222222068,128.86666666666136,762.3949964135703,22,19,2,2,5,245860899062194938
reedcut,1,Bastion,Pro,1,104007922,true,34.08333333333268,30.449999999998273,125.4333333333275,762.3949964135703,22,19,2,2,5,7303943378545893675
reedcut,1,Bastion,Champion,0,104000003,true,34.68333333333265,31.29444444444282,128.56666666666112,762.3949964135703,22,19,2,2,5,2755982290116578980
reedcut,1,Bastion,Champion,1,104007922,true,33.84999999999936,30.59444444444271,125.63333333332749,762.3949964135703,22,19,2,2,5,-5803449532986882338
reedcut,2,Comet,Rookie,0,104000003,true,32.73333333333276,30.627777777776043,124.61666666666088,762.3949964135703,22,19,2,2,5,-3346021922376445954
reedcut,2,Comet,Rookie,1,104007922,true,31.766666666666143,30.205555555553843,122.38333333332767,762.3949964135703,22,19,2,2,5,8286334188443827581
reedcut,2,Comet,Club,0,104000003,true,31.533333333332823,29.144444444442794,118.9666666666612,762.3949964135703,22,19,2,2,5,7929717653724268536
reedcut,2,Comet,Club,1,104007922,true,30.38333333333289,28.194444444442848,114.96666666666142,762.3949964135703,22,19,2,2,5,8045663241959670616
reedcut,2,Comet,Pro,0,104000003,true,30.14999999999957,27.883333333331752,113.79999999999482,762.3949964135703,22,19,2,2,5,-5646016702414690627
reedcut,2,Comet,Pro,1,104007922,true,29.71666666666626,27.405555555554002,111.93333333332826,762.3949964135703,22,19,2,2,5,-6688810638585980376
reedcut,2,Comet,Champion,0,104000003,true,29.94999999999958,27.738888888887317,113.16666666666153,762.3949964135703,22,19,2,2,5,-6202259636269795884
reedcut,2,Comet,Champion,1,104007922,true,29.533333333332937,27.2944444444429,111.41666666666163,762.3949964135703,22,19,2,2,5,4703830912738376432
reedcut,1,Trail,Rookie,0,104000003,true,31.516666666666158,29.27777777777612,119.34999999999451,762.3949964135703,22,19,2,2,5,585711300212835696
reedcut,1,Trail,Rookie,1,104007922,true,30.699999999999537,28.77222222222059,117.01666666666131,762.3949964135703,22,19,2,2,5,4011718883080091887
reedcut,1,Trail,Club,0,104000003,true,30.916666666666192,28.777777777776148,117.24999999999463,762.3949964135703,22,19,2,2,5,3485108112289958333
reedcut,1,Trail,Club,1,104007922,true,30.783333333332866,28.444444444442833,116.11666666666136,762.3949964135703,22,19,2,2,5,-2840001594215349106
reedcut,1,Trail,Pro,0,104000003,true,30.1833333333329,28.277777777776176,115.01666666666142,762.3949964135703,22,19,2,2,5,-5430590074391312177
reedcut,1,Trail,Pro,1,104007922,true,29.98333333333291,27.983333333331746,113.93333333332815,762.3949964135703,22,19,2,2,5,8544152934595311453
reedcut,1,Trail,Champion,0,104000003,true,30.29999999999956,28.288888888887286,115.16666666666141,762.3949964135703,22,19,2,2,5,-4458823388487501738
reedcut,1,Trail,Champion,1,104007922,true,29.98333333333291,28.033333333331743,114.08333333332814,762.3949964135703,22,19,2,2,5,-2750395628266718861
reedcut,2,Flint,Rookie,0,104000003,true,31.58333333333282,29.388888888887223,119.74999999999449,762.3949964135703,22,19,2,2,5,7165172043422231243
reedcut,2,Flint,Rookie,1,104007922,true,30.96666666666619,28.499999999998384,116.46666666666134,762.3949964135703,22,19,2,2,5,-6391393696440846957
reedcut,2,Flint,Club,0,104000003,true,30.03333333333291,28.255555555553954,114.79999999999477,762.3949964135703,22,19,2,2,5,4510221502291462118
reedcut,2,Flint,Club,1,104007922,true,29.86666666666625,28.077777777776188,114.09999999999481,762.3949964135703,22,19,2,2,5,5324603034806349198
reedcut,2,Flint,Pro,0,104000003,true,29.39999999999961,27.72222222222065,112.56666666666156,762.3949964135703,22,19,2,2,5,-4138130221082538914
reedcut,2,Flint,Pro,1,104007922,true,29.199999999999623,27.511111111109553,111.73333333332828,762.3949964135703,22,19,2,2,5,5894779600393318816
reedcut,2,Flint,Champion,0,104000003,true,29.48333333333294,27.77222222222065,112.79999999999488,762.3949964135703,22,19,2,2,5,-5766552631988626235
reedcut,2,Flint,Champion,1,104007922,true,29.13333333333296,27.533333333331772,111.73333333332828,762.3949964135703,22,19,2,2,5,6566030123991792609
reedcut,3,Quill,Rookie,0,104000003,true,30.49999999999955,28.411111111109502,115.73333333332805,762.3949964135703,22,19,2,2,5,-8114849938190580009
reedcut,3,Quill,Rookie,1,104007922,true,30.21666666666623,27.905555555553974,113.93333333332815,762.3949964135703,22,19,2,2,5,2786629746286689480
reedcut,3,Quill,Club,0,104000003,true,29.183333333332957,27.399999999998446,111.3833333333283,762.3949964135703,22,19,2,2,5,-4010226094457674448
reedcut,3,Quill,Club,1,104007922,true,28.916666666666305,27.238888888887345,110.63333333332834,762.3949964135703,22,19,2,2,5,-1314110959600964202
reedcut,3,Quill,Pro,0,104000003,true,28.499999999999662,26.82777777777626,108.98333333332843,762.3949964135703,22,19,2,2,5,-7234518309745048348
reedcut,3,Quill,Pro,1,104007922,true,28.416666666666334,26.48333333333183,107.86666666666183,762.3949964135703,22,19,2,2,5,7944715336953644483
reedcut,3,Quill,Champion,0,104000003,true,28.63333333333299,26.83333333333181,109.13333333332842,762.3949964135703,22,19,2,2,5,434506474131200552
reedcut,3,Quill,Champion,1,104007922,true,28.283333333333008,26.59444444444294,108.06666666666182,762.3949964135703,22,19,2,2,5,-5672749330558349772
reedcut,3,Vandal,Rookie,0,104000003,true,31.69999999999948,29.116666666665015,119.04999999999453,762.3949964135703,22,19,2,2,5,-6949125141116386004
reedcut,3,Vandal,Rookie,1,104007922,true,30.916666666666192,27.649999999998432,113.86666666666149,762.3949964135703,22,19,2,2,5,-278031437491485160
reedcut,3,Vandal,Club,0,104000003,true,30.33333333333289,27.705555555553985,113.44999999999484,762.3949964135703,22,19,2,2,5,1843849650004728540
reedcut,3,Vandal,Club,1,104007922,true,29.51666666666627,26.933333333331806,110.31666666666169,762.3949964135703,22,19,2,2,5,7488306849254483446
reedcut,3,Vandal,Pro,0,104000003,true,29.116666666666294,26.622222222220714,108.98333333332843,762.3949964135703,22,19,2,2,5,3167568115272117136
reedcut,3,Vandal,Pro,1,104007922,true,28.683333333332985,26.038888888887413,106.79999999999522,762.3949964135703,22,19,2,2,5,899475373257447694
reedcut,3,Vandal,Champion,0,104000003,true,29.13333333333296,26.633333333331823,109.03333333332843,762.3949964135703,22,19,2,2,5,-1991923976067740745
reedcut,3,Vandal,Champion,1,104007922,true,28.66666666666632,26.072222222220745,106.88333333332855,762.3949964135703,22,19,2,2,5,252696985233755967
reedcut,4,Kestrel,Rookie,0,104000003,true,28.183333333333014,26.59999999999849,107.98333333332849,762.3949964135703,22,19,2,2,5,-5095441721117124137
reedcut,4,Kestrel,Rookie,1,104007922,true,28.099999999999685,25.955555555554085,105.96666666666194,762.3949964135703,22,19,2,2,5,-1763045505956245202
reedcut,4,Kestrel,Club,0,104000003,true,27.433333333333056,25.66666666666521,104.43333333332869,762.3949964135703,22,19,2,2,5,-5130070551388946389
reedcut,4,Kestrel,Club,1,104007922,true,27.516666666666385,25.411111111109673,103.7499999999954,762.3949964135703,22,19,2,2,5,-1495413489343230370
reedcut,4,Kestrel,Pro,0,104000003,true,26.999999999999748,25.288888888887456,102.86666666666211,762.3949964135703,22,19,2,2,5,-8589486607878998857
reedcut,4,Kestrel,Pro,1,104007922,true,26.71666666666643,25.077777777776358,101.9499999999955,762.3949964135703,22,19,2,2,5,-2417204644770108095
reedcut,4,Kestrel,Champion,0,104000003,true,26.866666666666422,25.333333333331897,102.86666666666211,762.3949964135703,22,19,2,2,5,2899409933718385811
reedcut,4,Kestrel,Champion,1,104007922,true,26.749999999999762,25.099999999998577,102.04999999999549,762.3949964135703,22,19,2,2,5,-6436045399391879914
reedcut,4,Bulwark,Rookie,0,104000003,true,30.33333333333289,28.699999999998372,116.43333333332801,762.3949964135703,22,19,2,2,5,-1199084207222088383
reedcut,4,Bulwark,Rookie,1,104007922,true,29.51666666666627,27.599999999998435,112.31666666666158,762.3949964135703,22,19,2,2,5,-3110255485357359812
reedcut,4,Bulwark,Club,0,104000003,true,29.09999999999963,27.06666666666513,110.29999999999502,762.3949964135703,22,19,2,2,5,5302500857212601863
reedcut,4,Bulwark,Club,1,104007922,true,28.516666666666328,26.294444444442956,107.39999999999519,762.3949964135703,22,19,2,2,5,8052555826092694267
reedcut,4,Bulwark,Pro,0,104000003,true,28.08333333333302,26.155555555554074,106.54999999999524,762.3949964135703,22,19,2,2,5,-5171270651966296893
reedcut,4,Bulwark,Pro,1,104007922,true,27.566666666666382,25.672222222220768,104.58333333332868,762.3949964135703,22,19,2,2,5,-5231190502513888222
reedcut,4,Bulwark,Champion,0,104000003,true,28.166666666666348,26.138888888887408,106.58333333332857,762.3949964135703,22,19,2,2,5,1683274653803429778
reedcut,4,Bulwark,Champion,1,104007922,true,27.41666666666639,25.50555555555411,103.93333333332872,762.3949964135703,22,19,2,2,5,693910373778811658
spillway,0,Needle,Rookie,0,104000003,true,43.08333333333217,40.83333333334169,165.58333333335725,1008.8462403949751,24,13,2,2,5,307399534198605444
spillway,0,Needle,Rookie,1,104007922,true,41.84999999999891,39.90000000000726,161.5500000000207,1008.8462403949751,24,13,2,2,5,714467728251518421
spillway,0,Needle,Club,0,104000003,true,41.88333333333224,40.005555555562914,161.90000000002098,1008.8462403949751,24,13,2,2,5,-5676978447412119749
spillway,0,Needle,Club,1,104007922,true,41.38333333333227,39.605555555562454,160.20000000001963,1008.8462403949751,24,13,2,2,5,-9128091716592123152
spillway,0,Needle,Pro,0,104000003,true,41.21666666666561,39.505555555562324,159.7333333333526,1008.8462403949751,24,13,2,2,5,-1897970210311622261
spillway,0,Needle,Pro,1,104007922,true,40.883333333332295,39.055555555561874,158.05000000001792,1008.8462403949751,24,13,2,2,5,-5490952256458201283
spillway,0,Needle,Champion,0,104000003,true,41.24999999999894,39.52777777778457,159.83333333335267,1008.8462403949751,24,13,2,2,5,3562136480980067783
spillway,0,Needle,Champion,1,104007922,true,40.89999999999896,39.20000000000644,158.50000000001828,1008.8462403949751,24,13,2,2,5,5777948135359665500
spillway,0,Line,Rookie,0,104000003,true,45.03333333333206,41.8111111111208,170.46666666669446,1008.8462403949751,24,13,2,2,5,-2043545950922689143
spillway,0,Line,Rookie,1,104007922,true,43.93333333333212,40.85000000000861,166.48333333335796,1008.8462403949751,24,13,2,2,5,8386971179769651220
spillway,0,Line,Club,0,104000003,true,42.983333333332176,40.05555555556327,163.15000000002198,1008.8462403949751,24,13,2,2,5,-8518893824427256442
spillway,0,Line,Club,1,104007922,true,42.166666666665556,39.25000000000684,159.91666666668607,1008.8462403949751,24,13,2,2,5,-2250788282218585426
spillway,0,Line,Pro,0,104000003,true,41.88333333333224,38.9388888888954,158.70000000001843,1008.8462403949751,24,13,2,2,5,2982001911118246146
spillway,0,Line,Pro,1,104007922,true,41.233333333332276,38.31111111111694,156.16666666668308,1008.8462403949751,24,13,2,2,5,7424505173079101963
spillway,0,Line,Champion,0,104000003,true,41.74999999999891,38.872222222228636,158.36666666668484,1008.8462403949751,24,13,2,2,5,-7302950638899196015
spillway,0,Line,Champion,1,104007922,true,41.233333333332276,38.26666666667246,156.03333333334965,1008.8462403949751,24,13,2,2,5,359156155210294224
spillway,1,Bastion,Rookie,0,104000003,true,44.44999999999876,40.822222222230955,166.91666666669164,1008.8462403949751,24,13,2,2,5,7150032968169566800
spillway,1,Bastion,Rookie,1,104007922,true,43.54999999999881,39.700000000007584,162.65000000002158,1008.8462403949751,24,13,2,2,5,5849222821865052252
spillway,1,Bastion,Club,0,104000003,true,42.49999999999887,38.927777777784456,159.28333333335223,1008.8462403949751,24,13,2,2,5,3151143732795888164
spillway,1,Bastion,Club,1,104007922,true,42.049999999998896,38.216666666672644,156.70000000001684,1008.8462403949751,24,13,2,2,5,-8460861224357055198
spillway,1,Bastion,Pro,0,104000003,true,41.26666666666561,37.572222222227474,153.983333333348,1008.8462403949751,24,13,2,2,5,3021552284262475120
spillway,1,Bastion,Pro,1,104007922,true,40.56666666666565,36.73888888889328,150.78333333334547,1008.8462403949751,24,13,2,2,5,-5595220798835294710
spillway,1,Bastion,Champion,0,104000003,true,41.09999999999895,37.400000000005065,153.30000000001414,1008.8462403949751,24,13,2,2,5,-8891977727797979218
spillway,1,Bastion,Champion,1,104007922,true,40.499999999998984,36.7888888888933,150.86666666667887,1008.8462403949751,24,13,2,2,5,8277429892993463369
spillway,2,Comet,Rookie,0,104000003,true,38.53333333333243,36.43888888889246,147.8500000000098,1008.8462403949751,24,13,2,2,5,248334288080619441
spillway,2,Comet,Rookie,1,104007922,true,37.649999999999146,35.327777777780206,143.63333333333978,1008.8462403949751,24,13,2,2,5,-6891020855136009982
spillway,2,Comet,Club,0,104000003,true,37.299999999999166,34.938888888890915,142.1166666666719,1008.8462403949751,24,13,2,2,5,-7556651021462139412
spillway,2,Comet,Club,1,104007922,true,36.73333333333253,34.327777777779154,139.71666666667,1008.8462403949751,24,13,2,2,5,7280188144572482330
spillway,2,Comet,Pro,0,104000003,true,36.03333333333257,33.72777777777848,137.216666666668,1008.8462403949751,24,13,2,2,5,-1722068500035060800
spillway,2,Comet,Pro,1,104007922,true,35.4833333333326,33.28888888888908,135.34999999999985,1008.8462403949751,24,13,2,2,5,1393822288847683927
spillway,2,Comet,Champion,0,104000003,true,35.91666666666591,33.70000000000064,137.01666666666785,1008.8462403949751,24,13,2,2,5,-5634225985970212484
spillway,2,Comet,Champion,1,104007922,true,35.633333333332594,33.300000000000246,135.53333333333333,1008.8462403949751,24,13,2,2,5,-5381368095558969929
spillway,1,Trail,Rookie,0,104000003,true,39.166666666665726,37.27222222222664,150.98333333334563,1008.8462403949751,24,13,2,2,5,-5144138226337072582
spillway,1,Trail,Rookie,1,104007922,true,38.64999999999909,36.466666666670285,148.05000000000996,1008.8462403949751,24,13,2,2,5,4698010347965302626
spillway,1,Trail,Club,0,104000003,true,38.699999999999086,36.605555555559306,148.516666666677,1008.8462403949751,24,13,2,2,5,6565189189962992040
spillway,1,Trail,Club,1,104007922,true,38.199999999999115,36.122222222225446,146.56666666667545,1008.8462403949751,24,13,2,2,5,3673839762491603258
spillway,1,Trail,Pro,0,104000003,true,38.199999999999115,36.250000000003325,146.95000000000908,1008.8462403949751,24,13,2,2,5,5496317751321316874
spillway,1,Trail,Pro,1,104007922,true,37.883333333332466,35.883333333336275,145.5333333333413,1008.8462403949751,24,13,2,2,5,-8573478844153402867
spillway,1,Trail,Champion,0,104000003,true,38.21666666666578,36.283333333336685,147.06666666667584,1008.8462403949751,24,13,2,2,5,-7722276784224142019
spillway,1,Trail,Champion,1,104007922,true,37.83333333333247,35.9333333333363,145.63333333334137,1008.8462403949751,24,13,2,2,5,-3777491692138149516
spillway,2,Flint,Rookie,0,104000003,true,38.26666666666578,36.350000000003426,147.31666666667604,1008.8462403949751,24,13,2,2,5,-119904110037631081
spillway,2,Flint,Rookie,1,104007922,true,37.54999999999915,35.738888888891616,144.766666666674,1008.8462403949751,24,13,2,2,5,-6939163711098903393
spillway,2,Flint,Club,0,104000003,true,37.19999999999917,35.444444444446844,143.5333333333397,1008.8462403949751,24,13,2,2,5,-6722411709398252177
spillway,2,Flint,Club,1,104007922,true,36.98333333333252,35.22777777777994,142.66666666667234,1008.8462403949751,24,13,2,2,5,4002889424034339299
spillway,2,Flint,Pro,0,104000003,true,36.49999999999921,34.96666666666849,141.40000000000467,1008.8462403949751,24,13,2,2,5,-6493130251495636704
spillway,2,Flint,Pro,1,104007922,true,36.333333333332554,34.71111111111268,140.4666666666706,1008.8462403949751,24,13,2,2,5,-4450835367073330110
spillway,2,Flint,Champion,0,104000003,true,36.58333333333254,34.91111111111291,141.31666666667127,1008.8462403949751,24,13,2,2,5,5603859458883257072
spillway,2,Flint,Champion,1,104007922,true,36.38333333333255,34.76666666666829,140.68333333333743,1008.8462403949751,24,13,2,2,5,-8343214541203839843
spillway,3,Quill,Rookie,0,104000003,true,36.86666666666586,34.955555555557474,141.73333333333827,1008.8462403949751,24,13,2,2,5,5833790717664870297
spillway,3,Quill,Rookie,1,104007922,true,36.43333333333255,34.40000000000135,139.6333333333366,1008.8462403949751,24,13,2,2,5,-1129525590371844845
spillway,3,Quill,Club,0,104000003,true,35.93333333333258,34.00555555555645,137.95000000000192,1008.8462403949751,24,13,2,2,5,1444856641030477383
spillway,3,Quill,Club,1,104007922,true,35.73333333333259,33.91111111111187,137.4666666666682,1008.8462403949751,24,13,2,2,5,-7666252741580570035
spillway,3,Quill,Pro,0,104000003,true,35.33333333333261,33.59444444444484,136.11666666666713,1008.8462403949751,24,13,2,2,5,-678198868673652983
spillway,3,Quill,Pro,1,104007922,true,35.03333333333263,33.288888888888955,134.8999999999995,1008.8462403949751,24,13,2,2,5,3826820404497352720
spillway,3,Quill,Champion,0,104000003,true,35.316666666665945,33.60000000000039,136.11666666666713,1008.8462403949751,24,13,2,2,5,-5331900366888622831
spillway,3,Quill,Champion,1,104007922,true,35.083333333332625,33.36666666666681,135.18333333333305,1008.8462403949751,24,13,2,2,5,4436117685449170173
spillway,3,Vandal,Rookie,0,104000003,true,37.966666666665795,34.91111111111331,142.7000000000057,1008.8462403949751,24,13,2,2,5,-8129209783241280198
spillway,3,Vandal,Rookie,1,104007922,true,36.66666666666587,34.10000000000118,138.9666666666694,1008.8462403949751,24,13,2,2,5,-6789346841538289313
spillway,3,Vandal,Club,0,104000003,true,36.39999999999922,33.761111111111944,137.68333333333504,1008.8462403949751,24,13,2,2,5,6620978468119733227
spillway,3,Vandal,Club,1,104007922,true,35.433333333332605,33.02777777777775,134.51666666666586,1008.8462403949751,24,13,2,2,5,-3130776490215223532
spillway,3,Vandal,Pro,0,104000003,true,35.21666666666595,32.62777777777737,133.09999999999806,1008.8462403949751,24,13,2,2,5,-2813324215071786349
spillway,3,Vandal,Pro,1,104007922,true,34.64999999999932,32.04999999999897,130.79999999999623,1008.8462403949751,24,13,2,2,5,-4893056885218311358
spillway,3,Vandal,Champion,0,104000003,true,35.083333333332625,32.57777777777729,132.8166666666645,1008.8462403949751,24,13,2,2,5,-7042040700972598158
spillway,3,Vandal,Champion,1,104007922,true,34.56666666666599,32.03333333333227,130.6666666666628,1008.8462403949751,24,13,2,2,5,3338927762927948503
spillway,4,Kestrel,Rookie,0,104000003,true,34.74999999999931,32.422222222221514,132.01666666666387,1008.8462403949751,24,13,2,2,5,-5567961570014164126
spillway,4,Kestrel,Rookie,1,104007922,true,34.09999999999935,32.15555555555446,130.5666666666627,1008.8462403949751,24,13,2,2,5,-935761828806457571
spillway,4,Kestrel,Club,0,104000003,true,33.88333333333269,32.13888888888771,130.29999999999583,1008.8462403949751,24,13,2,2,5,5216583309668626172
spillway,4,Kestrel,Club,1,104007922,true,33.76666666666603,31.944444444443082,129.59999999999528,1008.8462403949751,24,13,2,2,5,-2375552583798093403
spillway,4,Kestrel,Pro,0,104000003,true,33.333333333332725,31.661111111109403,128.31666666666092,1008.8462403949751,24,13,2,2,5,7493679868006372460
spillway,4,Kestrel,Pro,1,104007922,true,33.16666666666607,31.416666666664884,127.41666666666072,1008.8462403949751,24,13,2,2,5,5835916159292855941
spillway,4,Kestrel,Champion,0,104000003,true,33.333333333332725,31.694444444442762,128.416666666661,1008.8462403949751,24,13,2,2,5,3839052145735026562
spillway,4,Kestrel,Champion,1,104007922,true,33.099999999999405,31.433333333331547,127.39999999999405,1008.8462403949751,24,13,2,2,5,3032699996369914155
spillway,4,Bulwark,Rookie,0,104000003,true,36.63333333333254,33.81111111111205,138.06666666666868,1008.8462403949751,24,13,2,2,5,7102786083260940734
spillway,4,Bulwark,Rookie,1,104007922,true,35.18333333333262,33.19444444444448,134.76666666666605,1008.8462403949751,24,13,2,2,5,-7179797425221255906
spillway,4,Bulwark,Club,0,104000003,true,35.09999999999929,32.99999999999986,134.09999999999886,1008.8462403949751,24,13,2,2,5,-4350057521891693391
spillway,4,Bulwark,Club,1,104007922,true,34.299999999999336,32.38333333333247,131.44999999999675,1008.8462403949751,24,13,2,2,5,4102533282563176794
spillway,4,Bulwark,Pro,0,104000003,true,33.98333333333269,32.0888888888877,130.2499999999958,1008.8462403949751,24,13,2,2,5,-8546390030029098895
spillway,4,Bulwark,Pro,1,104007922,true,33.46666666666605,31.472222222220438,127.88333333332736,1008.8462403949751,24,13,2,2,5,8833458931096656606
spillway,4,Bulwark,Champion,0,104000003,true,33.86666666666603,32.005555555554274,129.88333333332884,1008.8462403949751,24,13,2,2,5,-5951230923367959856
spillway,4,Bulwark,Champion,1,104007922,true,33.38333333333272,31.46111111110933,127.7666666666607,1008.8462403949751,24,13,2,2,5,-6022555059485158510
lowwater,0,Needle,Rookie,0,104000003,true,41.03333333333229,38.7111111111172,157.16666666668388,960.0805476519718,20,13,2,2,5,1878308430157451403
lowwater,0,Needle,Rookie,1,104007922,true,39.916666666665684,37.79444444444948,153.30000000001414,960.0805476519718,20,13,2,2,5,-7225462693716805952
lowwater,0,Needle,Club,0,104000003,true,39.683333333332364,37.94444444444954,153.51666666668098,960.0805476519718,20,13,2,2,5,1015883499013964744
lowwater,0,Needle,Club,1,104007922,true,39.18333333333239,37.35000000000448,151.23333333334583,960.0805476519718,20,13,2,2,5,3222561375976554393
lowwater,0,Needle,Pro,0,104000003,true,39.249999999999055,37.53333333333797,151.85000000001298,960.0805476519718,20,13,2,2,5,4286317994196622512
lowwater,0,Needle,Pro,1,104007922,true,38.899999999999075,37.07777777778196,150.13333333334495,960.0805476519718,20,13,2,2,5,2656316240691191883
lowwater,0,Needle,Champion,0,104000003,true,39.283333333332386,37.550000000004665,151.93333333334638,960.0805476519718,20,13,2,2,5,-7031198557564556055
lowwater,0,Needle,Champion,1,104007922,true,38.91666666666574,37.20000000000428,150.5166666666786,960.0805476519718,20,13,2,2,5,-2802216020321356500
lowwater,0,Line,Rookie,0,104000003,true,42.88333333333218,39.79444444445192,162.26666666668794,960.0805476519718,20,13,2,2,5,9115679378276572401
lowwater,0,Line,Rookie,1,104007922,true,42.14999999999889,38.91111111111767,158.8833333333519,960.0805476519718,20,13,2,2,5,4712613963133342144
lowwater,0,Line,Club,0,104000003,true,40.733333333332304,37.80000000000528,154.13333333334813,960.0805476519718,20,13,2,2,5,-2264515487922947057
lowwater,0,Line,Club,1,104007922,true,40.249999999999,37.1944444444491,151.8333333333463,960.0805476519718,20,13,2,2,5,1713098334263766566
lowwater,0,Line,Pro,0,104000003,true,39.58333333333237,36.722222222226314,149.7500000000113,960.0805476519718,20,13,2,2,5,-8403140851334065584
lowwater,0,Line,Pro,1,104007922,true,39.0333333333324,36.17777777778128,147.56666666667624,960.0805476519718,20,13,2,2,5,2192715033456178516
lowwater,0,Line,Champion,0,104000003,true,39.49999999999904,36.60000000000397,149.30000000001095,960.0805476519718,20,13,2,2,5,-6297940506335907335
lowwater,0,Line,Champion,1,104007922,true,39.0833333333324,36.200000000003534,147.683333333343,960.0805476519718,20,13,2,2,5,1055823365218594798
lowwater,1,Bastion,Rookie,0,104000003,true,43.1166666666655,39.572222222229584,161.83333333335426,960.0805476519718,20,13,2,2,5,4611593378549843300
lowwater,1,Bastion,Rookie,1,104007922,true,42.18333333333222,38.605555555561885,158.00000000001788,960.0805476519718,20,13,2,2,5,4464800053437809862
lowwater,1,Bastion,Club,0,104000003,true,41.28333333333227,37.527777777782994,153.86666666668125,960.0805476519718,20,13,2,2,5,-6789451662149595791
lowwater,1,Bastion,Club,1,104007922,true,40.43333333333232,36.800000000004395,150.8333333333455,960.0805476519718,20,13,2,2,5,-3164044471380447972
lowwater,1,Bastion,Pro,0,104000003,true,39.54999999999904,35.98888888889238,147.5166666666762,960.0805476519718,20,13,2,2,5,5823412123180337005
lowwater,1,Bastion,Pro,1,104007922,true,38.96666666666574,35.38333333333619,145.1166666666743,960.0805476519718,20,13,2,2,5,8355975347279674552
lowwater,1,Bastion,Champion,0,104000003,true,39.19999999999906,35.76666666666989,146.50000000000873,960.0805476519718,20,13,2,2,5,-2235204371211125844
lowwater,1,Bastion,Champion,1,104007922,true,38.91666666666574,35.31666666666945,144.8666666666741,960.0805476519718,20,13,2,2,5,-4129958102723064867
lowwater,2,Comet,Rookie,0,104000003,true,38.21666666666578,35.46666666666937,144.6166666666739,960.0805476519718,20,13,2,2,5,8085985977979842154
lowwater,2,Comet,Rookie,1,104007922,true,37.01666666666585,34.51666666666827,140.56666666667067,960.0805476519718,20,13,2,2,5,1932075919329385937
lowwater,2,Comet,Club,0,104000003,true,36.18333333333256,33.73888888888964,137.40000000000148,960.0805476519718,20,13,2,2,5,-7589756628508923805
lowwater,2,Comet,Club,1,104007922,true,35.61666666666593,33.26666666666688,135.41666666666657,960.0805476519718,20,13,2,2,5,-5489155514004066209
lowwater,2,Comet,Pro,0,104000003,true,34.64999999999932,32.544444444443805,132.28333333333075,960.0805476519718,20,13,2,2,5,-5651405627683400426
lowwater,2,Comet,Pro,1,104007922,true,34.366666666666,32.133333333332295,130.76666666666287,960.0805476519718,20,13,2,2,5,-5282191712869077403
lowwater,2,Comet,Champion,0,104000003,true,34.63333333333265,32.494444444443765,132.11666666666395,960.0805476519718,20,13,2,2,5,-5615002805442059016
lowwater,2,Comet,Champion,1,104007922,true,34.299999999999336,32.094444444443354,130.5833333333294,960.0805476519718,20,13,2,2,5,-3791609300263919364
lowwater,1,Trail,Rookie,0,104000003,true,37.416666666665826,34.92222222222426,142.18333333333862,960.0805476519718,20,13,2,2,5,-4170027743713633
lowwater,1,Trail,Rookie,1,104007922,true,36.449999999999214,34.41111111111247,139.68333333333663,960.0805476519718,20,13,2,2,5,-2723761130057580589
lowwater,1,Trail,Club,0,104000003,true,36.78333333333253,34.72222222222393,140.9500000000043,960.0805476519718,20,13,2,2,5,9185559854462467136
lowwater,1,Trail,Club,1,104007922,true,36.39999999999922,34.2111111111123,139.03333333333612,960.0805476519718,20,13,2,2,5,-8565649747556841226
lowwater,1,Trail,Pro,0,104000003,true,36.483333333332546,34.51666666666812,140.0333333333369,960.0805476519718,20,13,2,2,5,-7042208592123616179
lowwater,1,Trail,Pro,1,104007922,true,36.08333333333257,34.07777777777877,138.31666666666888,960.0805476519718,20,13,2,2,5,-4350078721654672677
lowwater,1,Trail,Champion,0,104000003,true,36.49999999999921,34.53888888889037,140.1166666666703,960.0805476519718,20,13,2,2,5,4800511768947784817
lowwater,1,Trail,Champion,1,104007922,true,36.016666666665905,34.13333333333435,138.41666666666896,960.0805476519718,20,13,2,2,5,-5724813744121697525
lowwater,2,Flint,Rookie,0,104000003,true,35.983333333332574,34.20555555555662,138.60000000000244,960.0805476519718,20,13,2,2,5,-3623269188647707036
lowwater,2,Flint,Rookie,1,104007922,true,36.14999999999923,34.288888888890064,139.01666666666944,960.0805476519718,20,13,2,2,5,-1858818136464399802
lowwater,2,Flint,Club,0,104000003,true,35.24999999999928,33.38333333333353,135.3999999999999,960.0805476519718,20,13,2,2,5,-4730020959429670825
lowwater,2,Flint,Club,1,104007922,true,35.14999999999929,33.266666666666744,134.94999999999953,960.0805476519718,20,13,2,2,5,-4150480755968834977
lowwater,2,Flint,Pro,0,104000003,true,34.616666666665985,32.999999999999716,133.61666666666514,960.0805476519718,20,13,2,2,5,-6672314450037639407
lowwater,2,Flint,Pro,1,104007922,true,34.59999999999932,32.849999999999596,133.1499999999981,960.0805476519718,20,13,2,2,5,-5156501224061714300
lowwater,2,Flint,Champion,0,104000003,true,34.66666666666598,33.04444444444422,133.79999999999862,960.0805476519718,20,13,2,2,5,7509800047098831248
lowwater,2,Flint,Champion,1,104007922,true,34.533333333332656,32.905555555555175,133.24999999999818,960.0805476519718,20,13,2,2,5,-8282076078207477234
lowwater,3,Quill,Rookie,0,104000003,true,35.166666666665954,33.0388888888888,134.28333333333234,960.0805476519718,20,13,2,2,5,-4137392709171309610
lowwater,3,Quill,Rookie,1,104007922,true,34.9999999999993,32.59999999999951,132.79999999999782,960.0805476519718,20,13,2,2,5,5224816400049666533
lowwater,3,Quill,Club,0,104000003,true,33.98333333333269,32.26111111111006,130.76666666666287,960.0805476519718,20,13,2,2,5,1407429566415819598
lowwater,3,Quill,Club,1,104007922,true,33.93333333333269,32.02222222222097,129.9999999999956,960.0805476519718,20,13,2,2,5,5884834883431253938
lowwater,3,Quill,Pro,0,104000003,true,33.566666666666045,31.877777777776306,129.19999999999496,960.0805476519718,20,13,2,2,5,-922407928806441841
lowwater,3,Quill,Pro,1,104007922,true,33.28333333333273,31.572222222220432,127.99999999999402,960.0805476519718,20,13,2,2,5,-2754488565187374801
lowwater,3,Quill,Champion,0,104000003,true,33.53333333333271,31.79999999999846,128.93333333332808,960.0805476519718,20,13,2,2,5,648944481072189852
lowwater,3,Quill,Champion,1,104007922,true,33.28333333333273,31.59999999999822,128.0833333333274,960.0805476519718,20,13,2,2,5,3977412136501402053
lowwater,3,Vandal,Rookie,0,104000003,true,36.89999999999919,33.888888888889966,138.56666666666908,960.0805476519718,20,13,2,2,5,7187884726812989358
lowwater,3,Vandal,Rookie,1,104007922,true,35.93333333333258,32.72777777777765,134.11666666666554,960.0805476519718,20,13,2,2,5,7484470694981554421
lowwater,3,Vandal,Club,0,104000003,true,34.933333333332634,32.34444444444373,131.96666666666383,960.0805476519718,20,13,2,2,5,-9157046651630194171
lowwater,3,Vandal,Club,1,104007922,true,34.51666666666599,31.761111111109813,129.79999999999544,960.0805476519718,20,13,2,2,5,4425070982668210003
lowwater,3,Vandal,Pro,0,104000003,true,33.566666666666045,31.177777777776004,127.09999999999407,960.0805476519718,20,13,2,2,5,8882550838789221555
lowwater,3,Vandal,Pro,1,104007922,true,33.249999999999396,30.661111111109374,125.23333333332751,960.0805476519718,20,13,2,2,5,6282540617022885581
lowwater,3,Vandal,Champion,0,104000003,true,33.53333333333271,31.02222222222046,126.5999999999941,960.0805476519718,20,13,2,2,5,6237121135925832507
lowwater,3,Vandal,Champion,1,104007922,true,33.1999999999994,30.699999999998255,125.29999999999417,960.0805476519718,20,13,2,2,5,-7784804121776756077
lowwater,4,Kestrel,Rookie,0,104000003,true,32.899999999999416,31.194444444442677,126.48333333332744,960.0805476519718,20,13,2,2,5,4061891426302138534
lowwater,4,Kestrel,Rookie,1,104007922,true,32.84999999999942,31.005555555553798,125.8666666666608,960.0805476519718,20,13,2,2,5,-1164306069507119578
lowwater,4,Kestrel,Club,0,104000003,true,32.21666666666612,30.422222222220494,123.48333333332761,960.0805476519718,20,13,2,2,5,-1141403598236610028
lowwater,4,Kestrel,Club,1,104007922,true,32.06666666666613,30.3222222222205,123.03333333332763,960.0805476519718,20,13,2,2,5,2105540543809609683
lowwater,4,Kestrel,Pro,0,104000003,true,31.66666666666615,30.03333333333163,121.76666666666104,960.0805476519718,20,13,2,2,5,-1022212445984885829
lowwater,4,Kestrel,Pro,1,104007922,true,31.46666666666616,29.866666666664972,121.06666666666108,960.0805476519718,20,13,2,2,5,8488464644834047198
lowwater,4,Kestrel,Champion,0,104000003,true,31.716666666666146,30.09444444444274,121.99999999999436,960.0805476519718,20,13,2,2,5,8898000782741334183
lowwater,4,Kestrel,Champion,1,104007922,true,31.499999999999492,29.83333333333164,120.99999999999442,960.0805476519718,20,13,2,2,5,8370699375549082595
lowwater,4,Bulwark,Rookie,0,104000003,true,35.23333333333262,32.827777777777534,133.71666666666522,960.0805476519718,20,13,2,2,5,-1222166115592059184
lowwater,4,Bulwark,Rookie,1,104007922,true,34.56666666666599,32.01666666666559,130.61666666666275,960.0805476519718,20,13,2,2,5,3467181806291372832
lowwater,4,Bulwark,Club,0,104000003,true,33.7833333333327,31.861111111109683,129.36666666666176,960.0805476519718,20,13,2,2,5,-6714308197271471869
lowwater,4,Bulwark,Club,1,104007922,true,33.133333333332736,31.133333333331564,126.53333333332743,960.0805476519718,20,13,2,2,5,4584181215641745911
lowwater,4,Bulwark,Pro,0,104000003,true,32.549999999999436,30.716666666664924,124.6999999999942,960.0805476519718,20,13,2,2,5,-2928474010736028263
lowwater,4,Bulwark,Pro,1,104007922,true,32.21666666666612,30.272222222220506,123.03333333332763,960.0805476519718,20,13,2,2,5,-6420447860482077712
lowwater,4,Bulwark,Champion,0,104000003,true,32.48333333333277,30.655555555553814,124.44999999999422,960.0805476519718,20,13,2,2,5,-3766103039910150875
lowwater,4,Bulwark,Champion,1,104007922,true,32.11666666666613,30.199999999998283,122.71666666666098,960.0805476519718,20,13,2,2,5,-3324645265321394809
ridge,0,Needle,Rookie,0,104000003,true,31.833333333332806,29.33333333333167,119.83333333332781,634.8177682758982,18,13,2,2,5,6381822050523792427
ridge,0,Needle,Rookie,1,104007922,true,30.61666666666621,28.372222222220614,115.73333333332805,634.8177682758982,18,13,2,2,5,5441753335577755680
ridge,0,Needle,Club,0,104000003,true,29.98333333333291,28.061111111109522,114.16666666666147,634.8177682758982,18,13,2,2,5,-5352008296482787990
ridge,0,Needle,Club,1,104007922,true,29.383333333332946,27.538888888887328,111.99999999999493,634.8177682758982,18,13,2,2,5,5394304547019645157
ridge,0,Needle,Pro,0,104000003,true,28.849999999999643,27.088888888887354,110.1166666666617,634.8177682758982,18,13,2,2,5,-3828189645611694019
ridge,0,Needle,Pro,1,104007922,true,28.483333333332997,26.62777777777627,108.3666666666618,634.8177682758982,18,13,2,2,5,-4933214831176111034
ridge,0,Needle,Champion,0,104000003,true,28.716666666666317,26.99999999999847,109.71666666666172,634.8177682758982,18,13,2,2,5,-3183546278915716153
ridge,0,Needle,Champion,1,104007922,true,28.249999999999677,26.59999999999849,108.04999999999515,634.8177682758982,18,13,2,2,5,3220471265194824658
ridge,0,Line,Rookie,0,104000003,true,35.549999999999265,32.35555555555502,132.61666666666434,634.8177682758982,18,13,2,2,5,3264389231230377250
ridge,0,Line,Rookie,1,104007922,true,33.69999999999937,30.688888888887146,125.76666666666081,634.8177682758982,18,13,2,2,5,-6096160402852103722
ridge,0,Line,Club,0,104000003,true,33.133333333332736,30.272222222220506,123.94999999999425,634.8177682758982,18,13,2,2,5,7332568211583660459
ridge,0,Line,Club,1,104007922,true,32.13333333333279,29.522222222220545,120.69999999999443,634.8177682758982,18,13,2,2,5,-8168409067812039025
ridge,0,Line,Pro,0,104000003,true,31.599999999999486,28.661111111109488,117.58333333332794,634.8177682758982,18,13,2,2,5,5777365620481643421
ridge,0,Line,Pro,1,104007922,true,30.816666666666197,27.949999999998415,114.66666666666144,634.8177682758982,18,13,2,2,5,-3737086878134909818
ridge,0,Line,Champion,0,104000003,true,31.43333333333283,28.6222222222206,117.29999999999463,634.8177682758982,18,13,2,2,5,1679316312603428692
ridge,0,Line,Champion,1,104007922,true,30.7666666666662,27.938888888887305,114.58333333332811,634.8177682758982,18,13,2,2,5,-7611070594009721091
ridge,1,Bastion,Rookie,0,104000003,true,36.0666666666659,33.016666666666815,135.11666666666633,634.8177682758982,18,13,2,2,5,5092663071022535431
ridge,1,Bastion,Rookie,1,104007922,true,34.699999999999314,31.24999999999835,128.44999999999436,634.8177682758982,18,13,2,2,5,-7882545929871954245
ridge,1,Bastion,Club,0,104000003,true,34.266666666666005,31.188888888887117,127.83333333332736,634.8177682758982,18,13,2,2,5,930457948047664164
ridge,1,Bastion,Club,1,104007922,true,33.216666666666065,30.077777777776067,123.44999999999428,634.8177682758982,18,13,2,2,5,-4309138363261210494
ridge,1,Bastion,Pro,0,104000003,true,32.36666666666611,29.42777777777611,120.64999999999444,634.8177682758982,18,13,2,2,5,4052032999090213768
ridge,1,Bastion,Pro,1,104007922,true,31.566666666666155,28.566666666665046,117.2666666666613,634.8177682758982,18,13,2,2,5,8377869076819133116
ridge,1,Bastion,Champion,0,104000003,true,32.399999999999444,29.588888888887208,121.16666666666107,634.8177682758982,18,13,2,2,5,8850334013707302438
ridge,1,Bastion,Champion,1,104007922,true,31.533333333332823,28.572222222220603,117.24999999999463,634.8177682758982,18,13,2,2,5,-5758186254532109506
ridge,2,Comet,Rookie,0,104000003,true,31.449999999999495,29.688888888887206,120.51666666666111,634.8177682758982,18,13,2,2,5,-5702750863262786116
ridge,2,Comet,Rookie,1,104007922,true,30.29999999999956,27.866666666665086,113.89999999999482,634.8177682758982,18,13,2,2,5,2697410415955390911
ridge,2,Comet,Club,0,104000003,true,29.583333333332934,27.533333333331772,112.18333333332825,634.8177682758982,18,13,2,2,5,7833341496960068837
ridge,2,Comet,Club,1,104007922,true,29.21666666666629,26.783333333331814,109.56666666666173,634.8177682758982,18,13,2,2,5,-8771551541654501667
ridge,2,Comet,Pro,0,104000003,true,28.716666666666317,26.36111111110962,107.79999999999517,634.8177682758982,18,13,2,2,5,-3337159030086742930
ridge,2,Comet,Pro,1,104007922,true,27.96666666666636,25.761111111109653,105.24999999999531,634.8177682758982,18,13,2,2,5,9124877747771991684
ridge,2,Comet,Champion,0,104000003,true,28.249999999999677,26.09999999999852,106.54999999999524,634.8177682758982,18,13,2,2,5,8889244249695051123
ridge,2,Comet,Champion,1,104007922,true,27.933333333333028,25.733333333331874,105.13333333332865,634.8177682758982,18,13,2,2,5,7174048847319574714
ridge,1,Trail,Rookie,0,104000003,true,27.333333333333062,25.8666666666652,104.93333333332866,634.8177682758982,18,13,2,2,5,81779295166109485
ridge,1,Trail,Rookie,1,104007922,true,27.566666666666382,24.899999999998588,102.26666666666215,634.8177682758982,18,13,2,2,5,6689404496096396850
ridge,1,Trail,Club,0,104000003,true,26.766666666666428,24.84999999999859,101.3166666666622,634.8177682758982,18,13,2,2,5,-5583769838022529651
ridge,1,Trail,Club,1,104007922,true,26.733333333333096,24.533333333331942,100.33333333332892,634.8177682758982,18,13,2,2,5,3177026932254661621
ridge,1,Trail,Pro,0,104000003,true,26.233333333333125,24.399999999998617,99.43333333332897,634.8177682758982,18,13,2,2,5,-8787490855285739997
ridge,1,Trail,Pro,1,104007922,true,26.01666666666647,24.077777777776415,98.24999999999571,634.8177682758982,18,13,2,2,5,9150371451246766116
ridge,1,Trail,Champion,0,104000003,true,26.233333333333125,24.42222222222084,99.49999999999564,634.8177682758982,18,13,2,2,5,-4902510057096941196
ridge,1,Trail,Champion,1,104007922,true,25.883333333333145,24.099999999998634,98.18333333332905,634.8177682758982,18,13,2,2,5,3813311577398472562
ridge,2,Flint,Rookie,0,104000003,true,28.099999999999685,26.227777777776293,106.78333333332856,634.8177682758982,18,13,2,2,5,6080845453879290166
ridge,2,Flint,Rookie,1,104007922,true,27.566666666666382,25.511111111109667,104.09999999999538,634.8177682758982,18,13,2,2,5,-7213261798348141743
ridge,2,Flint,Club,0,104000003,true,26.666666666666433,25.066666666665245,101.86666666666217,634.8177682758982,18,13,2,2,5,8999426855264745678
ridge,2,Flint,Club,1,104007922,true,26.6833333333331,24.68888888888749,100.74999999999557,634.8177682758982,18,13,2,2,5,-8769068277952400475
ridge,2,Flint,Pro,0,104000003,true,26.0499999999998,24.44444444444306,99.38333333332898,634.8177682758982,18,13,2,2,5,-3730072102380063388
ridge,2,Flint,Pro,1,104007922,true,25.716666666666487,23.9555555555542,97.58333333332908,634.8177682758982,18,13,2,2,5,-3655566843072553572
ridge,2,Flint,Champion,0,104000003,true,25.833333333333147,24.366666666665285,98.933333333329,634.8177682758982,18,13,2,2,5,-4377831490302962540
ridge,2,Flint,Champion,1,104007922,true,25.599999999999827,23.98888888888753,97.56666666666241,634.8177682758982,18,13,2,2,5,8033674009239708459
ridge,3,Quill,Rookie,0,104000003,true,27.666666666666377,25.59999999999855,104.46666666666202,634.8177682758982,18,13,2,2,5,-1213157625675634129
ridge,3,Quill,Rookie,1,104007922,true,26.749999999999762,24.899999999998588,101.44999999999553,634.8177682758982,18,13,2,2,5,5578348686846590905
ridge,3,Quill,Club,0,104000003,true,26.283333333333122,24.5388888888875,99.89999999999561,634.8177682758982,18,13,2,2,5,-2528725490706066751
ridge,3,Quill,Club,1,104007922,true,26.21666666666646,24.261111111109738,98.99999999999567,634.8177682758982,18,13,2,2,5,4267324149132048587
ridge,3,Quill,Pro,0,104000003,true,25.43333333333317,23.849999999998648,96.98333333332911,634.8177682758982,18,13,2,2,5,-7258262962183052236
ridge,3,Quill,Pro,1,104007922,true,25.16666666666652,23.461111111109783,95.54999999999586,634.8177682758982,18,13,2,2,5,670574493886463859
ridge,3,Quill,Champion,0,104000003,true,25.416666666666504,23.777777777776432,96.7499999999958,634.8177682758982,18,13,2,2,5,3806420380653769919
ridge,3,Quill,Champion,1,104007922,true,25.08333333333319,23.411111111109786,95.31666666666254,634.8177682758982,18,13,2,2,5,5281587324404507179
ridge,3,Vandal,Rookie,0,104000003,true,30.199999999999566,27.611111111109548,113.0333333333282,634.8177682758982,18,13,2,2,5,7792813813949962280
ridge,3,Vandal,Rookie,1,104007922,true,28.733333333332983,26.577777777776273,108.4666666666618,634.8177682758982,18,13,2,2,5,-711566971082078729
ridge,3,Vandal,Club,0,104000003,true,28.54999999999966,26.272222222220734,107.36666666666186,634.8177682758982,18,13,2,2,5,-8887128029835218813
ridge,3,Vandal,Club,1,104007922,true,27.76666666666637,25.327777777776344,103.7499999999954,634.8177682758982,18,13,2,2,5,-2501083916397375034
ridge,3,Vandal,Pro,0,104000003,true,27.216666666666402,24.88888888888748,101.88333333332884,634.8177682758982,18,13,2,2,5,-4290565127905418947
ridge,3,Vandal,Pro,1,104007922,true,26.583333333333105,24.172222222220853,99.09999999999566,634.8177682758982,18,13,2,2,5,-3114900940892100118
ridge,3,Vandal,Champion,0,104000003,true,27.366666666666394,24.905555555554145,102.08333333332882,634.8177682758982,18,13,2,2,5,1415008439788605462
ridge,3,Vandal,Champion,1,104007922,true,26.649999999999768,24.127777777776412,99.033333333329,634.8177682758982,18,13,2,2,5,-3740707659987819719
ridge,4,Kestrel,Rookie,0,104000003,true,25.599999999999827,23.805555555554207,97.01666666666245,634.8177682758982,18,13,2,2,5,7218057390728659698
ridge,4,Kestrel,Rookie,1,104007922,true,24.99999999999986,23.094444444443138,94.28333333332927,634.8177682758982,18,13,2,2,5,4918070173124938408
ridge,4,Kestrel,Club,0,104000003,true,24.73333333333321,23.005555555554253,93.74999999999596,634.8177682758982,18,13,2,2,5,-1670838599665664062
ridge,4,Kestrel,Club,1,104007922,true,24.366666666666564,22.699999999998713,92.4666666666627,634.8177682758982,18,13,2,2,5,-7054135347201966690
ridge,4,Kestrel,Pro,0,104000003,true,24.099999999999913,22.361111111109846,91.18333333332944,634.8177682758982,18,13,2,2,5,4574987272525208989
ridge,4,Kestrel,Pro,1,104007922,true,23.733333333333267,22.011111111109866,89.76666666666286,634.8177682758982,18,13,2,2,5,7190592763173175471
ridge,4,Kestrel,Champion,0,104000003,true,23.966666666666587,22.416666666665396,91.21666666666277,634.8177682758982,18,13,2,2,5,835518216020041480
ridge,4,Kestrel,Champion,1,104007922,true,23.733333333333267,22.099999999998747,90.03333333332951,634.8177682758982,18,13,2,2,5,24638946366656441
ridge,4,Bulwark,Rookie,0,104000003,true,28.499999999999662,26.688888888887377,108.56666666666179,634.8177682758982,18,13,2,2,5,-6740703736064682719
ridge,4,Bulwark,Rookie,1,104007922,true,27.199999999999736,25.722222222220765,104.36666666666203,634.8177682758982,18,13,2,2,5,-2831686381749891528
ridge,4,Bulwark,Club,0,104000003,true,27.199999999999736,25.416666666665225,103.44999999999541,634.8177682758982,18,13,2,2,5,6367340520808648056
ridge,4,Bulwark,Club,1,104007922,true,26.616666666666436,24.41111111110973,99.84999999999562,634.8177682758982,18,13,2,2,5,609641007102219393
ridge,4,Bulwark,Pro,0,104000003,true,26.0999999999998,24.205555555554184,98.71666666666235,634.8177682758982,18,13,2,2,5,-349595005047633442
ridge,4,Bulwark,Pro,1,104007922,true,25.299999999999844,23.422222222220896,95.56666666666253,634.8177682758982,18,13,2,2,5,-1376068743390304693
ridge,4,Bulwark,Champion,0,104000003,true,26.21666666666646,24.23333333333196,98.91666666666234,634.8177682758982,18,13,2,2,5,-774118195682143391
ridge,4,Bulwark,Champion,1,104007922,true,25.416666666666504,23.494444444443115,95.89999999999584,634.8177682758982,18,13,2,2,5,-9136212121674664419
frostline,0,Needle,Rookie,0,104000003,true,38.4999999999991,36.50555555555917,148.0166666666766,857.6332526481478,20,12,2,2,5,5336525377134227441
frostline,0,Needle,Rookie,1,104007922,true,37.149999999999174,35.311111111113384,143.08333333333934,857.6332526481478,20,12,2,2,5,4094912236174938529
frostline,0,Needle,Club,0,104000003,true,37.43333333333249,35.51666666666919,143.98333333334006,857.6332526481478,20,12,2,2,5,3100879067789721169
frostline,0,Needle,Club,1,104007922,true,36.66666666666587,34.84444444444622,141.2000000000045,857.6332526481478,20,12,2,2,5,1579327379698002830
frostline,0,Needle,Pro,0,104000003,true,36.46666666666588,34.65555555555712,140.43333333333723,857.6332526481478,20,12,2,2,5,4840440464854179728
frostline,0,Needle,Pro,1,104007922,true,35.99999999999924,34.25555555555667,138.76666666666924,857.6332526481478,20,12,2,2,5,4392072908291428011
frostline,0,Needle,Champion,0,104000003,true,36.43333333333255,34.72222222222383,140.60000000000403,857.6332526481478,20,12,2,2,5,-7954735073231074137
frostline,0,Needle,Champion,1,104007922,true,36.08333333333257,34.29444444444561,138.9666666666694,857.6332526481478,20,12,2,2,5,-576911232570434596
frostline,0,Line,Rookie,0,104000003,true,40.98333333333229,38.311111111116865,155.9166666666829,857.6332526481478,20,12,2,2,5,4193537673450179786
frostline,0,Line,Rookie,1,104007922,true,39.99999999999901,36.600000000004115,149.80000000001135,857.6332526481478,20,12,2,2,5,-2680794684439889973
frostline,0,Line,Club,0,104000003,true,39.18333333333239,36.333333333337,148.1833333333434,857.6332526481478,20,12,2,2,5,428511147120503353
frostline,0,Line,Club,1,104007922,true,38.26666666666578,35.24444444444699,144.00000000000674,857.6332526481478,20,12,2,2,5,8269611649070034552
frostline,0,Line,Pro,0,104000003,true,38.083333333332455,35.022222222224535,143.15000000000606,857.6332526481478,20,12,2,2,5,899871523970529340
frostline,0,Line,Pro,1,104007922,true,37.2833333333325,34.21666666666811,139.93333333333683,857.6332526481478,20,12,2,2,5,-1444705228820112867
frostline,0,Line,Champion,0,104000003,true,37.966666666665795,35.066666666668986,143.16666666667274,857.6332526481478,20,12,2,2,5,-3569597621272748530
frostline,0,Line,Champion,1,104007922,true,37.11666666666584,34.2666666666681,139.91666666667015,857.6332526481478,20,12,2,2,5,1130795551892859375
frostline,1,Bastion,Rookie,0,104000003,true,41.3666666666656,38.20555555556134,155.9833333333496,857.6332526481478,20,12,2,2,5,-5832266230443874830
frostline,1,Bastion,Rookie,1,104007922,true,39.99999999999901,36.411111111115076,149.23333333334423,857.6332526481478,20,12,2,2,5,-7412153485863175270
frostline,1,Bastion,Club,0,104000003,true,39.98333333333235,36.02222222222587,148.05000000000996,857.6332526481478,20,12,2,2,5,-3715114216849311901
frostline,1,Bastion,Club,1,104007922,true,38.53333333333243,34.9888888888913,143.50000000000634,857.6332526481478,20,12,2,2,5,3709831365755352696
frostline,1,Bastion,Pro,0,104000003,true,38.28333333333244,34.80555555555775,142.7000000000057,857.6332526481478,20,12,2,2,5,5306837383863147360
frostline,1,Bastion,Pro,1,104007922,true,37.34999999999916,33.78888888889001,138.7166666666692,857.6332526481478,20,12,2,2,5,6116411544235235814
frostline,1,Bastion,Champion,0,104000003,true,38.09999999999912,34.522222222224144,141.66666666667155,857.6332526481478,20,12,2,2,5,2889320482446317748
frostline,1,Bastion,Champion,1,104007922,true,37.31666666666583,33.7333333333344,138.51666666666904,857.6332526481478,20,12,2,2,5,850154247968852272
frostline,2,Comet,Rookie,0,104000003,true,36.26666666666589,33.73333333333411,137.4666666666682,857.6332526481478,20,12,2,2,5,-4991485082178784609
frostline,2,Comet,Rookie,1,104007922,true,35.33333333333261,32.583333333332924,133.08333333333138,857.6332526481478,20,12,2,2,5,2022492011855300237
frostline,2,Comet,Club,0,104000003,true,34.78333333333264,32.46666666666601,132.18333333333067,857.6332526481478,20,12,2,2,5,4399216589616106048
frostline,2,Comet,Club,1,104007922,true,34.19999999999934,31.38888888888721,128.36666666666096,857.6332526481478,20,12,2,2,5,-606919119509633123
frostline,2,Comet,Pro,0,104000003,true,33.29999999999939,30.933333333331575,126.09999999999413,857.6332526481478,20,12,2,2,5,-5353096140761565893
frostline,2,Comet,Pro,1,104007922,true,32.68333333333276,30.3722222222205,123.79999999999426,857.6332526481478,20,12,2,2,5,1664291361723150750
frostline,2,Comet,Champion,0,104000003,true,32.94999999999941,30.7944444444427,125.3333333333275,857.6332526481478,20,12,2,2,5,1187540192220073808
frostline,2,Comet,Champion,1,104007922,true,32.549999999999436,30.33333333333161,123.54999999999427,857.6332526481478,20,12,2,2,5,-5346270113633126032
frostline,1,Trail,Rookie,0,104000003,true,35.03333333333263,32.37222222222156,132.1499999999973,857.6332526481478,20,12,2,2,5,1034689120940477348
frostline,1,Trail,Rookie,1,104007922,true,33.99999999999935,31.75555555555411,129.26666666666168,857.6332526481478,20,12,2,2,5,7702630425604847890
frostline,1,Trail,Club,0,104000003,true,34.09999999999935,32.05555555555438,130.26666666666247,857.6332526481478,20,12,2,2,5,-2188439726353894006
frostline,1,Trail,Club,1,104007922,true,33.69999999999937,31.572222222220546,128.416666666661,857.6332526481478,20,12,2,2,5,3013684024620279699
frostline,1,Trail,Pro,0,104000003,true,33.74999999999937,31.766666666665156,129.04999999999484,857.6332526481478,20,12,2,2,5,-8433246458128818953
frostline,1,Trail,Pro,1,104007922,true,33.216666666666065,31.361111111109334,127.29999999999406,857.6332526481478,20,12,2,2,5,-1340936240501997751
frostline,1,Trail,Champion,0,104000003,true,33.799999999999365,31.733333333331814,128.9999999999948,857.6332526481478,20,12,2,2,5,8383966928674820319
frostline,1,Trail,Champion,1,104007922,true,33.29999999999939,31.34444444444266,127.33333333332739,857.6332526481478,20,12,2,2,5,-1371126098108902997
frostline,2,Flint,Rookie,0,104000003,true,34.43333333333266,31.988888888887754,130.3999999999959,857.6332526481478,20,12,2,2,5,3919444976241981680
frostline,2,Flint,Rookie,1,104007922,true,33.23333333333273,31.599999999998214,128.03333333332736,857.6332526481478,20,12,2,2,5,-2711666438972504848
frostline,2,Flint,Club,0,104000003,true,32.983333333332745,31.211111111109336,126.61666666666076,857.6332526481478,20,12,2,2,5,-7116915402590869432
frostline,2,Flint,Club,1,104007922,true,32.91666666666608,30.938888888887135,125.73333333332748,857.6332526481478,20,12,2,2,5,1744822756460015453
frostline,2,Flint,Pro,0,104000003,true,32.49999999999944,30.694444444442706,124.58333333332754,857.6332526481478,20,12,2,2,5,8764521575758003747
frostline,2,Flint,Pro,1,104007922,true,32.34999999999945,30.511111111109376,123.88333333332758,857.6332526481478,20,12,2,2,5,-4282869983660815283
frostline,2,Flint,Champion,0,104000003,true,32.433333333332776,30.661111111109374,124.41666666666089,857.6332526481478,20,12,2,2,5,2817672109663487373
frostline,2,Flint,Champion,1,104007922,true,32.316666666666116,30.57222222222049,124.03333333332758,857.6332526481478,20,12,2,2,5,-4664590450378967720
frostline,3,Quill,Rookie,0,104000003,true,33.18333333333273,31.172222222220455,126.69999999999409,857.6332526481478,20,12,2,2,5,-3148863891832136027
frostline,3,Quill,Rookie,1,104007922,true,32.73333333333276,30.399999999998272,123.93333333332758,857.6332526481478,20,12,2,2,5,-6864898014764624163
frostline,3,Quill,Club,0,104000003,true,31.89999999999947,30.277777777776063,122.73333333332765,857.6332526481478,20,12,2,2,5,2379035579448204743
frostline,3,Quill,Club,1,104007922,true,31.949999999999466,30.06666666666496,122.14999999999435,857.6332526481478,20,12,2,2,5,-5427042432313706668
frostline,3,Quill,Pro,0,104000003,true,31.416666666666163,29.816666666664975,120.86666666666109,857.6332526481478,20,12,2,2,5,4048835836411718473
frostline,3,Quill,Pro,1,104007922,true,31.23333333333284,29.54444444444277,119.86666666666115,857.6332526481478,20,12,2,2,5,-1654955129903179184
frostline,3,Quill,Champion,0,104000003,true,31.499999999999492,29.838888888887197,121.01666666666108,857.6332526481478,20,12,2,2,5,-5114749195828660100
frostline,3,Quill,Champion,1,104007922,true,31.133333333332846,29.51111111110944,119.66666666666116,857.6332526481478,20,12,2,2,5,8303764866707871784
frostline,3,Vandal,Rookie,0,104000003,true,35.199999999999285,32.17222222222145,131.71666666666363,857.6332526481478,20,12,2,2,5,-6718834625355519222
frostline,3,Vandal,Rookie,1,104007922,true,33.916666666666025,31.333333333331552,127.91666666666069,857.6332526481478,20,12,2,2,5,4626465249389497
frostline,3,Vandal,Club,0,104000003,true,33.1499999999994,30.738888888887146,125.36666666666083,857.6332526481478,20,12,2,2,5,9064135628158611605
frostline,3,Vandal,Club,1,104007922,true,32.64999999999943,30.1111111111094,122.98333333332764,857.6332526481478,20,12,2,2,5,6617252484420166459
frostline,3,Vandal,Pro,0,104000003,true,32.199999999999456,29.63333333333165,121.09999999999441,857.6332526481478,20,12,2,2,5,1589764347584105755
frostline,3,Vandal,Pro,1,104007922,true,31.633333333332818,29.033333333331687,118.73333333332788,857.6332526481478,20,12,2,2,5,-2271899781012483075
frostline,3,Vandal,Champion,0,104000003,true,32.049999999999464,29.511111111109432,120.58333333332777,857.6332526481478,20,12,2,2,5,-4157030094099973385
frostline,3,Vandal,Champion,1,104007922,true,31.449999999999495,28.93888888888725,118.26666666666124,857.6332526481478,20,12,2,2,5,-5800419572831028679
frostline,4,Kestrel,Rookie,0,104000003,true,30.933333333332858,29.21666666666501,118.58333333332789,857.6332526481478,20,12,2,2,5,-5352567862332450439
frostline,4,Kestrel,Rookie,1,104007922,true,30.516666666666215,29.00555555555391,117.53333333332795,857.6332526481478,20,12,2,2,5,-7302704172888227935
frostline,4,Kestrel,Club,0,104000003,true,30.03333333333291,28.222222222220623,114.69999999999477,857.6332526481478,20,12,2,2,5,7046309133258226307
frostline,4,Kestrel,Club,1,104007922,true,30.133333333332903,28.211111111109513,114.76666666666144,857.6332526481478,20,12,2,2,5,-5903441517627816583
frostline,4,Kestrel,Pro,0,104000003,true,29.733333333332926,27.983333333331746,113.68333333332816,857.6332526481478,20,12,2,2,5,-1345046053027907706
frostline,4,Kestrel,Pro,1,104007922,true,29.533333333332937,27.73333333333176,112.73333333332822,857.6332526481478,20,12,2,2,5,5763383187364937859
frostline,4,Kestrel,Champion,0,104000003,true,29.733333333332926,27.999999999998412,113.73333333332816,857.6332526481478,20,12,2,2,5,1821216709619797825
frostline,4,Kestrel,Champion,1,104007922,true,29.299999999999617,27.749999999998426,112.5499999999949,857.6332526481478,20,12,2,2,5,-8576057527851777602
frostline,4,Bulwark,Rookie,0,104000003,true,33.84999999999936,31.422222222220466,128.11666666666076,857.6332526481478,20,12,2,2,5,-2873404724704549649
frostline,4,Bulwark,Rookie,1,104007922,true,32.26666666666612,30.29444444444273,123.1499999999943,857.6332526481478,20,12,2,2,5,7788807924435501357
frostline,4,Bulwark,Club,0,104000003,true,31.966666666666132,29.855555555553863,121.53333333332772,857.6332526481478,20,12,2,2,5,-2733402032802721211
frostline,4,Bulwark,Club,1,104007922,true,31.149999999999512,29.13333333333168,118.54999999999455,857.6332526481478,20,12,2,2,5,-5059672246828475563
frostline,4,Bulwark,Pro,0,104000003,true,30.96666666666619,28.92777777777614,117.7499999999946,857.6332526481478,20,12,2,2,5,3105841425085244984
frostline,4,Bulwark,Pro,1,104007922,true,30.366666666666223,28.47222222222061,115.78333333332805,857.6332526481478,20,12,2,2,5,2983895058382696949
frostline,4,Bulwark,Champion,0,104000003,true,30.84999999999953,28.933333333331692,117.6499999999946,857.6332526481478,20,12,2,2,5,-8391956343473017980
frostline,4,Bulwark,Champion,1,104007922,true,30.29999999999956,28.299999999998395,115.19999999999474,857.6332526481478,20,12,2,2,5,-8790379558703782652
highpass,0,Needle,Rookie,0,104000003,true,41.74999999999891,39.78333333334047,161.10000000002034,939.2201591318238,24,19,2,2,5,-7665261395841349693
highpass,0,Needle,Rookie,1,104007922,true,40.58333333333231,38.89444444445055,157.26666666668396,939.2201591318238,24,19,2,2,5,-3496955082286989030
highpass,0,Needle,Club,0,104000003,true,40.616666666665644,38.74444444445044,156.85000000001696,939.2201591318238,24,19,2,2,5,7439073259576404002
highpass,0,Needle,Club,1,104007922,true,39.63333333333237,38.00000000000512,153.63333333334774,939.2201591318238,24,19,2,2,5,1656281136350307478
highpass,0,Needle,Pro,0,104000003,true,39.566666666665704,37.87222222222723,153.18333333334738,939.2201591318238,24,19,2,2,5,-2545029788656829261
highpass,0,Needle,Pro,1,104007922,true,39.18333333333239,37.41111111111564,151.4166666666793,939.2201591318238,24,19,2,2,5,-8545325649135938728
highpass,0,Needle,Champion,0,104000003,true,39.49999999999904,37.86666666667165,153.10000000001398,939.2201591318238,24,19,2,2,5,-2263099447097385823
highpass,0,Needle,Champion,1,104007922,true,39.21666666666572,37.477777777782364,151.65000000001282,939.2201591318238,24,19,2,2,5,-5338995861594030924
highpass,0,Line,Rookie,0,104000003,true,44.3333333333321,41.588888888898204,169.1000000000267,939.2201591318238,24,19,2,2,5,-1994201967587812385
highpass,0,Line,Rookie,1,104007922,true,43.48333333333215,40.06111111111897,163.66666666668905,939.2201591318238,24,19,2,2,5,-8579105995552239887
highpass,0,Line,Club,0,104000003,true,42.29999999999888,39.46111111111816,160.68333333335335,939.2201591318238,24,19,2,2,5,9053476823737945748
highpass,0,Line,Club,1,104007922,true,41.64999999999892,38.71666666667293,157.80000000001772,939.2201591318238,24,19,2,2,5,-7069459855712157210
highpass,0,Line,Pro,0,104000003,true,41.09999999999895,38.04444444445002,155.233333333349,939.2201591318238,24,19,2,2,5,7764867711786436917
highpass,0,Line,Pro,1,104007922,true,40.16666666666567,37.35000000000476,152.21666666667994,939.2201591318238,24,19,2,2,5,7537224162862692957
highpass,0,Line,Champion,0,104000003,true,40.883333333332295,38.03333333333884,154.9833333333488,939.2201591318238,24,19,2,2,5,-6517911686699698434
highpass,0,Line,Champion,1,104007922,true,40.16666666666567,37.31111111111584,152.10000000001318,939.2201591318238,24,19,2,2,5,-8559226819633720233
highpass,1,Bastion,Rookie,0,104000003,true,44.51666666666542,40.8055555555643,166.93333333335832,939.2201591318238,24,19,2,2,5,2477446747168882209
highpass,1,Bastion,Rookie,1,104007922,true,43.24999999999883,39.10555555556258,160.5666666666866,939.2201591318238,24,19,2,2,5,2668127724194098778
highpass,1,Bastion,Club,0,104000003,true,42.866666666665516,39.0333333333402,159.9666666666861,939.2201591318238,24,19,2,2,5,1426103471715429859
highpass,1,Bastion,Club,1,104007922,true,41.549999999998924,37.92222222222782,155.3166666666824,939.2201591318238,24,19,2,2,5,8883510432416877554
highpass,1,Bastion,Pro,0,104000003,true,41.04999999999895,37.333333333338324,153.05000000001394,939.2201591318238,24,19,2,2,5,-322716444850423842
highpass,1,Bastion,Pro,1,104007922,true,40.249999999999,36.4166666666707,149.5000000000111,939.2201591318238,24,19,2,2,5,-4974124575018279882
highpass,1,Bastion,Champion,0,104000003,true,41.04999999999895,37.40000000000504,153.2500000000141,939.2201591318238,24,19,2,2,5,311346622659518179
highpass,1,Bastion,Champion,1,104007922,true,40.266666666665664,36.477777777781874,149.70000000001127,939.2201591318238,24,19,2,2,5,8362609673837259356
highpass,2,Comet,Rookie,0,104000003,true,38.76666666666575,36.13888888889229,147.1833333333426,939.2201591318238,24,19,2,2,5,-6903234515865551810
highpass,2,Comet,Rookie,1,104007922,true,37.3333333333325,35.18333333333556,142.88333333333918,939.2201591318238,24,19,2,2,5,4704548548338079584
highpass,2,Comet,Club,0,104000003,true,37.31666666666583,34.816666666668596,141.76666666667163,939.2201591318238,24,19,2,2,5,-2936844568267219247
highpass,2,Comet,Club,1,104007922,true,36.08333333333257,33.88333333333417,137.73333333333508,939.2201591318238,24,19,2,2,5,-6652330746994410244
highpass,2,Comet,Pro,0,104000003,true,35.94999999999924,33.41111111111153,136.18333333333385,939.2201591318238,24,19,2,2,5,74398316580986753
highpass,2,Comet,Pro,1,104007922,true,35.06666666666596,32.83888888888861,133.58333333333178,939.2201591318238,24,19,2,2,5,-7087558102045538376
highpass,2,Comet,Champion,0,104000003,true,35.5333333333326,33.31111111111134,135.4666666666666,939.2201591318238,24,19,2,2,5,-8382089124327795813
highpass,2,Comet,Champion,1,104007922,true,35.049999999999294,32.79444444444412,133.43333333333166,939.2201591318238,24,19,2,2,5,-5856303317234025627
highpass,1,Trail,Rookie,0,104000003,true,37.68333333333248,35.3444444444469,143.71666666667318,939.2201591318238,24,19,2,2,5,6349332241385369492
highpass,1,Trail,Rookie,1,104007922,true,37.16666666666584,34.84444444444636,141.7000000000049,939.2201591318238,24,19,2,2,5,-2062703686924875096
highpass,1,Trail,Club,0,104000003,true,37.08333333333251,34.81111111111297,141.51666666667143,939.2201591318238,24,19,2,2,5,-8056304220125998770
highpass,1,Trail,Club,1,104007922,true,36.833333333332526,34.5333333333349,140.43333333333723,939.2201591318238,24,19,2,2,5,6606842865697552589
highpass,1,Trail,Pro,0,104000003,true,36.49999999999921,34.50555555555701,140.01666666667023,939.2201591318238,24,19,2,2,5,8725918549883790395
highpass,1,Trail,Pro,1,104007922,true,36.29999999999922,34.261111111112314,139.08333333333616,939.2201591318238,24,19,2,2,5,8617276451148624539
highpass,1,Trail,Champion,0,104000003,true,36.46666666666588,34.57777777777928,140.2000000000037,939.2201591318238,24,19,2,2,5,8878432752867099431
highpass,1,Trail,Champion,1,104007922,true,36.31666666666589,34.34444444444571,139.35000000000304,939.2201591318238,24,19,2,2,5,-97806775915070737
highpass,2,Flint,Rookie,0,104000003,true,36.78333333333253,34.955555555557446,141.65000000000487,939.2201591318238,24,19,2,2,5,2283032972280138740
highpass,2,Flint,Rookie,1,104007922,true,36.54999999999921,34.33333333333466,139.5500000000032,939.2201591318238,24,19,2,2,5,-5662440513710135163
highpass,2,Flint,Club,0,104000003,true,35.93333333333258,34.25000000000109,138.68333333333584,939.2201591318238,24,19,2,2,5,3476212676186720388
highpass,2,Flint,Club,1,104007922,true,35.69999999999926,33.922222222222985,137.4666666666682,939.2201591318238,24,19,2,2,5,-3104817256895638388
highpass,2,Flint,Pro,0,104000003,true,35.316666666665945,33.69444444444491,136.4000000000007,939.2201591318238,24,19,2,2,5,-4632773996765293052
highpass,2,Flint,Pro,1,104007922,true,35.049999999999294,33.388888888889035,135.2166666666664,939.2201591318238,24,19,2,2,5,-7155862895988979912
highpass,2,Flint,Champion,0,104000003,true,35.23333333333262,33.58888888888925,136.00000000000037,939.2201591318238,24,19,2,2,5,8815879727506968812
highpass,2,Flint,Champion,1,104007922,true,34.9499999999993,33.38888888888901,135.11666666666633,939.2201591318238,24,19,2,2,5,3611713952717489696
highpass,3,Quill,Rookie,0,104000003,true,35.94999999999924,33.76666666666737,137.25000000000136,939.2201591318238,24,19,2,2,5,-412869491380798414
highpass,3,Quill,Rookie,1,104007922,true,35.399999999999274,33.46111111111142,135.78333333333353,939.2201591318238,24,19,2,2,5,-6078564457548429741
highpass,3,Quill,Club,0,104000003,true,34.699999999999314,32.999999999999744,133.69999999999854,939.2201591318238,24,19,2,2,5,-8295083658475184293
highpass,3,Quill,Club,1,104007922,true,34.56666666666599,32.67222222222167,132.58333333333098,939.2201591318238,24,19,2,2,5,-7452617968999600150
highpass,3,Quill,Pro,0,104000003,true,34.13333333333268,32.4833333333325,131.5833333333302,939.2201591318238,24,19,2,2,5,-5675849126862677081
highpass,3,Quill,Pro,1,104007922,true,34.04999999999935,32.183333333332236,130.59999999999607,939.2201591318238,24,19,2,2,5,6435748599070818085
highpass,3,Quill,Champion,0,104000003,true,34.183333333332676,32.46111111111028,131.5666666666635,939.2201591318238,24,19,2,2,5,-4294367986070786615
highpass,3,Quill,Champion,1,104007922,true,33.89999999999936,32.20555555555444,130.51666666666267,939.2201591318238,24,19,2,2,5,8662033867260746862
highpass,3,Vandal,Rookie,0,104000003,true,37.3333333333325,34.69444444444628,141.41666666667135,939.2201591318238,24,19,2,2,5,-7540220920355998128
highpass,3,Vandal,Rookie,1,104007922,true,36.53333333333254,33.70000000000082,137.633333333335,939.2201591318238,24,19,2,2,5,-419980670907666773
highpass,3,Vandal,Club,0,104000003,true,36.333333333332554,33.205555555555925,135.95000000000033,939.2201591318238,24,19,2,2,5,8079301406568947252
highpass,3,Vandal,Club,1,104007922,true,34.86666666666597,32.449999999999356,132.21666666666403,939.2201591318238,24,19,2,2,5,-9129432634194656807
highpass,3,Vandal,Pro,0,104000003,true,34.816666666665974,32.133333333332416,131.21666666666323,939.2201591318238,24,19,2,2,5,-3437220940064197577
highpass,3,Vandal,Pro,1,104007922,true,34.21666666666601,31.583333333331808,128.96666666666144,939.2201591318238,24,19,2,2,5,-3150536411852331886
highpass,3,Vandal,Champion,0,104000003,true,34.616666666665985,32.00555555555448,130.63333333332943,939.2201591318238,24,19,2,2,5,-7464789429375031781
highpass,3,Vandal,Champion,1,104007922,true,34.04999999999935,31.499999999998362,128.54999999999444,939.2201591318238,24,19,2,2,5,-4138525003414537406
highpass,4,Kestrel,Rookie,0,104000003,true,33.99999999999935,31.77222222222079,129.31666666666172,939.2201591318238,24,19,2,2,5,-6650696111658914651
highpass,4,Kestrel,Rookie,1,104007922,true,33.06666666666607,31.233333333331558,126.76666666666075,939.2201591318238,24,19,2,2,5,-4153633579575571154
highpass,4,Kestrel,Club,0,104000003,true,32.91666666666608,31.188888888887117,126.48333333332744,939.2201591318238,24,19,2,2,5,-297445495509687276
highpass,4,Kestrel,Club,1,104007922,true,32.6166666666661,30.82222222222047,125.08333333332752,939.2201591318238,24,19,2,2,5,3537490890407537913
highpass,4,Kestrel,Pro,0,104000003,true,32.18333333333279,30.688888888887146,124.24999999999423,939.2201591318238,24,19,2,2,5,-943248948493699972
highpass,4,Kestrel,Pro,1,104007922,true,32.0333333333328,30.316666666664947,122.98333333332764,939.2201591318238,24,19,2,2,5,5227736370048365077
highpass,4,Kestrel,Champion,0,104000003,true,32.24999999999945,30.6444444444427,124.18333333332757,939.2201591318238,24,19,2,2,5,6096978816387087623
highpass,4,Kestrel,Champion,1,104007922,true,32.0333333333328,30.311111111109387,122.96666666666097,939.2201591318238,24,19,2,2,5,-1260236936565091278
highpass,4,Bulwark,Rookie,0,104000003,true,35.71666666666592,33.31111111111139,135.6500000000001,939.2201591318238,24,19,2,2,5,9019602446599597811
highpass,4,Bulwark,Rookie,1,104007922,true,34.849999999999305,32.57777777777722,132.58333333333098,939.2201591318238,24,19,2,2,5,-3730405559410349004
highpass,4,Bulwark,Club,0,104000003,true,34.56666666666599,32.24999999999911,131.3166666666633,939.2201591318238,24,19,2,2,5,6254853370130711987
highpass,4,Bulwark,Club,1,104007922,true,33.84999999999936,31.538888888887225,128.46666666666104,939.2201591318238,24,19,2,2,5,7364591873342347762
highpass,4,Bulwark,Pro,0,104000003,true,33.54999999999938,31.366666666664884,127.64999999999404,939.2201591318238,24,19,2,2,5,-2862224648992239077
highpass,4,Bulwark,Pro,1,104007922,true,32.783333333332756,30.75555555555381,125.04999999999418,939.2201591318238,24,19,2,2,5,81377146775398853
highpass,4,Bulwark,Champion,0,104000003,true,33.43333333333272,31.49444444444266,127.91666666666069,939.2201591318238,24,19,2,2,5,-2401297324709863801
highpass,4,Bulwark,Champion,1,104007922,true,32.73333333333276,30.872222222220472,125.34999999999417,939.2201591318238,24,19,2,2,5,-1833114848974448877
summit,0,Needle,Rookie,0,104000003,true,38.56666666666576,36.35000000000351,147.61666666667628,870.7640610461189,18,14,2,2,5,5593372937228597618
summit,0,Needle,Rookie,1,104007922,true,37.2833333333325,35.350000000002346,143.33333333333954,870.7640610461189,18,14,2,2,5,-1866118838451010367
summit,0,Needle,Club,0,104000003,true,37.43333333333249,35.52222222222475,144.00000000000674,870.7640610461189,18,14,2,2,5,-5300089636958275575
summit,0,Needle,Club,1,104007922,true,36.716666666665866,34.733333333335025,140.91666666667095,870.7640610461189,18,14,2,2,5,7350242732675932075
summit,0,Needle,Pro,0,104000003,true,36.81666666666586,34.96111111111301,141.7000000000049,870.7640610461189,18,14,2,2,5,2941294285399729051
summit,0,Needle,Pro,1,104007922,true,36.39999999999922,34.52777777777922,139.98333333333687,870.7640610461189,18,14,2,2,5,-6312762548735753576
summit,0,Needle,Champion,0,104000003,true,36.73333333333253,35.00555555555747,141.75000000000495,870.7640610461189,18,14,2,2,5,7309057015433290142
summit,0,Needle,Champion,1,104007922,true,36.31666666666589,34.60000000000147,140.1166666666703,870.7640610461189,18,14,2,2,5,-2099097113889988315
summit,0,Line,Rookie,0,104000003,true,40.74999999999897,37.73333333333856,153.95000000001465,870.7640610461189,18,14,2,2,5,6307076310162272718
summit,0,Line,Rookie,1,104007922,true,39.249999999999055,36.377777777781496,148.38333333334356,870.7640610461189,18,14,2,2,5,4495732140213674549
summit,0,Line,Club,0,104000003,true,39.06666666666573,35.988888888892255,147.03333333334248,870.7640610461189,18,14,2,2,5,-7752780153117808172
summit,0,Line,Club,1,104007922,true,37.883333333332466,35.13888888889124,143.30000000000618,870.7640610461189,18,14,2,2,5,-3980940322593129894
summit,0,Line,Pro,0,104000003,true,37.616666666665814,34.78888888889088,141.98333333333846,870.7640610461189,18,14,2,2,5,2964309673857138190
summit,0,Line,Pro,1,104007922,true,36.89999999999919,33.966666666667805,138.8000000000026,870.7640610461189,18,14,2,2,5,6146828111090404765
summit,0,Line,Champion,0,104000003,true,37.58333333333248,34.666666666668554,141.58333333333815,870.7640610461189,18,14,2,2,5,-145843201784553784
summit,0,Line,Champion,1,104007922,true,36.949999999999186,33.96666666666781,138.85000000000264,870.7640610461189,18,14,2,2,5,7487159317622248334
summit,1,Bastion,Rookie,0,104000003,true,41.316666666665604,37.65555555556088,154.28333333334825,870.7640610461189,18,14,2,2,5,519121141359154158
summit,1,Bastion,Rookie,1,104007922,true,40.31666666666566,36.67222222222648,150.3333333333451,870.7640610461189,18,14,2,2,5,2834330774760244486
summit,1,Bastion,Club,0,104000003,true,39.76666666666569,36.12222222222589,148.13333333334336,870.7640610461189,18,14,2,2,5,8509834967348344914
summit,1,Bastion,Club,1,104007922,true,38.64999999999909,35.19444444444705,144.23333333334025,870.7640610461189,18,14,2,2,5,-7198554100144191388
summit,1,Bastion,Pro,0,104000003,true,38.04999999999912,34.55555555555748,141.71666666667159,870.7640610461189,18,14,2,2,5,-2027561089263517857
summit,1,Bastion,Pro,1,104007922,true,37.13333333333251,33.73888888888991,138.35000000000224,870.7640610461189,18,14,2,2,5,-2185172927613434374
summit,1,Bastion,Champion,0,104000003,true,37.98333333333246,34.48888888889075,141.4500000000047,870.7640610461189,18,14,2,2,5,-7076976250249286126
summit,1,Bastion,Champion,1,104007922,true,37.13333333333251,33.61111111111203,137.9666666666686,870.7640610461189,18,14,2,2,5,2245276625199030315
summit,2,Comet,Rookie,0,104000003,true,36.18333333333256,33.73333333333408,137.3833333333348,870.7640610461189,18,14,2,2,5,-3248880314413137947
summit,2,Comet,Rookie,1,104007922,true,35.666666666665925,33.0166666666667,134.71666666666601,870.7640610461189,18,14,2,2,5,3043625398909845522
summit,2,Comet,Club,0,104000003,true,34.44999999999933,32.31111111111023,131.38333333333003,870.7640610461189,18,14,2,2,5,2811846066876378672
summit,2,Comet,Club,1,104007922,true,33.96666666666602,31.48333333333166,128.416666666661,870.7640610461189,18,14,2,2,5,7036065216532259203
summit,2,Comet,Pro,0,104000003,true,33.249999999999396,30.949999999998244,126.09999999999413,870.7640610461189,18,14,2,2,5,1190847443703571308
summit,2,Comet,Pro,1,104007922,true,32.88333333333275,30.35555555555383,123.94999999999425,870.7640610461189,18,14,2,2,5,7780856009036661056
summit,2,Comet,Champion,0,104000003,true,32.91666666666608,30.733333333331586,125.11666666666085,870.7640610461189,18,14,2,2,5,-2535201368426502526
summit,2,Comet,Champion,1,104007922,true,32.49999999999944,30.36666666666494,123.59999999999427,870.7640610461189,18,14,2,2,5,-8699599350028030302
summit,1,Trail,Rookie,0,104000003,true,34.533333333332656,32.3611111111103,131.61666666666355,870.7640610461189,18,14,2,2,5,6737306550155442460
summit,1,Trail,Rookie,1,104007922,true,34.46666666666599,31.699999999998642,129.56666666666192,870.7640610461189,18,14,2,2,5,8469579742265733338
summit,1,Trail,Club,0,104000003,true,34.316666666666,32.32222222222131,131.28333333332995,870.7640610461189,18,14,2,2,5,-8061751226087665300
summit,1,Trail,Club,1,104007922,true,33.98333333333269,31.80555555555414,129.39999999999512,870.7640610461189,18,14,2,2,5,-2053913832440449271
summit,1,Trail,Pro,0,104000003,true,33.93333333333269,32.00555555555429,129.94999999999555,870.7640610461189,18,14,2,2,5,3814175552378375417
summit,1,Trail,Pro,1,104007922,true,33.58333333333271,31.594444444442747,128.36666666666096,870.7640610461189,18,14,2,2,5,-7461903152297047155
summit,1,Trail,Champion,0,104000003,true,34.01666666666602,32.01111111110987,130.04999999999563,870.7640610461189,18,14,2,2,5,5968134139057001642
summit,1,Trail,Champion,1,104007922,true,33.63333333333271,31.694444444442848,128.71666666666124,870.7640610461189,18,14,2,2,5,5290150551331711537
summit,2,Flint,Rookie,0,104000003,true,33.89999999999936,31.87222222222084,129.51666666666188,870.7640610461189,18,14,2,2,5,-2015666067697558450
summit,2,Flint,Rookie,1,104007922,true,33.66666666666604,31.31666666666489,127.6166666666607,870.7640610461189,18,14,2,2,5,4147569412901768222
summit,2,Flint,Club,0,104000003,true,32.99999999999941,31.188888888887117,126.56666666666077,870.7640610461189,18,14,2,2,5,-6163531856765104531
summit,2,Flint,Club,1,104007922,true,32.84999999999942,31.03888888888713,125.9666666666608,870.7640610461189,18,14,2,2,5,-2878019050725642413
summit,2,Flint,Pro,0,104000003,true,32.46666666666611,30.75555555555381,124.73333333332754,870.7640610461189,18,14,2,2,5,-5991583232078583102
summit,2,Flint,Pro,1,104007922,true,32.21666666666612,30.622222222220483,124.08333333332757,870.7640610461189,18,14,2,2,5,5923392048908692937
summit,2,Flint,Champion,0,104000003,true,32.41666666666611,30.772222222220478,124.73333333332754,870.7640610461189,18,14,2,2,5,-924404211335085969
summit,2,Flint,Champion,1,104007922,true,32.41666666666611,30.59444444444271,124.19999999999423,870.7640610461189,18,14,2,2,5,6529723186683386737
summit,3,Quill,Rookie,0,104000003,true,33.03333333333274,30.905555555553804,125.74999999999415,870.7640610461189,18,14,2,2,5,-3177983504014591988
summit,3,Quill,Rookie,1,104007922,true,32.93333333333275,30.866666666664912,125.53333333332749,870.7640610461189,18,14,2,2,5,2408819933128996212
summit,3,Quill,Club,0,104000003,true,32.049999999999464,30.13888888888718,122.466666666661,870.7640610461189,18,14,2,2,5,-6018135376787761260
summit,3,Quill,Club,1,104007922,true,31.916666666666135,29.994444444442745,121.89999999999436,870.7640610461189,18,14,2,2,5,8881091710554485662
summit,3,Quill,Pro,0,104000003,true,31.599999999999486,29.855555555553863,121.16666666666107,870.7640610461189,18,14,2,2,5,-1041036914858487722
summit,3,Quill,Pro,1,104007922,true,31.283333333332838,29.58888888888721,120.04999999999447,870.7640610461189,18,14,2,2,5,-8129676610359778247
summit,3,Quill,Champion,0,104000003,true,31.599999999999486,29.90555555555386,121.31666666666106,870.7640610461189,18,14,2,2,5,339500165969596807
summit,3,Quill,Champion,1,104007922,true,31.166666666666178,29.605555555553877,119.9833333333278,870.7640610461189,18,14,2,2,5,-82959819372383157
summit,3,Vandal,Rookie,0,104000003,true,35.01666666666596,32.022222222221274,131.0833333333298,870.7640610461189,18,14,2,2,5,1393129060625628916
summit,3,Vandal,Rookie,1,104007922,true,34.19999999999934,31.29444444444269,128.0833333333274,870.7640610461189,18,14,2,2,5,5132925842983956760
summit,3,Vandal,Club,0,104000003,true,33.51666666666605,30.999999999998238,126.51666666666077,870.7640610461189,18,14,2,2,5,6150681173891476107
summit,3,Vandal,Club,1,104007922,true,32.549999999999436,30.11666666666496,122.89999999999431,870.7640610461189,18,14,2,2,5,-5378470572198212200
summit,3,Vandal,Pro,0,104000003,true,32.13333333333279,29.533333333331655,120.73333333332776,870.7640610461189,18,14,2,2,5,3156513074724168425
summit,3,Vandal,Pro,1,104007922,true,31.58333333333282,29.049999999998352,118.73333333332788,870.7640610461189,18,14,2,2,5,5858584144802480683
summit,3,Vandal,Champion,0,104000003,true,31.999999999999464,29.499999999998327,120.49999999999444,870.7640610461189,18,14,2,2,5,6731872852781341979
summit,3,Vandal,Champion,1,104007922,true,31.449999999999495,28.905555555553917,118.16666666666124,870.7640610461189,18,14,2,2,5,3984853662333113851
summit,4,Kestrel,Rookie,0,104000003,true,30.61666666666621,29.127777777776128,117.99999999999459,870.7640610461189,18,14,2,2,5,1282384789364287779
summit,4,Kestrel,Rookie,1,104007922,true,30.96666666666619,28.861111111109476,117.54999999999461,870.7640610461189,18,14,2,2,5,7645246377854827549
summit,4,Kestrel,Club,0,104000003,true,30.049999999999574,28.26111111110951,114.8333333333281,870.7640610461189,18,14,2,2,5,3447843985126389379
summit,4,Kestrel,Club,1,104007922,true,30.09999999999957,28.233333333331732,114.79999999999477,870.7640610461189,18,14,2,2,5,-5616599034826638526
summit,4,Kestrel,Pro,0,104000003,true,29.63333333333293,27.988888888887303,113.59999999999484,870.7640610461189,18,14,2,2,5,-608552992370780601
summit,4,Kestrel,Pro,1,104007922,true,29.44999999999961,27.727777777776208,112.63333333332822,870.7640610461189,18,14,2,2,5,-8237780642806741103
summit,4,Kestrel,Champion,0,104000003,true,29.63333333333293,27.999999999998412,113.63333333332817,870.7640610461189,18,14,2,2,5,2346548672223292202
summit,4,Kestrel,Champion,1,104007922,true,29.36666666666628,27.766666666665092,112.66666666666156,870.7640610461189,18,14,2,2,5,-7989994494142315390
summit,4,Bulwark,Rookie,0,104000003,true,33.7333333333327,31.34999999999822,127.78333333332736,870.7640610461189,18,14,2,2,5,4018538241359201332
summit,4,Bulwark,Rookie,1,104007922,true,32.44999999999944,30.688888888887146,124.51666666666088,870.7640610461189,18,14,2,2,5,8519428734416770023
summit,4,Bulwark,Club,0,104000003,true,32.21666666666612,30.12777777777607,122.59999999999432,870.7640610461189,18,14,2,2,5,-842406040640452327
summit,4,Bulwark,Club,1,104007922,true,31.43333333333283,29.388888888887223,119.5999999999945,870.7640610461189,18,14,2,2,5,-8330290609127388951
summit,4,Bulwark,Pro,0,104000003,true,31.133333333332846,29.061111111109465,118.31666666666123,870.7640610461189,18,14,2,2,5,1412955088704474402
summit,4,Bulwark,Pro,1,104007922,true,30.26666666666623,28.366666666665058,115.3666666666614,870.7640610461189,18,14,2,2,5,-2995904859011623097
summit,4,Bulwark,Champion,0,104000003,true,30.96666666666619,28.955555555553914,117.83333333332793,870.7640610461189,18,14,2,2,5,-8684698760691540754
summit,4,Bulwark,Champion,1,104007922,true,30.21666666666623,28.294444444442842,115.09999999999475,870.7640610461189,18,14,2,2,5,2460121232197723101
