course,tier,car,skill,sample,seed,finished,launchLapSeconds,flyingLapSeconds,seconds,lengthM,nodes,turnChanges,surfaceChanges,features,obstacles,hash
foundry,0,Needle,Rookie,0,104000003,true,27.73333333333304,26.01111111110964,105.76666666666195,619.2446510062381,8,5,0,0,5,1162055439483649337
foundry,0,Needle,Rookie,1,104007922,true,27.166666666666405,25.1222222222208,102.5333333333288,619.2446510062381,8,5,0,0,5,524011947576839372
foundry,0,Needle,Club,0,104000003,true,26.91666666666642,25.1222222222208,102.28333333332881,619.2446510062381,8,5,0,0,5,-4584851498105731223
foundry,0,Needle,Club,1,104007922,true,26.383333333333116,24.56111111110972,100.06666666666227,619.2446510062381,8,5,0,0,5,3359466691994367121
foundry,0,Needle,Pro,0,104000003,true,26.33333333333312,24.672222222220825,100.34999999999559,619.2446510062381,8,5,0,0,5,3857891926076662103
foundry,0,Needle,Pro,1,104007922,true,25.93333333333314,24.26666666666529,98.73333333332901,619.2446510062381,8,5,0,0,5,5756649999186539357
foundry,0,Needle,Champion,0,104000003,true,26.316666666666453,24.683333333331934,100.36666666666225,619.2446510062381,8,5,0,0,5,-5850008429098276470
foundry,0,Needle,Champion,1,104007922,true,25.98333333333314,24.322222222220844,98.94999999999567,619.2446510062381,8,5,0,0,5,5074302069280222773
foundry,0,Line,Rookie,0,104000003,true,29.79999999999959,26.91666666666514,110.54999999999501,619.2446510062381,8,5,0,0,5,3878202052173896184
foundry,0,Line,Rookie,1,104007922,true,29.083333333332963,25.955555555554085,106.94999999999521,619.2446510062381,8,5,0,0,5,7225307717678906071
foundry,0,Line,Club,0,104000003,true,28.54999999999966,25.638888888887436,105.46666666666196,619.2446510062381,8,5,0,0,5,-4132417367707904267
foundry,0,Line,Club,1,104007922,true,27.983333333333025,24.9111111111097,102.71666666666212,619.2446510062381,8,5,0,0,5,-35408507195067893
foundry,0,Line,Pro,0,104000003,true,27.466666666666388,24.65555555555416,101.43333333332886,619.2446510062381,8,5,0,0,5,341235643395440865
foundry,0,Line,Pro,1,104007922,true,27.016666666666413,24.13888888888752,99.43333333332897,619.2446510062381,8,5,0,0,5,-1041005531829455565
foundry,0,Line,Champion,0,104000003,true,27.466666666666388,24.594444444443052,101.24999999999554,619.2446510062381,8,5,0,0,5,2361839957434900877
foundry,0,Line,Champion,1,104007922,true,27.016666666666413,24.17777777777641,99.54999999999563,619.2446510062381,8,5,0,0,5,9026353300136320669
foundry,1,Bastion,Rookie,0,104000003,true,30.549999999999546,27.01111111110958,111.58333333332828,619.2446510062381,8,5,0,0,5,-5059506591758501145
foundry,1,Bastion,Rookie,1,104007922,true,29.466666666666274,25.96111111110964,107.34999999999519,619.2446510062381,8,5,0,0,5,5218839716376779404
foundry,1,Bastion,Club,0,104000003,true,28.93333333333297,25.74999999999854,106.18333333332859,619.2446510062381,8,5,0,0,5,5086509478514560625
foundry,1,Bastion,Club,1,104007922,true,28.266666666666342,24.95555555555414,103.13333333332876,619.2446510062381,8,5,0,0,5,-7195748816537368954
foundry,1,Bastion,Pro,0,104000003,true,27.949999999999694,24.549999999998608,101.59999999999552,619.2446510062381,8,5,0,0,5,-2933606605899054352
foundry,1,Bastion,Pro,1,104007922,true,27.349999999999728,24.077777777776415,99.58333333332897,619.2446510062381,8,5,0,0,5,8737885875580615008
foundry,1,Bastion,Champion,0,104000003,true,27.8499999999997,24.633333333331937,101.74999999999551,619.2446510062381,8,5,0,0,5,5325920540551815910
foundry,1,Bastion,Champion,1,104007922,true,27.249999999999734,24.03333333333197,99.34999999999565,619.2446510062381,8,5,0,0,5,365545058375857357
foundry,2,Comet,Rookie,0,104000003,true,26.283333333333122,23.972222222220864,98.19999999999571,619.2446510062381,8,5,0,0,5,-1423728385082837239
foundry,2,Comet,Rookie,1,104007922,true,25.616666666666493,23.072222222220915,94.83333333332924,619.2446510062381,8,5,0,0,5,8831936223668808725
foundry,2,Comet,Club,0,104000003,true,25.28333333333318,22.888888888887593,93.94999999999595,619.2446510062381,8,5,0,0,5,-3513143524807382352
foundry,2,Comet,Club,1,104007922,true,24.783333333333207,22.34444444444318,91.81666666666274,619.2446510062381,8,5,0,0,5,1845492312318600705
foundry,2,Comet,Pro,0,104000003,true,24.46666666666656,22.177777777776523,90.99999999999612,619.2446510062381,8,5,0,0,5,-2814035742436958547
foundry,2,Comet,Pro,1,104007922,true,24.133333333333244,21.87777777777654,89.76666666666286,619.2446510062381,8,5,0,0,5,520389253479990363
foundry,2,Comet,Champion,0,104000003,true,24.433333333333227,22.205555555554298,91.04999999999612,619.2446510062381,8,5,0,0,5,-1983583270236996961
foundry,2,Comet,Champion,1,104007922,true,24.03333333333325,21.88888888888765,89.6999999999962,619.2446510062381,8,5,0,0,5,1434289863964221627
foundry,1,Trail,Rookie,0,104000003,true,25.249999999999847,23.133333333332022,94.64999999999591,619.2446510062381,8,5,0,0,5,4985946806746645402
foundry,1,Trail,Rookie,1,104007922,true,24.633333333333216,22.3166666666654,91.58333333332942,619.2446510062381,8,5,0,0,5,-6980250683899559662
foundry,1,Trail,Club,0,104000003,true,24.73333333333321,22.805555555554264,93.149999999996,619.2446510062381,8,5,0,0,5,-5389363698058277039
foundry,1,Trail,Club,1,104007922,true,24.199999999999907,22.105555555554304,90.51666666666281,619.2446510062381,8,5,0,0,5,2789267945512840888
foundry,1,Trail,Pro,0,104000003,true,24.549999999999887,22.66111111110983,92.53333333332937,619.2446510062381,8,5,0,0,5,-2878687348653287163
foundry,1,Trail,Pro,1,104007922,true,24.099999999999913,22.14444444444319,90.53333333332948,619.2446510062381,8,5,0,0,5,-6577471123836911992
foundry,1,Trail,Champion,0,104000003,true,24.49999999999989,22.655555555554272,92.4666666666627,619.2446510062381,8,5,0,0,5,8645975212398402003
foundry,1,Trail,Champion,1,104007922,true,24.11666666666658,22.222222222220964,90.78333333332947,619.2446510062381,8,5,0,0,5,-8194115446674520180
foundry,2,Flint,Rookie,0,104000003,true,24.81666666666654,23.02222222222092,93.88333333332929,619.2446510062381,8,5,0,0,5,5301294282230070856
foundry,2,Flint,Rookie,1,104007922,true,24.083333333333247,22.23888888888763,90.79999999999613,619.2446510062381,8,5,0,0,5,8703870341411581713
foundry,2,Flint,Club,0,104000003,true,24.06666666666658,22.37777777777651,91.19999999999611,619.2446510062381,8,5,0,0,5,-8463680867120197085
foundry,2,Flint,Club,1,104007922,true,23.44999999999995,21.744444444443214,88.68333333332959,619.2446510062381,8,5,0,0,5,7768827821613392350
foundry,2,Flint,Pro,0,104000003,true,23.44999999999995,21.855555555554318,89.0166666666629,619.2446510062381,8,5,0,0,5,-4949313772045861380
foundry,2,Flint,Pro,1,104007922,true,23.09999999999997,21.46666666666545,87.49999999999632,619.2446510062381,8,5,0,0,5,6024397283924648210
foundry,2,Flint,Champion,0,104000003,true,23.533333333333278,21.944444444443203,89.36666666666288,619.2446510062381,8,5,0,0,5,7691921861467369417
foundry,2,Flint,Champion,1,104007922,true,23.083333333333304,21.49999999999878,87.58333333332965,619.2446510062381,8,5,0,0,5,-3498202219795834214
foundry,3,Quill,Rookie,0,104000003,true,24.099999999999913,22.127777777776526,90.48333333332948,619.2446510062381,8,5,0,0,5,1532958535076309549
foundry,3,Quill,Rookie,1,104007922,true,23.299999999999958,21.54999999999878,87.9499999999963,619.2446510062381,8,5,0,0,5,-340929506922283533
foundry,3,Quill,Club,0,104000003,true,23.233333333333295,21.49444444444323,87.71666666666297,619.2446510062381,8,5,0,0,5,-659956385752988229
foundry,3,Quill,Club,1,104007922,true,22.78333333333332,20.9888888888877,85.74999999999642,619.2446510062381,8,5,0,0,5,414112206083173834
foundry,3,Quill,Pro,0,104000003,true,22.63333333333333,20.97777777777659,85.5666666666631,619.2446510062381,8,5,0,0,5,199907879335280172
foundry,3,Quill,Pro,1,104007922,true,22.333333333333346,20.62777777777661,84.21666666666317,619.2446510062381,8,5,0,0,5,7832453653047066624
foundry,3,Quill,Champion,0,104000003,true,22.66666666666666,21.066666666665473,85.86666666666308,619.2446510062381,8,5,0,0,5,2241938639071858278
foundry,3,Quill,Champion,1,104007922,true,22.350000000000012,20.699999999998827,84.44999999999649,619.2446510062381,8,5,0,0,5,-7829785332931502343
foundry,3,Vandal,Rookie,0,104000003,true,25.54999999999983,22.994444444443143,94.53333333332925,619.2446510062381,8,5,0,0,5,2747470977243902151
foundry,3,Vandal,Rookie,1,104007922,true,24.58333333333322,22.011111111109866,90.61666666666281,619.2446510062381,8,5,0,0,5,1993754629367751307
foundry,3,Vandal,Club,0,104000003,true,24.249999999999904,21.77222222222099,89.56666666666287,619.2446510062381,8,5,0,0,5,7283705876388708444
foundry,3,Vandal,Club,1,104007922,true,23.88333333333326,21.277777777776574,87.71666666666297,619.2446510062381,8,5,0,0,5,-2597593963970703320
foundry,3,Vandal,Pro,0,104000003,true,23.666666666666604,21.066666666665473,86.86666666666302,619.2446510062381,8,5,0,0,5,-7539658197873677475
foundry,3,Vandal,Pro,1,104007922,true,23.233333333333295,20.672222222221052,85.24999999999645,619.2446510062381,8,5,0,0,5,-621403834097119357
foundry,3,Vandal,Champion,0,104000003,true,23.466666666666615,21.099999999998804,86.76666666666303,619.2446510062381,8,5,0,0,5,6317780635239030200
foundry,3,Vandal,Champion,1,104007922,true,23.166666666666632,20.71111111110994,85.29999999999644,619.2446510062381,8,5,0,0,5,7688801117826799383
foundry,4,Kestrel,Rookie,0,104000003,true,22.78333333333332,20.949999999998813,85.63333333332976,619.2446510062381,8,5,0,0,5,-486483472416232495
foundry,4,Kestrel,Rookie,1,104007922,true,22.266666666666683,20.188888888887746,82.83333333332992,619.2446510062381,8,5,0,0,5,218794816884122561
foundry,4,Kestrel,Club,0,104000003,true,22.033333333333363,20.366666666665513,83.1333333333299,619.2446510062381,8,5,0,0,5,5060862185907303050
foundry,4,Kestrel,Club,1,104007922,true,21.666666666666718,19.966666666665535,81.56666666666332,619.2446510062381,8,5,0,0,5,-2655653957542256146
foundry,4,Kestrel,Pro,0,104000003,true,21.550000000000058,19.93888888888776,81.36666666666333,619.2446510062381,8,5,0,0,5,-6674117964052344561
foundry,4,Kestrel,Pro,1,104007922,true,21.26666666666674,19.605555555554446,80.08333333333007,619.2446510062381,8,5,0,0,5,4452322435172753388
foundry,4,Kestrel,Champion,0,104000003,true,21.516666666666726,19.966666666665535,81.41666666666333,619.2446510062381,8,5,0,0,5,-5293501128284660963
foundry,4,Kestrel,Champion,1,104007922,true,21.250000000000075,19.655555555554443,80.2166666666634,619.2446510062381,8,5,0,0,5,-4577943823203497970
foundry,4,Bulwark,Rookie,0,104000003,true,24.58333333333322,22.422222222220952,91.84999999999607,619.2446510062381,8,5,0,0,5,2144329891752132866
foundry,4,Bulwark,Rookie,1,104007922,true,23.633333333333272,21.599999999998776,88.4333333333296,619.2446510062381,8,5,0,0,5,7434748709059286941
foundry,4,Bulwark,Club,0,104000003,true,23.416666666666618,21.42222222222101,87.68333333332964,619.2446510062381,8,5,0,0,5,4672841397316187501
foundry,4,Bulwark,Club,1,104007922,true,22.916666666666647,20.87222222222104,85.53333333332976,619.2446510062381,8,5,0,0,5,-1375214393484498331
foundry,4,Bulwark,Pro,0,104000003,true,22.699999999999992,20.844444444443265,85.23333333332978,619.2446510062381,8,5,0,0,5,-6659030055300096699
foundry,4,Bulwark,Pro,1,104007922,true,22.350000000000012,20.41666666666551,83.59999999999654,619.2446510062381,8,5,0,0,5,7640770957178290283
foundry,4,Bulwark,Champion,0,104000003,true,22.74999999999999,20.899999999998816,85.44999999999644,619.2446510062381,8,5,0,0,5,-8623526097703881097
foundry,4,Bulwark,Champion,1,104007922,true,22.300000000000015,20.399999999998844,83.49999999999655,619.2446510062381,8,5,0,0,5,3282257655230019181
switchback,0,Needle,Rookie,0,104000003,true,45.949999999998674,43.77777777778929,177.28333333336656,1094.2346199498718,10,5,0,0,5,4811438432984291308
switchback,0,Needle,Rookie,1,104007922,true,44.783333333332074,42.988888888899446,173.7500000000304,1094.2346199498718,10,5,0,0,5,-2434340045908143401
switchback,0,Needle,Club,0,104000003,true,44.83333333333207,42.93333333334386,173.63333333336365,1094.2346199498718,10,5,0,0,5,1962873422333998141
switchback,0,Needle,Club,1,104007922,true,44.3333333333321,42.3944444444544,171.5166666666953,1094.2346199498718,10,5,0,0,5,-4994628315172655986
switchback,0,Needle,Pro,0,104000003,true,44.51666666666542,42.62222222223241,172.38333333336266,1094.2346199498718,10,5,0,0,5,-8856557408031137914
switchback,0,Needle,Pro,1,104007922,true,44.06666666666545,42.22777777778753,170.75000000002802,1094.2346199498718,10,5,0,0,5,-5297006878770096139
switchback,0,Needle,Champion,0,104000003,true,44.49999999999876,42.68888888889913,172.56666666669614,1094.2346199498718,10,5,0,0,5,2402648912515077354
switchback,0,Needle,Champion,1,104007922,true,44.149999999998776,42.300000000009824,171.05000000002826,1094.2346199498718,10,5,0,0,5,-3998026518820058507
switchback,0,Line,Rookie,0,104000003,true,47.36666666666526,44.43333333334578,180.66666666670258,1094.2346199498718,10,5,0,0,5,3871669193720408880
switchback,0,Line,Rookie,1,104007922,true,46.46666666666531,43.38333333334469,176.61666666669936,1094.2346199498718,10,5,0,0,5,8195457683929664887
switchback,0,Line,Club,0,104000003,true,45.73333333333202,42.55555555556604,173.40000000003013,1094.2346199498718,10,5,0,0,5,309253409108893195
switchback,0,Line,Club,1,104007922,true,45.11666666666539,42.01666666667654,171.16666666669502,1094.2346199498718,10,5,0,0,5,-7931580607077338698
switchback,0,Line,Pro,0,104000003,true,44.63333333333208,41.53888888889825,169.25000000002683,1094.2346199498718,10,5,0,0,5,4491895559733893434
switchback,0,Line,Pro,1,104007922,true,44.16666666666544,41.12777777778668,167.55000000002548,1094.2346199498718,10,5,0,0,5,1594993831818065631
switchback,0,Line,Champion,0,104000003,true,44.53333333333209,41.51666666667598,169.08333333336003,1094.2346199498718,10,5,0,0,5,-4263062463329883444
switchback,0,Line,Champion,1,104007922,true,44.199999999998774,41.12777777778669,167.58333333335884,1094.2346199498718,10,5,0,0,5,-7957015433578691784
switchback,1,Bastion,Rookie,0,104000003,true,48.76666666666518,44.933333333346575,183.5666666667049,1094.2346199498718,10,5,0,0,5,4535551626317472284
switchback,1,Bastion,Rookie,1,104007922,true,46.23333333333199,42.67222222223294,174.2500000000308,1094.2346199498718,10,5,0,0,5,1793258380261213649
switchback,1,Bastion,Club,0,104000003,true,45.483333333332034,42.01666666667665,171.53333333336198,1094.2346199498718,10,5,0,0,5,5128351725580774727
switchback,1,Bastion,Club,1,104007922,true,44.63333333333208,40.99444444445337,167.6166666666922,1094.2346199498718,10,5,0,0,5,5396190671481530101
switchback,1,Bastion,Pro,0,104000003,true,43.799999999998796,40.28333333334146,164.65000000002317,1094.2346199498718,10,5,0,0,5,9109651121672380464
switchback,1,Bastion,Pro,1,104007922,true,43.449999999998816,39.655555555563076,162.41666666668806,1094.2346199498718,10,5,0,0,5,-3512645325107742377
switchback,1,Bastion,Champion,0,104000003,true,43.98333333333212,40.28333333334151,164.83333333335665,1094.2346199498718,10,5,0,0,5,-5257468771746047110
switchback,1,Bastion,Champion,1,104007922,true,43.38333333333215,39.64444444445194,162.31666666668798,1094.2346199498718,10,5,0,0,5,1965755845497780183
switchback,2,Comet,Rookie,0,104000003,true,41.666666666665584,39.04444444445098,158.8000000000185,1094.2346199498718,10,5,0,0,5,-7727194890988613912
switchback,2,Comet,Rookie,1,104007922,true,40.7833333333323,38.06111111111661,154.96666666668213,1094.2346199498718,10,5,0,0,5,2817516225592340227
switchback,2,Comet,Club,0,104000003,true,39.84999999999902,37.28333333333794,151.70000000001286,1094.2346199498718,10,5,0,0,5,-8720170040663190590
switchback,2,Comet,Club,1,104007922,true,39.39999999999905,36.861111111115264,149.98333333334483,1094.2346199498718,10,5,0,0,5,-7828752458974847693
switchback,2,Comet,Pro,0,104000003,true,38.699999999999086,36.38888888889247,147.86666666667648,1094.2346199498718,10,5,0,0,5,2470199611448646742
switchback,2,Comet,Pro,1,104007922,true,38.433333333332435,36.08888888889215,146.70000000000888,1094.2346199498718,10,5,0,0,5,7910307942065689681
switchback,2,Comet,Champion,0,104000003,true,38.74999999999908,36.383333333336914,147.90000000000984,1094.2346199498718,10,5,0,0,5,-3857256625897450841
switchback,2,Comet,Champion,1,104007922,true,38.466666666665766,36.050000000003244,146.61666666667548,1094.2346199498718,10,5,0,0,5,-7358351333470826128
switchback,1,Trail,Rookie,0,104000003,true,42.41666666666554,40.25555555556326,163.18333333335534,1094.2346199498718,10,5,0,0,5,-4292655131343013028
switchback,1,Trail,Rookie,1,104007922,true,41.49999999999893,39.00555555556201,158.51666666668496,1094.2346199498718,10,5,0,0,5,5715235864320369611
switchback,1,Trail,Club,0,104000003,true,41.63333333333225,39.527777777784685,160.2166666666863,1094.2346199498718,10,5,0,0,5,-1007195590979528530
switchback,1,Trail,Club,1,104007922,true,41.083333333332284,38.88333333333957,157.733333333351,1094.2346199498718,10,5,0,0,5,4641695323694649338
switchback,1,Trail,Pro,0,104000003,true,41.349999999998936,39.33888888889556,159.36666666668563,1094.2346199498718,10,5,0,0,5,7436906470284337792
switchback,1,Trail,Pro,1,104007922,true,40.966666666665624,38.87777777778398,157.60000000001756,1094.2346199498718,10,5,0,0,5,-1076458668982404393
switchback,1,Trail,Champion,0,104000003,true,41.433333333332264,39.40555555556231,159.6500000000192,1094.2346199498718,10,5,0,0,5,1540161477902544264
switchback,1,Trail,Champion,1,104007922,true,40.999999999998956,38.94444444445071,157.83333333335108,1094.2346199498718,10,5,0,0,5,-5093353762124673954
switchback,2,Flint,Rookie,0,104000003,true,40.79999999999897,39.37222222222877,158.91666666668527,1094.2346199498718,10,5,0,0,5,2652986750902410392
switchback,2,Flint,Rookie,1,104007922,true,39.54999999999904,37.727777777782656,152.73333333334702,1094.2346199498718,10,5,0,0,5,8081916570530350269
switchback,2,Flint,Club,0,104000003,true,39.73333333333236,37.97777777778291,153.6666666666811,1094.2346199498718,10,5,0,0,5,-2139925207575214236
switchback,2,Flint,Club,1,104007922,true,39.016666666665735,37.22777777778211,150.70000000001207,1094.2346199498718,10,5,0,0,5,-1386329663698838391
switchback,2,Flint,Pro,0,104000003,true,39.366666666665715,37.538888888893574,151.98333333334642,1094.2346199498718,10,5,0,0,5,-369785650326950832
switchback,2,Flint,Pro,1,104007922,true,38.88333333333241,37.077777777781954,150.11666666667827,1094.2346199498718,10,5,0,0,5,4921080649869511047
switchback,2,Flint,Champion,0,104000003,true,39.31666666666572,37.61666666667139,152.1666666666799,1094.2346199498718,10,5,0,0,5,-1834136316471190516
switchback,2,Flint,Champion,1,104007922,true,38.933333333332406,37.20000000000429,150.53333333334527,1094.2346199498718,10,5,0,0,5,-7011558932776580457
switchback,3,Quill,Rookie,0,104000003,true,39.29999999999905,37.138888888893234,150.71666666667875,1094.2346199498718,10,5,0,0,5,1743912624991791006
switchback,3,Quill,Rookie,1,104007922,true,38.06666666666579,36.26111111111441,146.850000000009,1094.2346199498718,10,5,0,0,5,1332210921488215903
switchback,3,Quill,Club,0,104000003,true,38.116666666665786,36.21111111111438,146.75000000000892,1094.2346199498718,10,5,0,0,5,6024772958388180408
switchback,3,Quill,Club,1,104007922,true,37.59999999999915,35.69444444444716,144.6833333333406,1094.2346199498718,10,5,0,0,5,4891074221377279891
switchback,3,Quill,Pro,0,104000003,true,37.56666666666582,35.78333333333611,144.91666666667413,1094.2346199498718,10,5,0,0,5,4502896429690331471
switchback,3,Quill,Pro,1,104007922,true,37.21666666666584,35.422222222224605,143.48333333333966,1094.2346199498718,10,5,0,0,5,1605450022576360671
switchback,3,Quill,Champion,0,104000003,true,37.63333333333248,35.827777777780604,145.1166666666743,1094.2346199498718,10,5,0,0,5,-3101700971118764050
switchback,3,Quill,Champion,1,104007922,true,37.3333333333325,35.50555555555804,143.85000000000662,1094.2346199498718,10,5,0,0,5,8590433778491326312
switchback,3,Vandal,Rookie,0,104000003,true,40.033333333332344,37.7833333333384,153.38333333334754,1094.2346199498718,10,5,0,0,5,-784003967235925744
switchback,3,Vandal,Rookie,1,104007922,true,38.899999999999075,36.111111111114525,147.23333333334264,1094.2346199498718,10,5,0,0,5,8334917504887326336
switchback,3,Vandal,Club,0,104000003,true,38.56666666666576,35.738888888891914,145.7833333333415,1094.2346199498718,10,5,0,0,5,8618185714647331842
switchback,3,Vandal,Club,1,104007922,true,37.849999999999135,35.20555555555794,143.46666666667298,1094.2346199498718,10,5,0,0,5,-852351436258191820
switchback,3,Vandal,Pro,0,104000003,true,37.383333333332494,34.66111111111294,141.3666666666713,1094.2346199498718,10,5,0,0,5,7904171978030621868
switchback,3,Vandal,Pro,1,104007922,true,37.01666666666585,34.36111111111259,140.10000000000363,1094.2346199498718,10,5,0,0,5,6610672497497951341
switchback,3,Vandal,Champion,0,104000003,true,37.31666666666583,34.688888888890716,141.383333333338,1094.2346199498718,10,5,0,0,5,2478807992228110864
switchback,3,Vandal,Champion,1,104007922,true,37.033333333332514,34.34444444444592,140.06666666667027,1094.2346199498718,10,5,0,0,5,482478889277126131
switchback,4,Kestrel,Rookie,0,104000003,true,37.08333333333251,35.37777777778009,143.21666666667278,1094.2346199498718,10,5,0,0,5,-2248623495249962879
switchback,4,Kestrel,Rookie,1,104007922,true,36.566666666665874,34.25555555555683,139.33333333333636,1094.2346199498718,10,5,0,0,5,-7242179785928477838
switchback,4,Kestrel,Club,0,104000003,true,36.18333333333256,34.22777777777892,138.86666666666932,1094.2346199498718,10,5,0,0,5,-5378187650270502989
switchback,4,Kestrel,Club,1,104007922,true,35.71666666666592,33.844444444445145,137.25000000000136,1094.2346199498718,10,5,0,0,5,8189217831651562827
switchback,4,Kestrel,Pro,0,104000003,true,35.68333333333259,33.8777777777785,137.31666666666808,1094.2346199498718,10,5,0,0,5,-3561430248691876209
switchback,4,Kestrel,Pro,1,104007922,true,35.36666666666594,33.527777777778134,135.95000000000033,1094.2346199498718,10,5,0,0,5,-8887115755393456107
switchback,4,Kestrel,Champion,0,104000003,true,35.68333333333259,33.97222222222302,137.60000000000164,1094.2346199498718,10,5,0,0,5,-1784797413396612191
switchback,4,Kestrel,Champion,1,104007922,true,35.38333333333261,33.65000000000045,136.33333333333397,1094.2346199498718,10,5,0,0,5,1825094614389515835
switchback,4,Bulwark,Rookie,0,104000003,true,39.09999999999906,37.877777777782654,152.73333333334702,1094.2346199498718,10,5,0,0,5,-8974802387093063498
switchback,4,Bulwark,Rookie,1,104007922,true,37.766666666665806,35.62222222222493,144.63333333334057,1094.2346199498718,10,5,0,0,5,1838592259412582434
switchback,4,Bulwark,Club,0,104000003,true,37.44999999999916,35.67222222222487,144.46666666667377,1094.2346199498718,10,5,0,0,5,-6981697197681484956
switchback,4,Bulwark,Club,1,104007922,true,36.78333333333253,34.65555555555721,140.75000000000415,1094.2346199498718,10,5,0,0,5,-5024410014481179471
switchback,4,Bulwark,Pro,0,104000003,true,36.43333333333255,34.36666666666799,139.53333333333651,1094.2346199498718,10,5,0,0,5,-8522750525586856289
switchback,4,Bulwark,Pro,1,104007922,true,35.83333333333258,33.90000000000078,137.53333333333492,1094.2346199498718,10,5,0,0,5,-2912136502657547384
switchback,4,Bulwark,Champion,0,104000003,true,36.38333333333255,34.344444444445735,139.41666666666976,1094.2346199498718,10,5,0,0,5,-4689753772612019259
switchback,4,Bulwark,Champion,1,104007922,true,35.91666666666591,33.96666666666752,137.81666666666848,1094.2346199498718,10,5,0,0,5,8892365737562005813
redline,0,Needle,Rookie,0,104000003,true,59.5499999999979,57.32222222224838,231.51666666674305,1468.4668534825294,12,5,0,0,5,-4464465026278264694
redline,0,Needle,Rookie,1,104007922,true,58.69999999999795,56.47777777780303,228.13333333340702,1468.4668534825294,12,5,0,0,5,6706930362395241747
redline,0,Needle,Club,0,104000003,true,58.51666666666463,56.61111111113641,228.35000000007386,1468.4668534825294,12,5,0,0,5,7399661364479788718
redline,0,Needle,Club,1,104007922,true,58.09999999999798,56.05000000002474,226.2500000000722,1468.4668534825294,12,5,0,0,5,6866102966860227415
redline,0,Needle,Pro,0,104000003,true,57.96666666666466,56.15000000002478,226.416666666739,1468.4668534825294,12,5,0,0,5,1979041490392992454
redline,0,Needle,Pro,1,104007922,true,57.699999999998006,55.727777777802146,224.88333333340444,1468.4668534825294,12,5,0,0,5,3125573225175363098
redline,0,Needle,Champion,0,104000003,true,58.049999999997986,56.283333333358236,226.9000000000727,1468.4668534825294,12,5,0,0,5,8322320571667730712
redline,0,Needle,Champion,1,104007922,true,57.64999999999801,55.866666666691124,225.2500000000714,1468.4668534825294,12,5,0,0,5,2435798969978110400
redline,0,Line,Rookie,0,104000003,true,60.16666666666453,57.32222222224856,232.1333333334102,1468.4668534825294,12,5,0,0,5,5058503310729930173
redline,0,Line,Rookie,1,104007922,true,59.66666666666456,56.438888888914384,228.9833333334077,1468.4668534825294,12,5,0,0,5,6745950432211057077
redline,0,Line,Club,0,104000003,true,58.69999999999795,55.88888888891367,226.36666666673895,1468.4668534825294,12,5,0,0,5,-648264354748484220
redline,0,Line,Club,1,104007922,true,58.14999999999798,55.19444444446851,223.73333333340352,1468.4668534825294,12,5,0,0,5,-7109920109309486402
redline,0,Line,Pro,0,104000003,true,57.29999999999803,54.55000000002332,220.95000000006797,1468.4668534825294,12,5,0,0,5,-1572700603757838093
redline,0,Line,Pro,1,104007922,true,56.766666666664726,54.05000000002277,218.91666666673302,1468.4668534825294,12,5,0,0,5,6539554826935085979
redline,0,Line,Champion,0,104000003,true,57.2666666666647,54.42777777780099,220.55000000006766,1468.4668534825294,12,5,0,0,5,7512269560925748833
redline,0,Line,Champion,1,104007922,true,56.74999999999806,53.933333333355996,218.55000000006606,1468.4668534825294,12,5,0,0,5,67686911060935531
redline,1,Bastion,Rookie,0,104000003,true,57.39999999999802,54.494444444467746,220.88333333340125,1468.4668534825294,12,5,0,0,5,7978311805156661762
redline,1,Bastion,Rookie,1,104007922,true,56.24999999999809,53.516666666688856,216.80000000006467,1468.4668534825294,12,5,0,0,5,-5293074245302714881
redline,1,Bastion,Club,0,104000003,true,54.96666666666483,52.311111111131986,211.90000000006077,1468.4668534825294,12,5,0,0,5,3418640253650467087
redline,1,Bastion,Club,1,104007922,true,54.433333333331525,51.56666666668679,209.1333333333919,1468.4668534825294,12,5,0,0,5,3626416107726886297
redline,1,Bastion,Pro,0,104000003,true,53.56666666666491,50.527777777796835,205.1500000000554,1468.4668534825294,12,5,0,0,5,-1378151745640752042
redline,1,Bastion,Pro,1,104007922,true,53.01666666666494,50.14444444446303,203.45000000005405,1468.4668534825294,12,5,0,0,5,6440546461183394473
redline,1,Bastion,Champion,0,104000003,true,53.33333333333159,50.561111111130124,205.01666666672196,1468.4668534825294,12,5,0,0,5,-8050672651951254072
redline,1,Bastion,Champion,1,104007922,true,52.683333333331625,49.97777777779614,202.61666666672005,1468.4668534825294,12,5,0,0,5,-7612267790722965151
redline,2,Comet,Rookie,0,104000003,true,50.88333333333173,48.38333333334992,196.03333333338148,1468.4668534825294,12,5,0,0,5,6012502848653182415
redline,2,Comet,Rookie,1,104007922,true,49.83333333333179,47.72777777779354,193.0166666667124,1468.4668534825294,12,5,0,0,5,4589344007932218034
redline,2,Comet,Club,0,104000003,true,49.0499999999985,46.86666666668152,189.65000000004306,1468.4668534825294,12,5,0,0,5,3011454085898766537
redline,2,Comet,Club,1,104007922,true,48.516666666665195,46.33333333334761,187.51666666670803,1468.4668534825294,12,5,0,0,5,-7897487568521788841
redline,2,Comet,Pro,0,104000003,true,48.01666666666522,45.92222222223603,185.78333333337332,1468.4668534825294,12,5,0,0,5,-6817532151507423925
redline,2,Comet,Pro,1,104007922,true,47.63333333333191,45.588888888902325,184.4000000000389,1468.4668534825294,12,5,0,0,5,-6771247954410597124
redline,2,Comet,Champion,0,104000003,true,47.89999999999856,45.88333333334708,185.5500000000398,1468.4668534825294,12,5,0,0,5,-1328764411989415025
redline,2,Comet,Champion,1,104007922,true,47.699999999998575,45.583333333346786,184.45000000003893,1468.4668534825294,12,5,0,0,5,-2343525081454737499
redline,1,Trail,Rookie,0,104000003,true,55.099999999998154,52.6055555555767,212.91666666672825,1468.4668534825294,12,5,0,0,5,-4978327929648364921
redline,1,Trail,Rookie,1,104007922,true,54.21666666666487,51.76111111113133,209.50000000005886,1468.4668534825294,12,5,0,0,5,3717446627768001837
redline,1,Trail,Club,0,104000003,true,54.38333333333153,52.294444444465135,211.26666666672693,1468.4668534825294,12,5,0,0,5,-9112217517192805687
redline,1,Trail,Club,1,104007922,true,53.83333333333156,51.61666666668666,208.68333333339154,1468.4668534825294,12,5,0,0,5,-6260075885308165970
redline,1,Trail,Pro,0,104000003,true,54.23333333333154,52.14444444446497,210.66666666672646,1468.4668534825294,12,5,0,0,5,-4356830015955046448
redline,1,Trail,Pro,1,104007922,true,53.68333333333157,51.65000000001998,208.6333333333915,1468.4668534825294,12,5,0,0,5,-563893422566555962
redline,1,Trail,Champion,0,104000003,true,54.23333333333154,52.23888888890949,210.95000000006002,1468.4668534825294,12,5,0,0,5,3024631885694890199
redline,1,Trail,Champion,1,104007922,true,53.74999999999823,51.75000000002007,209.00000000005846,1468.4668534825294,12,5,0,0,5,1076259329796903861
redline,2,Flint,Rookie,0,104000003,true,52.716666666664956,50.638888888907786,204.63333333338832,1468.4668534825294,12,5,0,0,5,2168143423639131303
redline,2,Flint,Rookie,1,104007922,true,51.99999999999833,49.98333333335151,201.95000000005285,1468.4668534825294,12,5,0,0,5,-888695997565309486
redline,2,Flint,Club,0,104000003,true,51.83333333333167,49.98333333335146,201.78333333338605,1468.4668534825294,12,5,0,0,5,-1300380442395605260
redline,2,Flint,Club,1,104007922,true,50.89999999999839,49.16666666668388,198.40000000005003,1468.4668534825294,12,5,0,0,5,3924694229895737560
redline,2,Flint,Pro,0,104000003,true,51.21666666666504,49.472222222239765,199.63333333338434,1468.4668534825294,12,5,0,0,5,-6078089177004188848
redline,2,Flint,Pro,1,104007922,true,50.66666666666507,48.94444444446142,197.5000000000493,1468.4668534825294,12,5,0,0,5,60042777776065775
redline,2,Flint,Champion,0,104000003,true,51.26666666666504,49.538888888906506,199.88333333338454,1468.4668534825294,12,5,0,0,5,6426152553809907743
redline,2,Flint,Champion,1,104007922,true,50.86666666666506,49.088888888906034,198.13333333338315,1468.4668534825294,12,5,0,0,5,-6815226160780464635
redline,3,Quill,Rookie,0,104000003,true,50.2166666666651,48.072222222238366,194.4333333333802,1468.4668534825294,12,5,0,0,5,-3891086845959113904
redline,3,Quill,Rookie,1,104007922,true,49.96666666666511,47.500000000015625,192.46666666671197,1468.4668534825294,12,5,0,0,5,8416567218598958602
redline,3,Quill,Club,0,104000003,true,49.333333333331815,47.48888888890432,191.80000000004478,1468.4668534825294,12,5,0,0,5,8586305282297481369
redline,3,Quill,Club,1,104007922,true,48.88333333333184,47.011111111126034,189.91666666670994,1468.4668534825294,12,5,0,0,5,-8688864992859673280
redline,3,Quill,Pro,0,104000003,true,48.93333333333184,47.05555555557053,190.10000000004342,1468.4668534825294,12,5,0,0,5,741482294897515888
redline,3,Quill,Pro,1,104007922,true,48.516666666665195,46.71111111112569,188.65000000004227,1468.4668534825294,12,5,0,0,5,-885193946377524966
redline,3,Quill,Champion,0,104000003,true,48.96666666666517,47.1444444444595,190.40000000004366,1468.4668534825294,12,5,0,0,5,1207543495233722888
redline,3,Quill,Champion,1,104007922,true,48.59999999999852,46.78888888890356,188.9666666667092,1468.4668534825294,12,5,0,0,5,2160481562638499213
redline,3,Vandal,Rookie,0,104000003,true,49.533333333331804,46.92222222223726,190.30000000004358,1468.4668534825294,12,5,0,0,5,-8907289762099566829
redline,3,Vandal,Rookie,1,104007922,true,48.59999999999852,46.10555555556968,186.91666666670756,1468.4668534825294,12,5,0,0,5,-8564209835856127082
redline,3,Vandal,Club,0,104000003,true,47.91666666666523,45.644444444458,184.85000000003924,1468.4668534825294,12,5,0,0,5,-3799280755677356660
redline,3,Vandal,Club,1,104007922,true,47.383333333331926,45.027777777790696,182.46666666670401,1468.4668534825294,12,5,0,0,5,2367794414191665412
redline,3,Vandal,Pro,0,104000003,true,46.89999999999862,44.53333333334572,180.50000000003578,1468.4668534825294,12,5,0,0,5,-7881576403540480716
redline,3,Vandal,Pro,1,104007922,true,46.54999999999864,44.21111111112314,179.18333333336807,1468.4668534825294,12,5,0,0,5,799029534426711953
redline,3,Vandal,Champion,0,104000003,true,46.766666666665294,44.57222222223461,180.4833333333691,1468.4668534825294,12,5,0,0,5,1109847152402473537
redline,3,Vandal,Champion,1,104007922,true,46.43333333333198,44.16111111112307,178.9166666667012,1468.4668534825294,12,5,0,0,5,-3873777079594527269
redline,4,Kestrel,Rookie,0,104000003,true,47.499999999998586,45.49444444445777,183.9833333333719,1468.4668534825294,12,5,0,0,5,2248503451854507586
redline,4,Kestrel,Rookie,1,104007922,true,46.449999999998646,44.70555555556795,180.5666666667025,1468.4668534825294,12,5,0,0,5,-4709101039840675397
redline,4,Kestrel,Club,0,104000003,true,46.766666666665294,45.000000000012726,181.76666666670346,1468.4668534825294,12,5,0,0,5,4692654177935269815
redline,4,Kestrel,Club,1,104007922,true,46.19999999999866,44.461111111123245,179.5833333333684,1468.4668534825294,12,5,0,0,5,-8781520549252282749
redline,4,Kestrel,Pro,0,104000003,true,46.216666666665326,44.500000000012164,179.71666666670183,1468.4668534825294,12,5,0,0,5,4869860232530520419
redline,4,Kestrel,Pro,1,104007922,true,45.949999999998674,44.16111111112293,178.43333333336747,1468.4668534825294,12,5,0,0,5,-613171825907357542
redline,4,Kestrel,Champion,0,104000003,true,46.38333333333198,44.611111111123414,180.21666666670222,1468.4668534825294,12,5,0,0,5,6585465757868246611
redline,4,Kestrel,Champion,1,104007922,true,46.083333333332,44.34444444445645,179.11666666670135,1468.4668534825294,12,5,0,0,5,-2994858701550356465
redline,4,Bulwark,Rookie,0,104000003,true,47.71666666666524,45.783333333346945,185.06666666670608,1468.4668534825294,12,5,0,0,5,-1746897579615090212
redline,4,Bulwark,Rookie,1,104007922,true,47.21666666666527,45.288888888901965,183.08333333337117,1468.4668534825294,12,5,0,0,5,-8177287663235906154
redline,4,Bulwark,Club,0,104000003,true,46.39999999999865,44.41666666667882,179.6500000000351,1468.4668534825294,12,5,0,0,5,-2938628417460154167
redline,4,Bulwark,Club,1,104007922,true,46.083333333332,44.01666666667841,178.13333333336723,1468.4668534825294,12,5,0,0,5,280363158490286097
redline,4,Bulwark,Pro,0,104000003,true,45.76666666666535,43.900000000011566,177.46666666670004,1468.4668534825294,12,5,0,0,5,-3269613699616281571
redline,4,Bulwark,Pro,1,104007922,true,45.38333333333204,43.455555555566654,175.750000000032,1468.4668534825294,12,5,0,0,5,5101106095536323475
redline,4,Bulwark,Champion,0,104000003,true,45.81666666666535,43.838888888900414,177.3333333333666,1468.4668534825294,12,5,0,0,5,-9013806546958134460
redline,4,Bulwark,Champion,1,104007922,true,45.31666666666538,43.43333333334439,175.61666666669856,1468.4668534825294,12,5,0,0,5,2904926754782276537
runoff,0,Needle,Rookie,0,104000003,true,50.71666666666507,48.705555555572346,196.83333333338211,1088.74207390062,11,9,4,0,5,1405171942793901373
runoff,0,Needle,Rookie,1,104007922,true,50.116666666665104,47.6055555555713,192.933333333379,1088.74207390062,11,9,4,0,5,-6603370572438947785
runoff,0,Needle,Club,0,104000003,true,48.81666666666518,46.794444444459174,189.2000000000427,1088.74207390062,11,9,4,0,5,2155031602395515518
runoff,0,Needle,Club,1,104007922,true,48.23333333333188,46.40555555556981,187.4500000000413,1088.74207390062,11,9,4,0,5,-3522613636409646133
runoff,0,Needle,Pro,0,104000003,true,47.349999999998595,45.78333333334684,184.70000000003913,1088.74207390062,11,9,4,0,5,1136747191230000630
runoff,0,Needle,Pro,1,104007922,true,47.09999999999861,45.33333333334642,183.10000000003785,1088.74207390062,11,9,4,0,5,-3274630329307564426
runoff,0,Needle,Champion,0,104000003,true,47.466666666665255,45.76111111112464,184.75000000003917,1088.74207390062,11,9,4,0,5,501116247806215692
runoff,0,Needle,Champion,1,104007922,true,47.116666666665274,45.40000000001314,183.3166666667047,1088.74207390062,11,9,4,0,5,1316118632081578250
runoff,0,Line,Rookie,0,104000003,true,53.34999999999825,51.55555555557536,208.01666666672435,1088.74207390062,11,9,4,0,5,9101921865339839291
runoff,0,Line,Rookie,1,104007922,true,52.58333333333163,50.00000000001835,202.5833333333867,1088.74207390062,11,9,4,0,5,-5613738314697545958
runoff,0,Line,Club,0,104000003,true,51.09999999999838,48.91666666668374,197.8500000000496,1088.74207390062,11,9,4,0,5,-4822577205621404920
runoff,0,Line,Club,1,104007922,true,50.59999999999841,48.20000000001636,195.20000000004748,1088.74207390062,11,9,4,0,5,-5274946334879732124
runoff,0,Line,Pro,0,104000003,true,49.566666666665135,47.21666666668195,191.21666666671098,1088.74207390062,11,9,4,0,5,7226238073818653867
runoff,0,Line,Pro,1,104007922,true,48.76666666666518,46.81666666668141,189.2166666667094,1088.74207390062,11,9,4,0,5,-1644441260500482053
runoff,0,Line,Champion,0,104000003,true,49.38333333333181,47.116666666681816,190.73333333337726,1088.74207390062,11,9,4,0,5,-4706469435892150680
runoff,0,Line,Champion,1,104007922,true,48.899999999998506,46.77222222223696,189.2166666667094,1088.74207390062,11,9,4,0,5,5078786454943309580
runoff,1,Bastion,Rookie,0,104000003,true,53.28333333333159,50.82777777779699,205.76666666672256,1088.74207390062,11,9,4,0,5,-5219218790411884298
runoff,1,Bastion,Rookie,1,104007922,true,52.34999999999831,49.91666666668488,202.10000000005297,1088.74207390062,11,9,4,0,5,1148069025824421954
runoff,1,Bastion,Club,0,104000003,true,50.7999999999984,48.300000000016496,195.70000000004788,1088.74207390062,11,9,4,0,5,7241506219576063451
runoff,1,Bastion,Club,1,104007922,true,49.916666666665115,47.86666666668256,193.5166666667128,1088.74207390062,11,9,4,0,5,998295878114484732
runoff,1,Bastion,Pro,0,104000003,true,48.549999999998526,46.4055555555699,187.76666666670823,1088.74207390062,11,9,4,0,5,-7880254190023329463
runoff,1,Bastion,Pro,1,104007922,true,47.966666666665226,45.94444444445826,185.80000000004,1088.74207390062,11,9,4,0,5,-7401777947979648593
runoff,1,Bastion,Champion,0,104000003,true,48.44999999999853,46.36666666668095,187.5500000000414,1088.74207390062,11,9,4,0,5,2208559602951708730
runoff,1,Bastion,Champion,1,104007922,true,47.94999999999856,45.69444444445805,185.03333333337272,1088.74207390062,11,9,4,0,5,-5510422673577453259
runoff,2,Comet,Rookie,0,104000003,true,47.06666666666528,44.51666666667909,180.61666666670254,1088.74207390062,11,9,4,0,5,-2791681755671841677
runoff,2,Comet,Rookie,1,104007922,true,44.98333333333206,43.81111111112238,176.4166666666992,1088.74207390062,11,9,4,0,5,-7322948386517324060
runoff,2,Comet,Club,0,104000003,true,44.41666666666543,42.44444444445446,171.75000000002882,1088.74207390062,11,9,4,0,5,6495732034867744793
runoff,2,Comet,Club,1,104007922,true,43.6999999999988,41.983333333342784,169.65000000002715,1088.74207390062,11,9,4,0,5,5251760906583026622
runoff,2,Comet,Pro,0,104000003,true,42.516666666665536,40.80000000000817,164.91666666669005,1088.74207390062,11,9,4,0,5,-3234180690084644319
runoff,2,Comet,Pro,1,104007922,true,42.26666666666555,40.438888888896706,163.58333333335565,1088.74207390062,11,9,4,0,5,7603359134284208698
runoff,2,Comet,Champion,0,104000003,true,42.38333333333221,40.87777777778597,165.01666666669013,1088.74207390062,11,9,4,0,5,-6697504524922200726
runoff,2,Comet,Champion,1,104007922,true,42.133333333332224,40.5166666666745,163.68333333335573,1088.74207390062,11,9,4,0,5,-8679242508913262049
runoff,1,Trail,Rookie,0,104000003,true,45.06666666666539,43.69444444445565,176.15000000003232,1088.74207390062,11,9,4,0,5,3585390799169968453
runoff,1,Trail,Rookie,1,104007922,true,44.699999999998745,42.605555555565786,172.5166666666961,1088.74207390062,11,9,4,0,5,-2404894494059986019
runoff,1,Trail,Club,0,104000003,true,44.2833333333321,42.17777777778755,170.81666666669474,1088.74207390062,11,9,4,0,5,2291332019942312308
runoff,1,Trail,Club,1,104007922,true,43.73333333333213,41.81111111112043,169.16666666669343,1088.74207390062,11,9,4,0,5,5385347317675700943
runoff,1,Trail,Pro,0,104000003,true,43.08333333333217,41.35555555556433,167.15000000002516,1088.74207390062,11,9,4,0,5,-6321590508190403288
runoff,1,Trail,Pro,1,104007922,true,42.749999999998856,40.85555555556383,165.31666666669037,1088.74207390062,11,9,4,0,5,1835337398528841581
runoff,1,Trail,Champion,0,104000003,true,43.1166666666655,41.30000000000874,167.01666666669172,1088.74207390062,11,9,4,0,5,7863884979103887008
runoff,1,Trail,Champion,1,104007922,true,42.716666666665525,40.850000000008265,165.26666666669033,1088.74207390062,11,9,4,0,5,1511273692951071932
runoff,2,Flint,Rookie,0,104000003,true,44.49999999999876,42.85000000001037,173.05000000002985,1088.74207390062,11,9,4,0,5,7644672563152488229
runoff,2,Flint,Rookie,1,104007922,true,43.883333333332125,42.23333333334303,170.58333333336122,1088.74207390062,11,9,4,0,5,1515846455306864789
runoff,2,Flint,Club,0,104000003,true,43.59999999999881,41.65555555556472,168.56666666669295,1088.74207390062,11,9,4,0,5,7004024760026983427
runoff,2,Flint,Club,1,104007922,true,42.599999999998865,41.211111111119635,166.23333333335776,1088.74207390062,11,9,4,0,5,-8011357137244348181
runoff,2,Flint,Pro,0,104000003,true,42.11666666666556,40.600000000007896,163.91666666668925,1088.74207390062,11,9,4,0,5,-5825132329322924819
runoff,2,Flint,Pro,1,104007922,true,41.699999999998916,39.994444444451744,161.68333333335414,1088.74207390062,11,9,4,0,5,-7422560546488923754
runoff,2,Flint,Champion,0,104000003,true,42.166666666665556,40.49444444445228,163.65000000002237,1088.74207390062,11,9,4,0,5,-1767709377723425716
runoff,2,Flint,Champion,1,104007922,true,41.699999999998916,40.094444444451824,161.98333333335438,1088.74207390062,11,9,4,0,5,-8885067559774015326
runoff,3,Quill,Rookie,0,104000003,true,42.84999999999885,41.61666666667558,167.7000000000256,1088.74207390062,11,9,4,0,5,-2826582952995361415
runoff,3,Quill,Rookie,1,104007922,true,42.18333333333222,40.900000000008156,164.8833333333567,1088.74207390062,11,9,4,0,5,-1110428432744805564
runoff,3,Quill,Club,0,104000003,true,41.76666666666558,40.033333333340686,161.86666666668762,1088.74207390062,11,9,4,0,5,-467636902052137467
runoff,3,Quill,Club,1,104007922,true,40.883333333332295,39.52777777778447,159.4666666666857,1088.74207390062,11,9,4,0,5,-3270681061631867007
runoff,3,Quill,Pro,0,104000003,true,40.58333333333231,39.16111111111743,158.0666666666846,1088.74207390062,11,9,4,0,5,26576861573452969
runoff,3,Quill,Pro,1,104007922,true,40.34999999999899,38.70000000000588,156.45000000001664,1088.74207390062,11,9,4,0,5,6355409953911334317
runoff,3,Quill,Champion,0,104000003,true,40.69999999999897,39.083333333339624,157.95000000001784,1088.74207390062,11,9,4,0,5,-8783197644200467409
runoff,3,Quill,Champion,1,104007922,true,40.299999999998995,38.73333333333923,156.50000000001668,1088.74207390062,11,9,4,0,5,-6654880772162176038
runoff,3,Vandal,Rookie,0,104000003,true,44.9666666666654,42.77777777778822,173.30000000003005,1088.74207390062,11,9,4,0,5,-4633038674717867658
runoff,3,Vandal,Rookie,1,104007922,true,44.24999999999877,42.16666666667641,170.75000000002802,1088.74207390062,11,9,4,0,5,-1169276870941162984
runoff,3,Vandal,Club,0,104000003,true,42.69999999999886,40.961111111119465,165.58333333335725,1088.74207390062,11,9,4,0,5,-20419371422569864
runoff,3,Vandal,Club,1,104007922,true,42.06666666666556,40.45000000000777,163.41666666668885,1088.74207390062,11,9,4,0,5,8242529344084187626
runoff,3,Vandal,Pro,0,104000003,true,41.03333333333229,39.400000000006635,159.2333333333522,1088.74207390062,11,9,4,0,5,4249825419810553236
runoff,3,Vandal,Pro,1,104007922,true,40.94999999999896,38.96666666667293,157.85000000001776,1088.74207390062,11,9,4,0,5,-1161770538626395883
runoff,3,Vandal,Champion,0,104000003,true,41.116666666665616,39.3111111111177,159.0500000000187,1088.74207390062,11,9,4,0,5,8711970420810084780
runoff,3,Vandal,Champion,1,104007922,true,40.81666666666563,39.03333333333961,157.91666666668448,1088.74207390062,11,9,4,0,5,260696758462761501
runoff,4,Kestrel,Rookie,0,104000003,true,40.36666666666566,38.68333333333921,156.41666666668328,1088.74207390062,11,9,4,0,5,-6708702300836301937
runoff,4,Kestrel,Rookie,1,104007922,true,39.26666666666572,38.18888888889406,153.8333333333479,1088.74207390062,11,9,4,0,5,6711371392925011346
runoff,4,Kestrel,Club,0,104000003,true,39.249999999999055,37.53333333333797,151.85000000001298,1088.74207390062,11,9,4,0,5,5525386588722262457
runoff,4,Kestrel,Club,1,104007922,true,38.699999999999086,37.000000000004064,149.70000000001127,1088.74207390062,11,9,4,0,5,5009013656395106678
runoff,4,Kestrel,Pro,0,104000003,true,38.316666666665775,36.80000000000379,148.71666666667716,1088.74207390062,11,9,4,0,5,-5881999102675183781
runoff,4,Kestrel,Pro,1,104007922,true,37.78333333333247,36.350000000003284,146.83333333334232,1088.74207390062,11,9,4,0,5,7833222517848536005
runoff,4,Kestrel,Champion,0,104000003,true,38.18333333333245,36.738888888892596,148.40000000001024,1088.74207390062,11,9,4,0,5,6468375228441406050
runoff,4,Kestrel,Champion,1,104007922,true,37.89999999999913,36.30555555555884,146.81666666667564,1088.74207390062,11,9,4,0,5,-5447383598252240987
runoff,4,Bulwark,Rookie,0,104000003,true,43.61666666666547,41.57777777778688,168.3500000000261,1088.74207390062,11,9,4,0,5,1948636376196902390
runoff,4,Bulwark,Rookie,1,104007922,true,42.33333333333221,40.38888888889668,163.50000000002225,1088.74207390062,11,9,4,0,5,-8141830689609898340
runoff,4,Bulwark,Club,0,104000003,true,41.59999999999892,39.988888888896156,161.56666666668738,1088.74207390062,11,9,4,0,5,-7332027034832607835
runoff,4,Bulwark,Club,1,104007922,true,40.51666666666565,39.05555555556177,157.68333333335096,1088.74207390062,11,9,4,0,5,-8233633023126563225
runoff,4,Bulwark,Pro,0,104000003,true,39.76666666666569,38.272222222227605,154.5833333333485,1088.74207390062,11,9,4,0,5,-4385705184711169212
runoff,4,Bulwark,Pro,1,104007922,true,39.31666666666572,37.93333333333831,153.11666666668066,1088.74207390062,11,9,4,0,5,-5162264130130925804
runoff,4,Bulwark,Champion,0,104000003,true,39.86666666666569,38.36666666667215,154.96666666668213,1088.74207390062,11,9,4,0,5,5734468271676247764
runoff,4,Bulwark,Champion,1,104007922,true,39.366666666665715,37.87777777778273,153.0000000000139,1088.74207390062,11,9,4,0,5,-6570578815556137343
crucible,0,Needle,Rookie,0,104000003,true,22.816666666666652,21.049999999998807,85.96666666666307,487.4112546051795,8,1,0,0,5,728784270263218144
crucible,0,Needle,Rookie,1,104007922,true,22.383333333333344,20.327777777776628,83.36666666666322,487.4112546051795,8,1,0,0,5,6665742834710865200
crucible,0,Needle,Club,0,104000003,true,21.9666666666667,20.249999999998852,82.71666666666326,487.4112546051795,8,1,0,0,5,-6410231119981350468
crucible,0,Needle,Club,1,104007922,true,21.416666666666732,19.733333333332215,80.61666666666338,487.4112546051795,8,1,0,0,5,939771282562493808
crucible,0,Needle,Pro,0,104000003,true,21.3833333333334,19.733333333332215,80.58333333333005,487.4112546051795,8,1,0,0,5,2559272128619007420
crucible,0,Needle,Pro,1,104007922,true,21.050000000000086,19.383333333332235,79.19999999999679,487.4112546051795,8,1,0,0,5,-4849595073588800079
crucible,0,Needle,Champion,0,104000003,true,21.416666666666732,19.77777777777666,80.7499999999967,487.4112546051795,8,1,0,0,5,5941945070902732453
crucible,0,Needle,Champion,1,104007922,true,21.03333333333342,19.466666666665564,79.43333333333011,487.4112546051795,8,1,0,0,5,8668175010618703015
crucible,0,Line,Rookie,0,104000003,true,24.96666666666653,22.38888888888762,92.13333333332939,487.4112546051795,8,1,0,0,5,-2734288923350262256
crucible,0,Line,Rookie,1,104007922,true,24.26666666666657,21.427777777776566,88.54999999999626,487.4112546051795,8,1,0,0,5,5704438954448643500
crucible,0,Line,Club,0,104000003,true,23.83333333333326,21.14444444444325,87.266666666663,487.4112546051795,8,1,0,0,5,-5310045057590977082
crucible,0,Line,Club,1,104007922,true,23.299999999999958,20.494444444443285,84.78333333332981,487.4112546051795,8,1,0,0,5,-8969829860760260102
crucible,0,Line,Pro,0,104000003,true,22.949999999999978,20.272222222221075,83.7666666666632,487.4112546051795,8,1,0,0,5,-7705371519782273921
crucible,0,Line,Pro,1,104007922,true,22.43333333333334,19.733333333332215,81.63333333332999,487.4112546051795,8,1,0,0,5,-8186699647706743434
crucible,0,Line,Champion,0,104000003,true,22.883333333333315,20.194444444443302,83.46666666666322,487.4112546051795,8,1,0,0,5,5805084313770295667
crucible,0,Line,Champion,1,104007922,true,22.483333333333338,19.755555555554437,81.74999999999665,487.4112546051795,8,1,0,0,5,5124370317519826262
crucible,1,Bastion,Rookie,0,104000003,true,27.199999999999736,24.927777777776367,101.98333333332883,487.4112546051795,8,1,0,0,5,-4902013117481366222
crucible,1,Bastion,Rookie,1,104007922,true,24.9333333333332,21.89999999999876,90.63333333332947,487.4112546051795,8,1,0,0,5,-5485781880104117999
crucible,1,Bastion,Club,0,104000003,true,24.81666666666654,21.92222222222098,90.58333333332948,487.4112546051795,8,1,0,0,5,5424989490532953916
crucible,1,Bastion,Club,1,104007922,true,23.68333333333327,20.783333333332155,86.03333333332974,487.4112546051795,8,1,0,0,5,2449577411259681230
crucible,1,Bastion,Pro,0,104000003,true,23.816666666666595,21.02777777777659,86.89999999999635,487.4112546051795,8,1,0,0,5,-2481797697766584953
crucible,1,Bastion,Pro,1,104007922,true,22.74999999999999,19.916666666665538,82.4999999999966,487.4112546051795,8,1,0,0,5,161646663670347262
crucible,1,Bastion,Champion,0,104000003,true,23.649999999999938,20.994444444443257,86.6333333333297,487.4112546051795,8,1,0,0,5,1000561635945751538
crucible,1,Bastion,Champion,1,104007922,true,22.833333333333318,19.89444444444332,82.51666666666327,487.4112546051795,8,1,0,0,5,-7684885179015005310
crucible,2,Comet,Rookie,0,104000003,true,23.699999999999935,21.111111111109917,87.03333333332968,487.4112546051795,8,1,0,0,5,-3279019067482138674
crucible,2,Comet,Rookie,1,104007922,true,21.750000000000046,19.533333333332227,80.34999999999673,487.4112546051795,8,1,0,0,5,-1190667605877743784
crucible,2,Comet,Club,0,104000003,true,21.633333333333386,19.449999999998898,79.98333333333008,487.4112546051795,8,1,0,0,5,-7441347372394047246
crucible,2,Comet,Club,1,104007922,true,20.983333333333423,18.811111111110048,77.41666666666356,487.4112546051795,8,1,0,0,5,-7426356463353625039
crucible,2,Comet,Pro,0,104000003,true,20.750000000000103,18.61111111111006,76.58333333333027,487.4112546051795,8,1,0,0,5,3496162464436093489
crucible,2,Comet,Pro,1,104007922,true,20.36666666666679,18.183333333332303,74.9166666666637,487.4112546051795,8,1,0,0,5,-2910213758989933837
crucible,2,Comet,Champion,0,104000003,true,20.633333333333443,18.599999999998946,76.43333333333028,487.4112546051795,8,1,0,0,5,-2445646327462860694
crucible,2,Comet,Champion,1,104007922,true,20.350000000000126,18.19999999999897,74.94999999999703,487.4112546051795,8,1,0,0,5,8458679178139903118
crucible,1,Trail,Rookie,0,104000003,true,20.816666666666766,18.777777777776716,77.14999999999691,487.4112546051795,8,1,0,0,5,-416960039702250356
crucible,1,Trail,Rookie,1,104007922,true,19.933333333333483,17.927777777776765,73.71666666666377,487.4112546051795,8,1,0,0,5,7576476384858829162
crucible,1,Trail,Club,0,104000003,true,20.200000000000134,18.255555555554523,74.9666666666637,487.4112546051795,8,1,0,0,5,-70520414030532398
crucible,1,Trail,Club,1,104007922,true,19.700000000000163,17.694444444443445,72.78333333333049,487.4112546051795,8,1,0,0,5,-5232197587437802995
crucible,1,Trail,Pro,0,104000003,true,19.883333333333486,18.10555555555453,74.19999999999708,487.4112546051795,8,1,0,0,5,-1966340892467724817
crucible,1,Trail,Pro,1,104007922,true,19.51666666666684,17.59444444444345,72.29999999999718,487.4112546051795,8,1,0,0,5,-7760644766189649576
crucible,1,Trail,Champion,0,104000003,true,19.95000000000015,18.111111111110088,74.2833333333304,487.4112546051795,8,1,0,0,5,3380895238809054253
crucible,1,Trail,Champion,1,104007922,true,19.48333333333351,17.644444444443447,72.41666666666384,487.4112546051795,8,1,0,0,5,7917815497665591490
crucible,2,Flint,Rookie,0,104000003,true,20.400000000000123,18.661111111110056,76.38333333333028,487.4112546051795,8,1,0,0,5,5215535368833522062
crucible,2,Flint,Rookie,1,104007922,true,19.90000000000015,17.927777777776765,73.68333333333044,487.4112546051795,8,1,0,0,5,-3139479547951186810
crucible,2,Flint,Club,0,104000003,true,19.700000000000163,18.055555555554534,73.86666666666376,487.4112546051795,8,1,0,0,5,5995619639932208255
crucible,2,Flint,Club,1,104007922,true,19.066666666666865,17.505555555554565,71.58333333333056,487.4112546051795,8,1,0,0,5,1853989828689596789
crucible,2,Flint,Pro,0,104000003,true,19.16666666666686,17.633333333332335,72.06666666666386,487.4112546051795,8,1,0,0,5,-5332674856332339623
crucible,2,Flint,Pro,1,104007922,true,18.800000000000214,17.21666666666569,70.44999999999729,487.4112546051795,8,1,0,0,5,479732159462939867
crucible,2,Flint,Champion,0,104000003,true,19.183333333333525,17.63888888888789,72.0999999999972,487.4112546051795,8,1,0,0,5,3657131471764542818
crucible,2,Flint,Champion,1,104007922,true,18.81666666666688,17.238888888887914,70.53333333333062,487.4112546051795,8,1,0,0,5,-4073872057429827746
crucible,3,Quill,Rookie,0,104000003,true,20.166666666666803,18.06111111111009,74.34999999999707,487.4112546051795,8,1,0,0,5,188730147172747483
crucible,3,Quill,Rookie,1,104007922,true,19.55000000000017,17.61666666666567,72.39999999999718,487.4112546051795,8,1,0,0,5,-264538278282630115
crucible,3,Quill,Club,0,104000003,true,19.16666666666686,17.366666666665683,71.26666666666391,487.4112546051795,8,1,0,0,5,-4379663198341152073
crucible,3,Quill,Club,1,104007922,true,18.73333333333355,16.988888888887928,69.69999999999733,487.4112546051795,8,1,0,0,5,8175138167207330714
crucible,3,Quill,Pro,0,104000003,true,18.61666666666689,17.016666666665703,69.666666666664,487.4112546051795,8,1,0,0,5,3011126743848890014
crucible,3,Quill,Pro,1,104007922,true,18.316666666666908,16.63333333333239,68.21666666666408,487.4112546051795,8,1,0,0,5,-8030486033759618484
crucible,3,Quill,Champion,0,104000003,true,18.58333333333356,17.01111111111015,69.616666666664,487.4112546051795,8,1,0,0,5,-6833408676046853190
crucible,3,Quill,Champion,1,104007922,true,18.300000000000242,16.711111111110167,68.43333333333074,487.4112546051795,8,1,0,0,5,4094235230926359446
crucible,3,Vandal,Rookie,0,104000003,true,21.683333333333383,19.2388888888878,79.39999999999678,487.4112546051795,8,1,0,0,5,8443901013175044762
crucible,3,Vandal,Rookie,1,104007922,true,20.966666666666757,18.53888888888784,76.58333333333027,487.4112546051795,8,1,0,0,5,4050607059778199965
crucible,3,Vandal,Club,0,104000003,true,20.633333333333443,18.2333333333323,75.33333333333034,487.4112546051795,8,1,0,0,5,8447150539034536523
crucible,3,Vandal,Club,1,104007922,true,20.13333333333347,17.72222222222122,73.29999999999713,487.4112546051795,8,1,0,0,5,-6764273276105705642
crucible,3,Vandal,Pro,0,104000003,true,19.816666666666823,17.53333333333234,72.41666666666384,487.4112546051795,8,1,0,0,5,5465683766786244898
crucible,3,Vandal,Pro,1,104007922,true,19.43333333333351,17.111111111110144,70.76666666666394,487.4112546051795,8,1,0,0,5,-2782276950448044774
crucible,3,Vandal,Champion,0,104000003,true,19.800000000000157,17.49999999999901,72.29999999999718,487.4112546051795,8,1,0,0,5,8522973668144021895
crucible,3,Vandal,Champion,1,104007922,true,19.40000000000018,17.111111111110144,70.7333333333306,487.4112546051795,8,1,0,0,5,4835721600983122091
crucible,4,Kestrel,Rookie,0,104000003,true,18.866666666666877,17.061111111110147,70.04999999999731,487.4112546051795,8,1,0,0,5,-1566419199993813325
crucible,4,Kestrel,Rookie,1,104007922,true,18.4666666666669,16.711111111110167,68.5999999999974,487.4112546051795,8,1,0,0,5,5179664868353943536
crucible,4,Kestrel,Club,0,104000003,true,18.200000000000248,16.51111111111018,67.73333333333078,487.4112546051795,8,1,0,0,5,-6610914022929837795
crucible,4,Kestrel,Club,1,104007922,true,17.833333333333602,16.072222222221313,66.04999999999754,487.4112546051795,8,1,0,0,5,-5642115146907665114
crucible,4,Kestrel,Pro,0,104000003,true,17.716666666666942,16.138888888887976,66.13333333333087,487.4112546051795,8,1,0,0,5,-5674002555293831923
crucible,4,Kestrel,Pro,1,104007922,true,17.433333333333625,15.788888888887996,64.79999999999761,487.4112546051795,8,1,0,0,5,2482916392260241723
crucible,4,Kestrel,Champion,0,104000003,true,17.716666666666942,16.177777777776864,66.24999999999753,487.4112546051795,8,1,0,0,5,72012382739452365
crucible,4,Kestrel,Champion,1,104007922,true,17.41666666666696,15.86666666666577,65.01666666666426,487.4112546051795,8,1,0,0,5,5422432715893797143
crucible,4,Bulwark,Rookie,0,104000003,true,22.033333333333363,19.877777777776654,81.66666666666332,487.4112546051795,8,1,0,0,5,-6641780437795784161
crucible,4,Bulwark,Rookie,1,104007922,true,20.400000000000123,18.194444444443416,74.98333333333036,487.4112546051795,8,1,0,0,5,1592878173473114778
crucible,4,Bulwark,Club,0,104000003,true,20.516666666666783,18.416666666665623,75.76666666666365,487.4112546051795,8,1,0,0,5,9197757528286135947
crucible,4,Bulwark,Club,1,104007922,true,19.300000000000185,17.37222222222124,71.4166666666639,487.4112546051795,8,1,0,0,5,652555349034041489
crucible,4,Bulwark,Pro,0,104000003,true,19.333333333333517,17.427777777776793,71.61666666666389,487.4112546051795,8,1,0,0,5,-6034681922332549997
crucible,4,Bulwark,Pro,1,104007922,true,18.73333333333355,16.86111111111016,69.31666666666402,487.4112546051795,8,1,0,0,5,-660155720478345373
crucible,4,Bulwark,Champion,0,104000003,true,19.183333333333525,17.411111111110127,71.4166666666639,487.4112546051795,8,1,0,0,5,-6396419125857343413
crucible,4,Bulwark,Champion,1,104007922,true,18.716666666666885,16.855555555554602,69.28333333333069,487.4112546051795,8,1,0,0,5,-7646140793621455413
slagway,0,Needle,Rookie,0,104000003,true,31.533333333332823,28.97222222222058,118.44999999999456,701.4865513015651,20,9,0,2,5,995726725533969398
slagway,0,Needle,Rookie,1,104007922,true,30.49999999999955,28.605555555553934,116.31666666666135,701.4865513015651,20,9,0,2,5,7491395262795691502
slagway,0,Needle,Club,0,104000003,true,30.53333333333288,28.566666666665046,116.23333333332802,701.4865513015651,20,9,0,2,5,722647463595294206
slagway,0,Needle,Club,1,104007922,true,29.83333333333292,27.866666666665086,113.43333333332818,701.4865513015651,20,9,0,2,5,-4907366634944059966
slagway,0,Needle,Pro,0,104000003,true,29.583333333332934,27.73333333333176,112.78333333332822,701.4865513015651,20,9,0,2,5,-1303568799605523673
slagway,0,Needle,Pro,1,104007922,true,29.233333333332954,27.41111111110956,111.46666666666162,701.4865513015651,20,9,0,2,5,6424399829998881968
slagway,0,Needle,Champion,0,104000003,true,29.583333333332934,27.827777777776202,113.06666666666153,701.4865513015651,20,9,0,2,5,-8572057260630539585
slagway,0,Needle,Champion,1,104007922,true,29.199999999999623,27.461111111109556,111.58333333332828,701.4865513015651,20,9,0,2,5,1489298680002626085
slagway,0,Line,Rookie,0,104000003,true,34.033333333332685,31.07222222222046,127.24999999999406,701.4865513015651,20,9,0,2,5,-1925337008011127963
slagway,0,Line,Rookie,1,104007922,true,33.03333333333274,29.87777777777608,122.66666666666099,701.4865513015651,20,9,0,2,5,3428179284346647996
slagway,0,Line,Club,0,104000003,true,32.283333333332784,29.6277777777761,121.16666666666107,701.4865513015651,20,9,0,2,5,1952883556144047716
slagway,0,Line,Club,1,104007922,true,31.599999999999486,28.805555555553923,118.01666666666125,701.4865513015651,20,9,0,2,5,-2085216041881571075
slagway,0,Line,Pro,0,104000003,true,31.183333333332843,28.38888888888728,116.34999999999468,701.4865513015651,20,9,0,2,5,-6596487001261565964
slagway,0,Line,Pro,1,104007922,true,30.53333333333288,27.588888888887325,113.29999999999485,701.4865513015651,20,9,0,2,5,-8778682505407945238
slagway,0,Line,Champion,0,104000003,true,31.283333333332838,28.338888888887283,116.29999999999468,701.4865513015651,20,9,0,2,5,2487918560684240170
slagway,0,Line,Champion,1,104007922,true,30.44999999999955,27.599999999998435,113.24999999999486,701.4865513015651,20,9,0,2,5,-6309741771956354479
slagway,1,Bastion,Rookie,0,104000003,true,33.88333333333269,31.355555555553774,127.94999999999402,701.4865513015651,20,9,0,2,5,-3099926839550417764
slagway,1,Bastion,Rookie,1,104007922,true,33.7833333333327,30.077777777776067,124.01666666666091,701.4865513015651,20,9,0,2,5,-5587803241138343323
slagway,1,Bastion,Club,0,104000003,true,33.41666666666605,29.544444444442764,122.04999999999436,701.4865513015651,20,9,0,2,5,7048237166782002426
slagway,1,Bastion,Club,1,104007922,true,31.799999999999475,28.22777777777618,116.483333333328,701.4865513015651,20,9,0,2,5,8982909109478343627
slagway,1,Bastion,Pro,0,104000003,true,31.449999999999495,28.266666666665063,116.24999999999469,701.4865513015651,20,9,0,2,5,-8838923790651074091
slagway,1,Bastion,Pro,1,104007922,true,30.583333333332877,27.238888888887345,112.29999999999491,701.4865513015651,20,9,0,2,5,2494051555652108883
slagway,1,Bastion,Champion,0,104000003,true,31.633333333332818,28.205555555553957,116.24999999999469,701.4865513015651,20,9,0,2,5,-7840161126426386609
slagway,1,Bastion,Champion,1,104007922,true,30.599999999999543,27.29999999999845,112.4999999999949,701.4865513015651,20,9,0,2,5,-1493213345321397520
slagway,2,Comet,Rookie,0,104000003,true,29.09999999999963,27.02222222222069,110.1666666666617,701.4865513015651,20,9,0,2,5,6615620235298299108
slagway,2,Comet,Rookie,1,104007922,true,29.149999999999626,25.955555555554085,107.01666666666188,701.4865513015651,20,9,0,2,5,7777737575472437360
slagway,2,Comet,Club,0,104000003,true,28.033333333333022,25.8666666666652,105.63333333332862,701.4865513015651,20,9,0,2,5,-4253236137193969584
slagway,2,Comet,Club,1,104007922,true,27.399999999999725,25.14444444444302,102.83333333332878,701.4865513015651,20,9,0,2,5,187544438856027219
slagway,2,Comet,Pro,0,104000003,true,27.216666666666402,24.927777777776367,101.9999999999955,701.4865513015651,20,9,0,2,5,3208866089866929319
slagway,2,Comet,Pro,1,104007922,true,26.44999999999978,24.17777777777641,98.983333333329,701.4865513015651,20,9,0,2,5,-2485752015851080625
slagway,2,Comet,Champion,0,104000003,true,26.94999999999975,24.77222222222082,101.2666666666622,701.4865513015651,20,9,0,2,5,-697639538137835162
slagway,2,Comet,Champion,1,104007922,true,26.533333333333108,24.26666666666529,99.33333333332898,701.4865513015651,20,9,0,2,5,8417602872539840592
slagway,1,Trail,Rookie,0,104000003,true,28.616666666666323,26.583333333331826,108.3666666666618,701.4865513015651,20,9,0,2,5,3123494704030074275
slagway,1,Trail,Rookie,1,104007922,true,27.983333333333025,25.794444444442984,105.36666666666197,701.4865513015651,20,9,0,2,5,-1844730345354966570
slagway,1,Trail,Club,0,104000003,true,27.799999999999702,26.049999999998523,105.94999999999527,701.4865513015651,20,9,0,2,5,6027642187327663672
slagway,1,Trail,Club,1,104007922,true,27.716666666666374,25.466666666665223,104.11666666666204,701.4865513015651,20,9,0,2,5,-1716787263723941219
slagway,1,Trail,Pro,0,104000003,true,27.61666666666638,25.499999999998554,104.11666666666204,701.4865513015651,20,9,0,2,5,7686385081360562235
slagway,1,Trail,Pro,1,104007922,true,27.233333333333068,25.216666666665237,102.88333333332878,701.4865513015651,20,9,0,2,5,6488530760053991931
slagway,1,Trail,Champion,0,104000003,true,27.516666666666385,25.63333333333188,104.41666666666202,701.4865513015651,20,9,0,2,5,3618332528505036793
slagway,1,Trail,Champion,1,104007922,true,27.216666666666402,25.26111111110968,102.99999999999544,701.4865513015651,20,9,0,2,5,-8572454228161233300
slagway,2,Flint,Rookie,0,104000003,true,28.166666666666348,25.922222222220753,105.9333333333286,701.4865513015651,20,9,0,2,5,2378689822368970463
slagway,2,Flint,Rookie,1,104007922,true,27.633333333333045,25.649999999998546,104.58333333332868,701.4865513015651,20,9,0,2,5,-7150457386893530025
slagway,2,Flint,Club,0,104000003,true,27.06666666666641,25.422222222220782,103.33333333332875,701.4865513015651,20,9,0,2,5,390474654540370736
slagway,2,Flint,Club,1,104007922,true,26.899999999999753,24.999999999998582,101.8999999999955,701.4865513015651,20,9,0,2,5,-8288497812470930133
slagway,2,Flint,Pro,0,104000003,true,26.316666666666453,24.76111111110971,100.59999999999557,701.4865513015651,20,9,0,2,5,4343072008609265678
slagway,2,Flint,Pro,1,104007922,true,26.266666666666456,24.633333333331937,100.16666666666227,701.4865513015651,20,9,0,2,5,7885001822230739734
slagway,2,Flint,Champion,0,104000003,true,26.499999999999776,24.844444444443038,101.03333333332888,701.4865513015651,20,9,0,2,5,-5493997442279241669
slagway,2,Flint,Champion,1,104007922,true,26.266666666666456,24.627777777776384,100.1499999999956,701.4865513015651,20,9,0,2,5,-3345261115528382225
slagway,3,Quill,Rookie,0,104000003,true,27.41666666666639,25.438888888887448,103.73333333332873,701.4865513015651,20,9,0,2,5,364528688573852795
slagway,3,Quill,Rookie,1,104007922,true,26.699999999999765,24.84999999999859,101.24999999999554,701.4865513015651,20,9,0,2,5,-2982475091656359292
slagway,3,Quill,Club,0,104000003,true,26.166666666666462,24.449999999998614,99.5166666666623,701.4865513015651,20,9,0,2,5,-8064819037209152204
slagway,3,Quill,Club,1,104007922,true,26.0999999999998,24.155555555554187,98.56666666666236,701.4865513015651,20,9,0,2,5,3312981760360800763
slagway,3,Quill,Pro,0,104000003,true,25.683333333333156,23.972222222220864,97.59999999999575,701.4865513015651,20,9,0,2,5,-5377855754030400696
slagway,3,Quill,Pro,1,104007922,true,25.4666666666665,23.699999999998656,96.56666666666247,701.4865513015651,20,9,0,2,5,8266957779186752838
slagway,3,Quill,Champion,0,104000003,true,25.63333333333316,23.899999999998645,97.3333333333291,701.4865513015651,20,9,0,2,5,-6882338675756668496
slagway,3,Quill,Champion,1,104007922,true,25.43333333333317,23.733333333331988,96.63333333332913,701.4865513015651,20,9,0,2,5,550332327996460966
slagway,3,Vandal,Rookie,0,104000003,true,28.883333333332974,26.199999999998514,107.48333333332852,701.4865513015651,20,9,0,2,5,6743233229780648200
slagway,3,Vandal,Rookie,1,104007922,true,27.566666666666382,24.92222222222081,102.33333333332881,701.4865513015651,20,9,0,2,5,8896878749368425831
slagway,3,Vandal,Club,0,104000003,true,27.783333333333037,25.149999999998574,103.23333333332876,701.4865513015651,20,9,0,2,5,-8076821980539536409
slagway,3,Vandal,Club,1,104007922,true,26.749999999999762,23.98888888888753,98.71666666666235,701.4865513015651,20,9,0,2,5,-3796366820655303187
slagway,3,Vandal,Pro,0,104000003,true,26.383333333333116,23.82777777777643,97.8666666666624,701.4865513015651,20,9,0,2,5,-558176577862111767
slagway,3,Vandal,Pro,1,104007922,true,25.999999999999805,23.28888888888757,95.86666666666251,701.4865513015651,20,9,0,2,5,-7227629266574589438
slagway,3,Vandal,Champion,0,104000003,true,26.166666666666462,23.772222222220876,97.48333333332909,701.4865513015651,20,9,0,2,5,8026542436100035858
slagway,3,Vandal,Champion,1,104007922,true,25.58333333333316,23.25555555555424,95.34999999999587,701.4865513015651,20,9,0,2,5,-3357722361821715650
slagway,4,Kestrel,Rookie,0,104000003,true,25.883333333333145,23.794444444443098,97.26666666666243,701.4865513015651,20,9,0,2,5,-8162204055340859422
slagway,4,Kestrel,Rookie,1,104007922,true,25.43333333333317,23.1611111111098,94.91666666666256,701.4865513015651,20,9,0,2,5,-4338073028669088017
slagway,4,Kestrel,Club,0,104000003,true,24.399999999999896,22.961111111109812,93.28333333332932,701.4865513015651,20,9,0,2,5,4434982574965508370
slagway,4,Kestrel,Club,1,104007922,true,24.73333333333321,22.62222222222094,92.59999999999603,701.4865513015651,20,9,0,2,5,2015977388738258748
slagway,4,Kestrel,Pro,0,104000003,true,24.283333333333236,22.605555555554275,92.09999999999606,701.4865513015651,20,9,0,2,5,4029519778473668597
slagway,4,Kestrel,Pro,1,104007922,true,23.91666666666659,22.35555555555429,90.98333333332945,701.4865513015651,20,9,0,2,5,-7225012377246124485
slagway,4,Kestrel,Champion,0,104000003,true,24.18333333333324,22.566666666665387,91.8833333333294,701.4865513015651,20,9,0,2,5,1378814540507136579
slagway,4,Kestrel,Champion,1,104007922,true,23.983333333333253,22.322222222220958,90.94999999999612,701.4865513015651,20,9,0,2,5,3544486336226309184
slagway,4,Bulwark,Rookie,0,104000003,true,26.766666666666428,25.011111111109695,101.7999999999955,701.4865513015651,20,9,0,2,5,-6801797920534690872
slagway,4,Bulwark,Rookie,1,104007922,true,26.44999999999978,24.29444444444307,99.33333333332898,701.4865513015651,20,9,0,2,5,7908762970537471993
slagway,4,Bulwark,Club,0,104000003,true,26.416666666666448,24.361111111109732,99.49999999999564,701.4865513015651,20,9,0,2,5,587756876169921354
slagway,4,Bulwark,Club,1,104007922,true,25.19999999999985,23.466666666665336,95.59999999999586,701.4865513015651,20,9,0,2,5,2959321872871589796
slagway,4,Bulwark,Pro,0,104000003,true,25.183333333333184,23.283333333332013,95.03333333332922,701.4865513015651,20,9,0,2,5,388606407026503463
slagway,4,Bulwark,Pro,1,104007922,true,24.61666666666655,22.83333333333204,93.11666666666267,701.4865513015651,20,9,0,2,5,-7058113159241523725
slagway,4,Bulwark,Champion,0,104000003,true,25.099999999999856,23.272222222220904,94.91666666666256,701.4865513015651,20,9,0,2,5,969689119588418101
slagway,4,Bulwark,Champion,1,104007922,true,24.599999999999884,22.77777777777649,92.93333333332934,701.4865513015651,20,9,0,2,5,1657197003141988859
railcut,0,Needle,Rookie,0,104000003,true,38.04999999999912,35.71666666666952,145.2000000000077,856.7416199741544,28,13,0,2,5,3623075814488150369
railcut,0,Needle,Rookie,1,104007922,true,36.84999999999919,34.7555555555573,141.1166666666711,856.7416199741544,28,13,0,2,5,3028960905202927474
railcut,0,Needle,Club,0,104000003,true,36.6999999999992,34.711111111112785,140.83333333333755,856.7416199741544,28,13,0,2,5,-2867488970719300228
railcut,0,Needle,Club,1,104007922,true,35.93333333333258,34.16666666666769,138.43333333333564,856.7416199741544,28,13,0,2,5,-8373635677014470891
railcut,0,Needle,Pro,0,104000003,true,35.68333333333259,33.78888888888954,137.0500000000012,856.7416199741544,28,13,0,2,5,474184713982207477
railcut,0,Needle,Pro,1,104007922,true,35.18333333333262,33.42222222222244,135.44999999999993,856.7416199741544,28,13,0,2,5,8877617919534635810
railcut,0,Needle,Champion,0,104000003,true,35.64999999999926,33.805555555556204,137.06666666666789,856.7416199741544,28,13,0,2,5,-1107806357196191080
railcut,0,Needle,Champion,1,104007922,true,35.26666666666595,33.500000000000306,135.76666666666685,856.7416199741544,28,13,0,2,5,-3998462880353233200
railcut,0,Line,Rookie,0,104000003,true,40.34999999999899,36.92777777778225,151.13333333334575,856.7416199741544,28,13,0,2,5,8630345181883742723
railcut,0,Line,Rookie,1,104007922,true,38.666666666665755,36.01111111111438,146.70000000000888,856.7416199741544,28,13,0,2,5,9059931114429292831
railcut,0,Line,Club,0,104000003,true,38.79999999999908,35.5555555555585,145.46666666667457,856.7416199741544,28,13,0,2,5,8253672340995188599
railcut,0,Line,Club,1,104007922,true,37.533333333332486,34.62777777777962,141.41666666667135,856.7416199741544,28,13,0,2,5,-6776441210053144368
railcut,0,Line,Pro,0,104000003,true,37.2333333333325,34.09444444444578,139.51666666666983,856.7416199741544,28,13,0,2,5,-8888691978738259498
railcut,0,Line,Pro,1,104007922,true,36.34999999999922,33.505555555556164,136.86666666666773,856.7416199741544,28,13,0,2,5,-4893350355185901990
railcut,0,Line,Champion,0,104000003,true,36.93333333333252,34.08333333333457,139.18333333333624,856.7416199741544,28,13,0,2,5,4006340524967802553
railcut,0,Line,Champion,1,104007922,true,36.31666666666589,33.43888888888944,136.6333333333342,856.7416199741544,28,13,0,2,5,8665935385369070315
railcut,1,Bastion,Rookie,0,104000003,true,40.46666666666565,36.66666666667097,150.46666666667855,856.7416199741544,28,13,0,2,5,-8272036876923232448
railcut,1,Bastion,Rookie,1,104007922,true,38.83333333333241,34.89444444444687,143.51666666667302,856.7416199741544,28,13,0,2,5,8750727825463574286
railcut,1,Bastion,Club,0,104000003,true,38.4999999999991,34.68888888889106,142.56666666667226,856.7416199741544,28,13,0,2,5,8051397026128494742
railcut,1,Bastion,Club,1,104007922,true,37.34999999999916,33.73888888888997,138.56666666666908,856.7416199741544,28,13,0,2,5,-7194048206028970041
railcut,1,Bastion,Pro,0,104000003,true,36.833333333332526,33.06666666666707,136.03333333333373,856.7416199741544,28,13,0,2,5,-659513570857594511
railcut,1,Bastion,Pro,1,104007922,true,35.83333333333258,32.29999999999951,132.7333333333311,856.7416199741544,28,13,0,2,5,1084490930668622419
railcut,1,Bastion,Champion,0,104000003,true,36.73333333333253,33.1277777777782,136.11666666666713,856.7416199741544,28,13,0,2,5,2707160066599701652
railcut,1,Bastion,Champion,1,104007922,true,35.88333333333258,32.26666666666616,132.68333333333106,856.7416199741544,28,13,0,2,5,5785224743089899689
railcut,2,Comet,Rookie,0,104000003,true,34.48333333333266,32.044444444443364,130.61666666666275,856.7416199741544,28,13,0,2,5,7357782959561863237
railcut,2,Comet,Rookie,1,104007922,true,33.333333333332725,30.622222222220483,125.19999999999418,856.7416199741544,28,13,0,2,5,-184293502228161066
railcut,2,Comet,Club,0,104000003,true,33.06666666666607,30.722222222220477,125.23333333332751,856.7416199741544,28,13,0,2,5,4022528728346198159
railcut,2,Comet,Club,1,104007922,true,32.48333333333277,30.066666666664958,122.68333333332765,856.7416199741544,28,13,0,2,5,4842454954627674329
railcut,2,Comet,Pro,0,104000003,true,31.949999999999466,29.59999999999832,120.74999999999443,856.7416199741544,28,13,0,2,5,-1701126030057873282
railcut,2,Comet,Pro,1,104007922,true,31.416666666666163,28.988888888887246,118.3833333333279,856.7416199741544,28,13,0,2,5,-8168429914390379538
railcut,2,Comet,Champion,0,104000003,true,31.733333333332812,29.461111111109442,120.11666666666113,856.7416199741544,28,13,0,2,5,6987025271860087676
railcut,2,Comet,Champion,1,104007922,true,31.299999999999503,28.999999999998355,118.29999999999457,856.7416199741544,28,13,0,2,5,-5089529798098285931
railcut,1,Trail,Rookie,0,104000003,true,34.44999999999933,32.13333333333231,130.84999999999627,856.7416199741544,28,13,0,2,5,-4042691368568507352
railcut,1,Trail,Rookie,1,104007922,true,33.86666666666603,31.28888888888711,127.73333333332737,856.7416199741544,28,13,0,2,5,-5875421051893167576
railcut,1,Trail,Club,0,104000003,true,33.7333333333327,31.549999999998317,128.38333333332764,856.7416199741544,28,13,0,2,5,-4392926965922936041
railcut,1,Trail,Club,1,104007922,true,33.099999999999405,31.03333333333157,126.19999999999412,856.7416199741544,28,13,0,2,5,-804231009048956070
railcut,1,Trail,Pro,0,104000003,true,32.94999999999941,31.06111111110935,126.13333333332746,856.7416199741544,28,13,0,2,5,5019006887059950953
railcut,1,Trail,Pro,1,104007922,true,32.81666666666609,30.79999999999825,125.21666666666084,856.7416199741544,28,13,0,2,5,696894091753179943
railcut,1,Trail,Champion,0,104000003,true,33.08333333333274,31.07222222222046,126.29999999999411,856.7416199741544,28,13,0,2,5,5129305981464123440
railcut,1,Trail,Champion,1,104007922,true,32.76666666666609,30.766666666664918,125.06666666666085,856.7416199741544,28,13,0,2,5,-3365918672082579511
railcut,2,Flint,Rookie,0,104000003,true,33.249999999999396,31.588888888887094,128.01666666666068,856.7416199741544,28,13,0,2,5,5626733230057930717
railcut,2,Flint,Rookie,1,104007922,true,33.23333333333273,30.80555555555381,125.64999999999415,856.7416199741544,28,13,0,2,5,-8977016445792202849
railcut,2,Flint,Club,0,104000003,true,32.49999999999944,30.866666666664912,125.09999999999418,856.7416199741544,28,13,0,2,5,6790683616663787779
railcut,2,Flint,Club,1,104007922,true,31.999999999999464,30.377777777776057,123.13333333332763,856.7416199741544,28,13,0,2,5,-7897259705596101866
railcut,2,Flint,Pro,0,104000003,true,31.89999999999947,30.17777777777607,122.43333333332767,856.7416199741544,28,13,0,2,5,-4876030432409908825
railcut,2,Flint,Pro,1,104007922,true,31.566666666666155,29.877777777776085,121.1999999999944,856.7416199741544,28,13,0,2,5,8741828364873360129
railcut,2,Flint,Champion,0,104000003,true,31.883333333332804,30.205555555553843,122.49999999999433,856.7416199741544,28,13,0,2,5,4840504632996559362
railcut,2,Flint,Champion,1,104007922,true,31.649999999999483,29.87222222222053,121.26666666666107,856.7416199741544,28,13,0,2,5,-5758344498295466496
railcut,3,Quill,Rookie,0,104000003,true,32.24999999999945,30.422222222220494,123.51666666666094,856.7416199741544,28,13,0,2,5,6930717144528127917
railcut,3,Quill,Rookie,1,104007922,true,32.29999999999945,30.022222222220517,122.366666666661,856.7416199741544,28,13,0,2,5,-8171737993081153614
railcut,3,Quill,Club,0,104000003,true,31.166666666666178,29.649999999998318,120.11666666666113,856.7416199741544,28,13,0,2,5,-8554905096583890957
railcut,3,Quill,Club,1,104007922,true,31.31666666666617,29.54444444444277,119.94999999999447,856.7416199741544,28,13,0,2,5,1064498024051354275
railcut,3,Quill,Pro,0,104000003,true,30.7666666666662,29.027777777776134,117.8499999999946,856.7416199741544,28,13,0,2,5,-4331030225612111302
railcut,3,Quill,Pro,1,104007922,true,30.633333333332875,28.755555555553926,116.89999999999465,856.7416199741544,28,13,0,2,5,-5013469816957111694
railcut,3,Quill,Champion,0,104000003,true,30.783333333332866,29.049999999998352,117.93333333332792,856.7416199741544,28,13,0,2,5,6187885458972643663
railcut,3,Quill,Champion,1,104007922,true,30.549999999999546,28.833333333331698,117.04999999999464,856.7416199741544,28,13,0,2,5,-5014001214255284386
railcut,3,Vandal,Rookie,0,104000003,true,33.599999999999376,30.772222222220478,125.9166666666608,856.7416199741544,28,13,0,2,5,-1337688657520743868
railcut,3,Vandal,Rookie,1,104007922,true,32.549999999999436,30.216666666664953,123.19999999999429,856.7416199741544,28,13,0,2,5,-7230981615358924032
railcut,3,Vandal,Club,0,104000003,true,32.083333333332796,29.588888888887208,120.84999999999442,856.7416199741544,28,13,0,2,5,-3306132975724831472
railcut,3,Vandal,Club,1,104007922,true,31.399999999999498,28.70555555555393,117.51666666666128,856.7416199741544,28,13,0,2,5,5634484862154762596
railcut,3,Vandal,Pro,0,104000003,true,31.133333333332846,28.50555555555394,116.64999999999466,856.7416199741544,28,13,0,2,5,-8962948928287669190
railcut,3,Vandal,Pro,1,104007922,true,30.49999999999955,27.961111111109528,114.38333333332812,856.7416199741544,28,13,0,2,5,-3885654393448841257
railcut,3,Vandal,Champion,0,104000003,true,30.99999999999952,28.438888888887277,116.31666666666135,856.7416199741544,28,13,0,2,5,-4054002273651923197
railcut,3,Vandal,Champion,1,104007922,true,30.366666666666223,27.93333333333175,114.16666666666147,856.7416199741544,28,13,0,2,5,-9073891987417219160
railcut,4,Kestrel,Rookie,0,104000003,true,30.349999999999557,28.466666666665052,115.74999999999471,856.7416199741544,28,13,0,2,5,2153185199044493903
railcut,4,Kestrel,Rookie,1,104007922,true,30.399999999999554,27.91111111110953,114.13333333332814,856.7416199741544,28,13,0,2,5,-2988165601568252802
railcut,4,Kestrel,Club,0,104000003,true,29.533333333332937,27.79444444444287,112.91666666666154,856.7416199741544,28,13,0,2,5,-3666009188156069529
railcut,4,Kestrel,Club,1,104007922,true,29.416666666666277,27.727777777776208,112.59999999999489,856.7416199741544,28,13,0,2,5,2633546717488361453
railcut,4,Kestrel,Pro,0,104000003,true,29.16666666666629,27.438888888887334,111.48333333332829,856.7416199741544,28,13,0,2,5,2199279476614233055
railcut,4,Kestrel,Pro,1,104007922,true,28.89999999999964,27.088888888887354,110.1666666666617,856.7416199741544,28,13,0,2,5,-6999931146003851799
railcut,4,Kestrel,Champion,0,104000003,true,29.09999999999963,27.433333333331777,111.39999999999496,856.7416199741544,28,13,0,2,5,3693949399463857038
railcut,4,Kestrel,Champion,1,104007922,true,28.849999999999643,27.199999999998457,110.44999999999501,856.7416199741544,28,13,0,2,5,-3475472342743371017
railcut,4,Bulwark,Rookie,0,104000003,true,32.399999999999444,29.838888888887197,121.91666666666103,856.7416199741544,28,13,0,2,5,-3169359165432153392
railcut,4,Bulwark,Rookie,1,104007922,true,30.7666666666662,29.19444444444279,118.34999999999457,856.7416199741544,28,13,0,2,5,8334006967096621546
railcut,4,Bulwark,Club,0,104000003,true,30.73333333333287,28.777777777776148,117.0666666666613,856.7416199741544,28,13,0,2,5,-4899634253994741756
railcut,4,Bulwark,Club,1,104007922,true,30.09999999999957,27.95555555555397,113.96666666666148,856.7416199741544,28,13,0,2,5,5850349834854517017
railcut,4,Bulwark,Pro,0,104000003,true,29.86666666666625,27.866666666665086,113.46666666666151,856.7416199741544,28,13,0,2,5,-3991982154998136855
railcut,4,Bulwark,Pro,1,104007922,true,29.266666666666286,27.366666666665115,111.36666666666163,856.7416199741544,28,13,0,2,5,-6781298902041548799
railcut,4,Bulwark,Champion,0,104000003,true,29.899999999999583,27.96666666666508,113.79999999999482,856.7416199741544,28,13,0,2,5,-107736614035398763
railcut,4,Bulwark,Champion,1,104007922,true,29.21666666666629,27.394444444442893,111.39999999999496,856.7416199741544,28,13,0,2,5,1395360407968857685
furnace,0,Needle,Rookie,0,104000003,true,44.13333333333211,42.116666666676345,170.48333333336114,1064.4857824579803,28,9,0,2,5,-5407478636985530672
furnace,0,Needle,Rookie,1,104007922,true,43.43333333333215,41.26666666667547,167.23333333335856,1064.4857824579803,28,9,0,2,5,-7432814127276580371
furnace,0,Needle,Club,0,104000003,true,43.23333333333216,41.51666666667561,167.783333333359,1064.4857824579803,28,9,0,2,5,-7708188180864566450
furnace,0,Needle,Club,1,104007922,true,42.56666666666553,40.73888888889703,164.7833333333566,1064.4857824579803,28,9,0,2,5,2430656853903379174
furnace,0,Needle,Pro,0,104000003,true,42.56666666666553,40.78888888889707,164.93333333335673,1064.4857824579803,28,9,0,2,5,1168558496190924059
furnace,0,Needle,Pro,1,104007922,true,42.14999999999889,40.300000000007664,163.0500000000219,1064.4857824579803,28,9,0,2,5,5093608174508252217
furnace,0,Needle,Champion,0,104000003,true,42.5333333333322,40.816666666674855,164.98333333335677,1064.4857824579803,28,9,0,2,5,-3568248237171543443
furnace,0,Needle,Champion,1,104007922,true,42.11666666666556,40.455555555563336,163.48333333335557,1064.4857824579803,28,9,0,2,5,-223095090930793855
furnace,0,Line,Rookie,0,104000003,true,45.949999999998674,42.84444444445521,174.48333333336433,1064.4857824579803,28,9,0,2,5,8813804777364144855
furnace,0,Line,Rookie,1,104007922,true,44.94999999999873,41.90000000000973,170.65000000002794,1064.4857824579803,28,9,0,2,5,6012312881255343244
furnace,0,Line,Club,0,104000003,true,44.26666666666544,41.46666666667587,168.66666666669303,1064.4857824579803,28,9,0,2,5,6613111633016249296
furnace,0,Line,Club,1,104007922,true,43.43333333333215,40.46666666667483,164.83333333335665,1064.4857824579803,28,9,0,2,5,731583907252386953
furnace,0,Line,Pro,0,104000003,true,42.89999999999885,39.955555555563166,162.76666666668834,1064.4857824579803,28,9,0,2,5,-4040856253135647629
furnace,0,Line,Pro,1,104007922,true,42.26666666666555,39.37222222222919,160.3833333333531,1064.4857824579803,28,9,0,2,5,7501158596409286036
furnace,0,Line,Champion,0,104000003,true,42.866666666665516,39.96666666667428,162.76666666668834,1064.4857824579803,28,9,0,2,5,-6098238772312190670
furnace,0,Line,Champion,1,104007922,true,42.23333333333222,39.31111111111802,160.16666666668627,1064.4857824579803,28,9,0,2,5,1711928017913308382
furnace,1,Bastion,Rookie,0,104000003,true,45.43333333333204,41.622222222231876,170.30000000002767,1064.4857824579803,28,9,0,2,5,-4203572017976485309
furnace,1,Bastion,Rookie,1,104007922,true,44.44999999999876,40.0944444444526,164.73333333335657,1064.4857824579803,28,9,0,2,5,5589781119180158294
furnace,1,Bastion,Club,0,104000003,true,43.49999999999881,39.4055555555629,161.7166666666875,1064.4857824579803,28,9,0,2,5,-85194052543787867
furnace,1,Bastion,Club,1,104007922,true,42.41666666666554,38.66666666667311,158.41666666668488,1064.4857824579803,28,9,0,2,5,-8703987074349449099
furnace,1,Bastion,Pro,0,104000003,true,41.88333333333224,38.01111111111688,155.9166666666829,1064.4857824579803,28,9,0,2,5,-156719263145240635
furnace,1,Bastion,Pro,1,104007922,true,41.14999999999895,37.26111111111607,152.93333333334718,1064.4857824579803,28,9,0,2,5,3673165879909907560
furnace,1,Bastion,Champion,0,104000003,true,41.816666666665576,37.90555555556122,155.53333333334925,1064.4857824579803,28,9,0,2,5,4875322076084815037
furnace,1,Bastion,Champion,1,104007922,true,41.083333333332284,37.18888888889378,152.65000000001362,1064.4857824579803,28,9,0,2,5,-4785695693680299282
furnace,2,Comet,Rookie,0,104000003,true,39.716666666665695,37.11111111111555,151.05000000001235,1064.4857824579803,28,9,0,2,5,2910621025554025795
furnace,2,Comet,Rookie,1,104007922,true,38.21666666666578,35.72222222222513,145.38333333334117,1064.4857824579803,28,9,0,2,5,4502840613479493271
furnace,2,Comet,Club,0,104000003,true,38.09999999999912,35.65555555555838,145.06666666667425,1064.4857824579803,28,9,0,2,5,6564008687046525316
furnace,2,Comet,Club,1,104007922,true,37.01666666666585,34.80555555555739,141.43333333333803,1064.4857824579803,28,9,0,2,5,549925477438955820
furnace,2,Comet,Pro,0,104000003,true,36.78333333333253,34.44444444444593,140.1166666666703,1064.4857824579803,28,9,0,2,5,-844696645033727102
furnace,2,Comet,Pro,1,104007922,true,36.016666666665905,33.86666666666747,137.61666666666832,1064.4857824579803,28,9,0,2,5,2698325146656986800
furnace,2,Comet,Champion,0,104000003,true,36.63333333333254,34.300000000001326,139.53333333333651,1064.4857824579803,28,9,0,2,5,-581402861840686242
furnace,2,Comet,Champion,1,104007922,true,36.19999999999923,33.84444444444529,137.73333333333508,1064.4857824579803,28,9,0,2,5,8899146591607391505
furnace,1,Trail,Rookie,0,104000003,true,40.416666666665655,38.60555555556138,156.2333333333498,1064.4857824579803,28,9,0,2,5,4709283738530493233
furnace,1,Trail,Rookie,1,104007922,true,39.716666666665695,37.672222222227106,152.73333333334702,1064.4857824579803,28,9,0,2,5,-3149091677779966604
furnace,1,Trail,Club,0,104000003,true,40.033333333332344,38.04444444444972,154.1666666666815,1064.4857824579803,28,9,0,2,5,6700282186649852751
furnace,1,Trail,Club,1,104007922,true,39.58333333333237,37.63888888889371,152.5000000000135,1064.4857824579803,28,9,0,2,5,5562964003978467373
furnace,1,Trail,Pro,0,104000003,true,39.683333333332364,37.78888888889386,153.05000000001394,1064.4857824579803,28,9,0,2,5,4816451392520206148
furnace,1,Trail,Pro,1,104007922,true,39.53333333333237,37.47777777778246,151.96666666667974,1064.4857824579803,28,9,0,2,5,-4440350353407375263
furnace,1,Trail,Champion,0,104000003,true,39.76666666666569,37.80000000000501,153.1666666666807,1064.4857824579803,28,9,0,2,5,5087780183965663025
furnace,1,Trail,Champion,1,104007922,true,39.39999999999905,37.50555555556022,151.9166666666797,1064.4857824579803,28,9,0,2,5,-7777846936199731605
furnace,2,Flint,Rookie,0,104000003,true,38.94999999999907,37.20555555555985,150.56666666667863,1064.4857824579803,28,9,0,2,5,-4205390311340931721
furnace,2,Flint,Rookie,1,104007922,true,38.79999999999908,36.80555555555949,149.21666666667755,1064.4857824579803,28,9,0,2,5,4431043870663623126
furnace,2,Flint,Club,0,104000003,true,38.28333333333244,36.605555555559185,148.10000000001,1064.4857824579803,28,9,0,2,5,-518623776153471545
furnace,2,Flint,Club,1,104007922,true,38.116666666665786,36.3055555555589,147.03333333334248,1064.4857824579803,28,9,0,2,5,849218550265762298
furnace,2,Flint,Pro,0,104000003,true,37.74999999999914,36.14444444444755,146.1833333333418,1064.4857824579803,28,9,0,2,5,-7316944600473168483
furnace,2,Flint,Pro,1,104007922,true,37.649999999999146,35.90555555555844,145.3666666666745,1064.4857824579803,28,9,0,2,5,40038657641596893
furnace,2,Flint,Champion,0,104000003,true,37.83333333333247,36.13333333333646,146.23333333334185,1064.4857824579803,28,9,0,2,5,1927321968368698363
furnace,2,Flint,Champion,1,104007922,true,37.649999999999146,35.92777777778068,145.4333333333412,1064.4857824579803,28,9,0,2,5,3502498627135164719
furnace,3,Quill,Rookie,0,104000003,true,37.183333333332506,35.766666666669316,144.48333333334045,1064.4857824579803,28,9,0,2,5,2799567860950391628
furnace,3,Quill,Rookie,1,104007922,true,37.183333333332506,35.26666666666892,142.98333333333926,1064.4857824579803,28,9,0,2,5,-1293156156189848866
furnace,3,Quill,Club,0,104000003,true,36.89999999999919,35.05555555555756,142.06666666667186,1064.4857824579803,28,9,0,2,5,-8501473204872249487
furnace,3,Quill,Club,1,104007922,true,36.599999999999206,34.888888888890676,141.26666666667123,1064.4857824579803,28,9,0,2,5,-8549989806564557487
furnace,3,Quill,Pro,0,104000003,true,36.29999999999922,34.62222222222371,140.16666666667035,1064.4857824579803,28,9,0,2,5,-2938127444838553747
furnace,3,Quill,Pro,1,104007922,true,36.08333333333257,34.37777777777901,139.2166666666696,1064.4857824579803,28,9,0,2,5,-25019095681376160
furnace,3,Quill,Champion,0,104000003,true,36.366666666665886,34.66666666666821,140.3666666666705,1064.4857824579803,28,9,0,2,5,-4568331623304826005
furnace,3,Quill,Champion,1,104007922,true,36.1166666666659,34.383333333334576,139.26666666666964,1064.4857824579803,28,9,0,2,5,-6368599903044801700
furnace,3,Vandal,Rookie,0,104000003,true,37.966666666665795,35.727777777780624,145.15000000000765,1064.4857824579803,28,9,0,2,5,-1737832412440086837
furnace,3,Vandal,Rookie,1,104007922,true,37.11666666666584,34.83888888889078,141.6333333333382,1064.4857824579803,28,9,0,2,5,1664045500476356544
furnace,3,Vandal,Club,0,104000003,true,37.19999999999917,34.22777777777921,139.8833333333368,1064.4857824579803,28,9,0,2,5,5356159713964354773
furnace,3,Vandal,Club,1,104007922,true,36.216666666665894,33.53333333333393,136.8166666666677,1064.4857824579803,28,9,0,2,5,-6578148753653727046
furnace,3,Vandal,Pro,0,104000003,true,35.83333333333258,33.19444444444466,135.41666666666657,1064.4857824579803,28,9,0,2,5,4130203475662489506
furnace,3,Vandal,Pro,1,104007922,true,35.14999999999929,32.58333333333287,132.8999999999979,1064.4857824579803,28,9,0,2,5,-4948644567242575994
furnace,3,Vandal,Champion,0,104000003,true,35.81666666666592,33.272222222222496,135.6333333333334,1064.4857824579803,28,9,0,2,5,-4633448491070988467
furnace,3,Vandal,Champion,1,104007922,true,35.23333333333262,32.683333333332975,133.28333333333154,1064.4857824579803,28,9,0,2,5,1833817447701055871
furnace,4,Kestrel,Rookie,0,104000003,true,35.59999999999926,33.48333333333372,136.0500000000004,1064.4857824579803,28,9,0,2,5,8872999755115775434
furnace,4,Kestrel,Rookie,1,104007922,true,35.049999999999294,33.438888888889075,135.36666666666653,1064.4857824579803,28,9,0,2,5,-8632593505176401056
furnace,4,Kestrel,Club,0,104000003,true,34.966666666665965,33.03333333333318,134.0666666666655,1064.4857824579803,28,9,0,2,5,4461634550742450394
furnace,4,Kestrel,Club,1,104007922,true,34.48333333333266,32.82777777777732,132.96666666666462,1064.4857824579803,28,9,0,2,5,7221191397164477560
furnace,4,Kestrel,Pro,0,104000003,true,34.366666666666,32.67222222222161,132.38333333333082,1064.4857824579803,28,9,0,2,5,5642179920444361494
furnace,4,Kestrel,Pro,1,104007922,true,34.149999999999345,32.44444444444358,131.4833333333301,1064.4857824579803,28,9,0,2,5,8413919088347094451
furnace,4,Kestrel,Champion,0,104000003,true,34.366666666666,32.69999999999941,132.46666666666422,1064.4857824579803,28,9,0,2,5,-6483171094185171704
furnace,4,Kestrel,Champion,1,104007922,true,34.09999999999935,32.494444444443616,131.5833333333302,1064.4857824579803,28,9,0,2,5,-582806078551326797
furnace,4,Bulwark,Rookie,0,104000003,true,37.2833333333325,34.54444444444615,140.91666666667095,1064.4857824579803,28,9,0,2,5,-7030369265051741293
furnace,4,Bulwark,Rookie,1,104007922,true,35.633333333332594,33.300000000000246,135.53333333333333,1064.4857824579803,28,9,0,2,5,4223350125756747062
furnace,4,Bulwark,Club,0,104000003,true,35.59999999999926,33.6111111111116,136.43333333333405,1064.4857824579803,28,9,0,2,5,-6698670182588460604
furnace,4,Bulwark,Club,1,104007922,true,35.06666666666596,33.11666666666661,134.41666666666578,1064.4857824579803,28,9,0,2,5,-4674219087612875853
furnace,4,Bulwark,Pro,0,104000003,true,34.76666666666598,32.61111111111057,132.59999999999766,1064.4857824579803,28,9,0,2,5,4691358057029847183
furnace,4,Bulwark,Pro,1,104007922,true,34.11666666666601,32.1222222222211,130.4833333333293,1064.4857824579803,28,9,0,2,5,4474665129448106452
furnace,4,Bulwark,Champion,0,104000003,true,34.59999999999932,32.7111111111106,132.7333333333311,1064.4857824579803,28,9,0,2,5,-2507304917526168479
furnace,4,Bulwark,Champion,1,104007922,true,34.04999999999935,32.233333333332276,130.7499999999962,1064.4857824579803,28,9,0,2,5,-2695621066697447396
crown,0,Needle,Rookie,0,104000003,true,44.349999999998765,42.43333333334332,171.65000000002874,1087.0527634660389,24,17,0,2,5,-4161157174809398903
crown,0,Needle,Rookie,1,104007922,true,43.39999999999882,41.38888888889778,167.56666666669216,1087.0527634660389,24,17,0,2,5,-8855615508988901040
crown,0,Needle,Club,0,104000003,true,43.58333333333214,41.62777777778691,168.46666666669287,1087.0527634660389,24,17,0,2,5,-9207046909675317779
crown,0,Needle,Club,1,104007922,true,42.749999999998856,40.94444444445279,165.58333333335725,1087.0527634660389,24,17,0,2,5,567824868338651406
crown,0,Needle,Pro,0,104000003,true,43.01666666666551,41.30000000000871,166.91666666669164,1087.0527634660389,24,17,0,2,5,-3595387061764365850
crown,0,Needle,Pro,1,104007922,true,42.66666666666553,40.8722222222305,165.283333333357,1087.0527634660389,24,17,0,2,5,6364403217567010738
crown,0,Needle,Champion,0,104000003,true,43.1166666666655,41.3888888888977,167.2833333333586,1087.0527634660389,24,17,0,2,5,7654849355800284632
crown,0,Needle,Champion,1,104007922,true,42.68333333333219,41.00555555556394,165.700000000024,1087.0527634660389,24,17,0,2,5,-2525046463249509985
crown,0,Line,Rookie,0,104000003,true,45.84999999999868,42.977777777788624,174.78333333336457,1087.0527634660389,24,17,0,2,5,7712719110228544279
crown,0,Line,Rookie,1,104007922,true,45.133333333332054,41.65555555556515,170.1000000000275,1087.0527634660389,24,17,0,2,5,1857238946235239623
crown,0,Line,Club,0,104000003,true,44.21666666666544,41.19444444445341,167.80000000002568,1087.0527634660389,24,17,0,2,5,7986500377046929324
crown,0,Line,Club,1,104007922,true,43.46666666666548,40.52777777778601,165.0500000000235,1087.0527634660389,24,17,0,2,5,-3910368540351806803
crown,0,Line,Pro,0,104000003,true,43.099999999998836,40.07222222222998,163.31666666668877,1087.0527634660389,24,17,0,2,5,519093200430389841
crown,0,Line,Pro,1,104007922,true,42.29999999999888,39.47222222222928,160.7166666666867,1087.0527634660389,24,17,0,2,5,-6683586968939019804
crown,0,Line,Champion,0,104000003,true,42.89999999999885,40.005555555563205,162.91666666668846,1087.0527634660389,24,17,0,2,5,3813438077938645599
crown,0,Line,Champion,1,104007922,true,42.283333333332216,39.33333333334027,160.28333333335303,1087.0527634660389,24,17,0,2,5,535613325843023002
crown,1,Bastion,Rookie,0,104000003,true,45.58333333333203,41.75555555556536,170.8500000000281,1087.0527634660389,24,17,0,2,5,59893011744194560
crown,1,Bastion,Rookie,1,104007922,true,44.16666666666544,40.388888888897206,165.33333333335705,1087.0527634660389,24,17,0,2,5,3358029650734483581
crown,1,Bastion,Club,0,104000003,true,43.71666666666547,39.811111111118834,163.15000000002198,1087.0527634660389,24,17,0,2,5,-1461652124836259285
crown,1,Bastion,Club,1,104007922,true,42.483333333332205,38.53333333333969,158.08333333335128,1087.0527634660389,24,17,0,2,5,-5296409066074746769
crown,1,Bastion,Pro,0,104000003,true,41.933333333332236,38.166666666672576,156.43333333334996,1087.0527634660389,24,17,0,2,5,-1019183837538100568
crown,1,Bastion,Pro,1,104007922,true,41.28333333333227,37.516666666671874,153.8333333333479,1087.0527634660389,24,17,0,2,5,2000597165923041157
crown,1,Bastion,Champion,0,104000003,true,41.933333333332236,38.172222222228136,156.45000000001664,1087.0527634660389,24,17,0,2,5,-8832298702639275442
crown,1,Bastion,Champion,1,104007922,true,41.09999999999895,37.294444444449425,152.98333333334722,1087.0527634660389,24,17,0,2,5,-3130756408127174954
crown,2,Comet,Rookie,0,104000003,true,39.41666666666571,36.811111111115224,149.8500000000114,1087.0527634660389,24,17,0,2,5,-3468259622354937385
crown,2,Comet,Rookie,1,104007922,true,38.3999999999991,35.905555555558664,146.1166666666751,1087.0527634660389,24,17,0,2,5,1790855578341294631
crown,2,Comet,Club,0,104000003,true,37.93333333333246,35.40000000000257,144.13333333334018,1087.0527634660389,24,17,0,2,5,140196806066586368
crown,2,Comet,Club,1,104007922,true,37.34999999999916,34.80555555555748,141.76666666667163,1087.0527634660389,24,17,0,2,5,-4280425680825854253
crown,2,Comet,Pro,0,104000003,true,37.01666666666585,34.55000000000163,140.66666666667075,1087.0527634660389,24,17,0,2,5,2510993715757548054
crown,2,Comet,Pro,1,104007922,true,36.18333333333256,34.050000000001,138.33333333333556,1087.0527634660389,24,17,0,2,5,759060930983567830
crown,2,Comet,Champion,0,104000003,true,36.73333333333253,34.47777777777927,140.16666666667035,1087.0527634660389,24,17,0,2,5,5023858346141289748
crown,2,Comet,Champion,1,104007922,true,36.29999999999922,34.061111111112155,138.48333333333568,1087.0527634660389,24,17,0,2,5,-1997708410374790752
crown,1,Trail,Rookie,0,104000003,true,40.966666666665624,38.688888888894944,157.03333333335044,1087.0527634660389,24,17,0,2,5,4759001690536581258
crown,1,Trail,Rookie,1,104007922,true,40.33333333333233,38.2388888888944,155.05000000001553,1087.0527634660389,24,17,0,2,5,5543043795521348619
crown,1,Trail,Club,0,104000003,true,40.56666666666565,38.52777777778359,156.1500000000164,1087.0527634660389,24,17,0,2,5,2862794066614270524
crown,1,Trail,Club,1,104007922,true,40.066666666665675,38.06111111111641,154.2500000000149,1087.0527634660389,24,17,0,2,5,7598441619217461518
crown,1,Trail,Pro,0,104000003,true,40.383333333332324,38.416666666672334,155.63333333334933,1087.0527634660389,24,17,0,2,5,-2440067185004680744
crown,1,Trail,Pro,1,104007922,true,40.066666666665675,38.00000000000525,154.0666666666814,1087.0527634660389,24,17,0,2,5,739661936012202194
crown,1,Trail,Champion,0,104000003,true,40.416666666665655,38.48333333333906,155.86666666668285,1087.0527634660389,24,17,0,2,5,-6608122396775878096
crown,1,Trail,Champion,1,104007922,true,40.033333333332344,38.072222222227516,154.2500000000149,1087.0527634660389,24,17,0,2,5,5436255354183669361
crown,2,Flint,Rookie,0,104000003,true,39.29999999999905,37.31666666667115,151.2500000000125,1087.0527634660389,24,17,0,2,5,-3812871656472037647
crown,2,Flint,Rookie,1,104007922,true,38.94999999999907,36.97222222222633,149.86666666667807,1087.0527634660389,24,17,0,2,5,1419823214476870876
crown,2,Flint,Club,0,104000003,true,38.36666666666577,36.66666666667037,148.36666666667688,1087.0527634660389,24,17,0,2,5,-3021682402066658752
crown,2,Flint,Club,1,104007922,true,38.349999999999106,36.3833333333368,147.50000000000952,1087.0527634660389,24,17,0,2,5,6802772777745638815
crown,2,Flint,Pro,0,104000003,true,38.04999999999912,36.394444444447835,147.23333333334264,1087.0527634660389,24,17,0,2,5,1425803874859851134
crown,2,Flint,Pro,1,104007922,true,37.78333333333247,36.144444444447565,146.21666666667517,1087.0527634660389,24,17,0,2,5,-6557513245915916790
crown,2,Flint,Champion,0,104000003,true,38.14999999999912,36.39444444444786,147.33333333334272,1087.0527634660389,24,17,0,2,5,-4163076864773419566
crown,2,Flint,Champion,1,104007922,true,37.8666666666658,36.22777777778099,146.55000000000877,1087.0527634660389,24,17,0,2,5,1839940994730330051
crown,3,Quill,Rookie,0,104000003,true,37.79999999999914,35.89444444444737,145.48333333334125,1087.0527634660389,24,17,0,2,5,349062100643675158
crown,3,Quill,Rookie,1,104007922,true,37.51666666666582,35.42222222222469,143.7833333333399,1087.0527634660389,24,17,0,2,5,-8490757433686368078
crown,3,Quill,Club,0,104000003,true,37.08333333333251,35.12777777777989,142.46666666667218,1087.0527634660389,24,17,0,2,5,-3747680927698715618
crown,3,Quill,Club,1,104007922,true,36.7499999999992,34.92777777777963,141.5333333333381,1087.0527634660389,24,17,0,2,5,-7689504193147999905
crown,3,Quill,Pro,0,104000003,true,36.51666666666588,34.83333333333505,141.01666666667103,1087.0527634660389,24,17,0,2,5,6161436797975335999
crown,3,Quill,Pro,1,104007922,true,36.29999999999922,34.52777777777919,139.8833333333368,1087.0527634660389,24,17,0,2,5,-5937953377066201554
crown,3,Quill,Champion,0,104000003,true,36.566666666665874,34.85000000000175,141.1166666666711,1087.0527634660389,24,17,0,2,5,797461116326815646
crown,3,Quill,Champion,1,104007922,true,36.26666666666589,34.600000000001465,140.06666666667027,1087.0527634660389,24,17,0,2,5,4347199410973653690
crown,3,Vandal,Rookie,0,104000003,true,38.61666666666576,35.66666666666964,145.6166666666747,1087.0527634660389,24,17,0,2,5,-879796351756532496
crown,3,Vandal,Rookie,1,104007922,true,38.01666666666579,34.800000000002115,142.41666666667214,1087.0527634660389,24,17,0,2,5,-8181561385072137985
crown,3,Vandal,Club,0,104000003,true,36.96666666666585,34.472222222223785,140.3833333333372,1087.0527634660389,24,17,0,2,5,8803959462177158701
crown,3,Vandal,Club,1,104007922,true,36.39999999999922,33.827777777778664,137.8833333333352,1087.0527634660389,24,17,0,2,5,2464673120180258831
crown,3,Vandal,Pro,0,104000003,true,36.0666666666659,33.338888888889294,136.08333333333377,1087.0527634660389,24,17,0,2,5,-226533401968529818
crown,3,Vandal,Pro,1,104007922,true,35.24999999999928,32.744444444444134,133.4833333333317,1087.0527634660389,24,17,0,2,5,-3819943372893518290
crown,3,Vandal,Champion,0,104000003,true,35.983333333332574,33.327777777778145,135.966666666667,1087.0527634660389,24,17,0,2,5,-8401164895716243892
crown,3,Vandal,Champion,1,104007922,true,35.24999999999928,32.716666666666335,133.3999999999983,1087.0527634660389,24,17,0,2,5,-6162953615980085128
crown,4,Kestrel,Rookie,0,104000003,true,35.79999999999925,33.605555555556094,136.61666666666753,1087.0527634660389,24,17,0,2,5,408624722128928571
crown,4,Kestrel,Rookie,1,104007922,true,35.38333333333261,33.372222222222454,135.49999999999997,1087.0527634660389,24,17,0,2,5,-1654223062745951855
crown,4,Kestrel,Club,0,104000003,true,35.06666666666596,33.21111111111113,134.69999999999933,1087.0527634660389,24,17,0,2,5,4804293936199323809
crown,4,Kestrel,Club,1,104007922,true,34.9999999999993,33.02222222222207,134.0666666666655,1087.0527634660389,24,17,0,2,5,1168852767546461413
crown,4,Kestrel,Pro,0,104000003,true,34.64999999999932,33.02777777777752,133.7333333333319,1087.0527634660389,24,17,0,2,5,-4977279454117045968
crown,4,Kestrel,Pro,1,104007922,true,34.44999999999933,32.68888888888831,132.51666666666426,1087.0527634660389,24,17,0,2,5,-3129929033002390740
crown,4,Kestrel,Champion,0,104000003,true,34.71666666666598,33.055555555555344,133.88333333333202,1087.0527634660389,24,17,0,2,5,-3195175273088412771
crown,4,Kestrel,Champion,1,104007922,true,34.44999999999933,32.77222222222171,132.76666666666446,1087.0527634660389,24,17,0,2,5,6278537466038680624
crown,4,Bulwark,Rookie,0,104000003,true,37.36666666666583,34.6388888888907,141.2833333333379,1087.0527634660389,24,17,0,2,5,1756786947722794043
crown,4,Bulwark,Rookie,1,104007922,true,35.71666666666592,33.544444444444906,136.35000000000065,1087.0527634660389,24,17,0,2,5,5331856075280814625
crown,4,Bulwark,Club,0,104000003,true,35.84999999999925,33.8277777777785,137.33333333333476,1087.0527634660389,24,17,0,2,5,3601150347198357722
crown,4,Bulwark,Club,1,104007922,true,35.11666666666596,32.87777777777754,133.74999999999858,1087.0527634660389,24,17,0,2,5,3912140528091767634
crown,4,Bulwark,Pro,0,104000003,true,34.816666666665974,32.90555555555525,133.53333333333174,1087.0527634660389,24,17,0,2,5,-2686162792979629124
crown,4,Bulwark,Pro,1,104007922,true,34.19999999999934,32.333333333332405,131.19999999999655,1087.0527634660389,24,17,0,2,5,-4045537464111188375
crown,4,Bulwark,Champion,0,104000003,true,34.91666666666597,32.89999999999972,133.61666666666514,1087.0527634660389,24,17,0,2,5,-1416240320295803325
crown,4,Bulwark,Champion,1,104007922,true,34.266666666666005,32.355555555554666,131.33333333333,1087.0527634660389,24,17,0,2,5,4474944162117369719
scree,0,Needle,Rookie,0,104000003,true,37.149999999999174,35.138888888891024,142.56666666667226,800.0474952515643,18,12,4,2,5,6582399606057679217
scree,0,Needle,Rookie,1,104007922,true,35.79999999999925,33.92222222222301,137.56666666666828,800.0474952515643,18,12,4,2,5,-2703072411731561696
scree,0,Needle,Club,0,104000003,true,35.79999999999925,33.93333333333413,137.60000000000164,800.0474952515643,18,12,4,2,5,3298247687897460596
scree,0,Needle,Club,1,104007922,true,34.83333333333264,33.0111111111109,133.86666666666534,800.0474952515643,18,12,4,2,5,-8981523072558930614
scree,0,Needle,Pro,0,104000003,true,34.616666666665985,32.944444444444116,133.44999999999834,800.0474952515643,18,12,4,2,5,-2836562775064243716
scree,0,Needle,Pro,1,104007922,true,34.24999999999934,32.46111111111029,131.63333333333023,800.0474952515643,18,12,4,2,5,1690697719280394831
scree,0,Needle,Champion,0,104000003,true,34.64999999999932,32.9055555555552,133.36666666666494,800.0474952515643,18,12,4,2,5,2072319116124734084
scree,0,Needle,Champion,1,104007922,true,34.366666666666,32.577777777777094,132.09999999999727,800.0474952515643,18,12,4,2,5,-5691682191272234838
scree,0,Line,Rookie,0,104000003,true,39.39999999999905,36.566666666670585,149.1000000000108,800.0474952515643,18,12,4,2,5,2588136217011355712
scree,0,Line,Rookie,1,104007922,true,37.58333333333248,34.716666666668594,141.73333333333827,800.0474952515643,18,12,4,2,5,8414164100133568479
scree,0,Line,Club,0,104000003,true,37.616666666665814,34.6055555555574,141.43333333333803,800.0474952515643,18,12,4,2,5,5787354588301873343
scree,0,Line,Club,1,104007922,true,36.54999999999921,33.5777777777785,137.28333333333472,800.0474952515643,18,12,4,2,5,1807512882141612081
scree,0,Line,Pro,0,104000003,true,36.34999999999922,33.516666666667284,136.90000000000109,800.0474952515643,18,12,4,2,5,5768368146935056247
scree,0,Line,Pro,1,104007922,true,35.71666666666592,32.73333333333315,133.91666666666538,800.0474952515643,18,12,4,2,5,3207436618311507944
scree,0,Line,Champion,0,104000003,true,36.249999999999226,33.394444444444936,136.43333333333405,800.0474952515643,18,12,4,2,5,-321347454703816576
scree,0,Line,Champion,1,104007922,true,35.549999999999265,32.63888888888858,133.46666666666502,800.0474952515643,18,12,4,2,5,-1433118204093855235
scree,1,Bastion,Rookie,0,104000003,true,39.64999999999903,35.91666666667013,147.40000000000944,800.0474952515643,18,12,4,2,5,-2543309917096632632
scree,1,Bastion,Rookie,1,104007922,true,37.68333333333248,34.216666666668225,140.33333333333715,800.0474952515643,18,12,4,2,5,905298571931425078
scree,1,Bastion,Club,0,104000003,true,37.79999999999914,33.73333333333454,139.00000000000276,800.0474952515643,18,12,4,2,5,1186085050546995505
scree,1,Bastion,Club,1,104007922,true,36.41666666666588,32.46111111111091,133.79999999999862,800.0474952515643,18,12,4,2,5,-6998041485109867454
scree,1,Bastion,Pro,0,104000003,true,36.099999999999234,32.416666666666345,133.34999999999826,800.0474952515643,18,12,4,2,5,-379806043705581615
scree,1,Bastion,Pro,1,104007922,true,35.24999999999928,31.505555555554263,129.76666666666208,800.0474952515643,18,12,4,2,5,3545364668605608297
scree,1,Bastion,Champion,0,104000003,true,36.0666666666659,32.41666666666634,133.3166666666649,800.0474952515643,18,12,4,2,5,-2714734350750370649
scree,1,Bastion,Champion,1,104007922,true,35.09999999999929,31.466666666665304,129.4999999999952,800.0474952515643,18,12,4,2,5,-5261783294156122874
scree,2,Comet,Rookie,0,104000003,true,34.033333333332685,31.583333333331762,128.78333333332796,800.0474952515643,18,12,4,2,5,2474569398757625623
scree,2,Comet,Rookie,1,104007922,true,33.06666666666607,30.188888888887174,123.6333333333276,800.0474952515643,18,12,4,2,5,3032793609653691973
scree,2,Comet,Club,0,104000003,true,32.199999999999456,29.999999999998295,122.19999999999435,800.0474952515643,18,12,4,2,5,2090973026959705660
scree,2,Comet,Club,1,104007922,true,31.283333333332838,29.116666666665015,118.63333333332788,800.0474952515643,18,12,4,2,5,9043379327469430942
scree,2,Comet,Pro,0,104000003,true,31.266666666666172,28.944444444442805,118.09999999999458,800.0474952515643,18,12,4,2,5,-7739511531507866530
scree,2,Comet,Pro,1,104007922,true,30.56666666666621,28.34444444444284,115.59999999999472,800.0474952515643,18,12,4,2,5,1203771917474746737
scree,2,Comet,Champion,0,104000003,true,30.96666666666619,28.722222222220594,117.13333333332797,800.0474952515643,18,12,4,2,5,-7940214770638441709
scree,2,Comet,Champion,1,104007922,true,30.56666666666621,28.361111111109505,115.64999999999472,800.0474952515643,18,12,4,2,5,5351238271342882547
scree,1,Trail,Rookie,0,104000003,true,33.63333333333271,31.48333333333157,128.0833333333274,800.0474952515643,18,12,4,2,5,-7882667486419993217
scree,1,Trail,Rookie,1,104007922,true,32.316666666666116,29.999999999998295,122.316666666661,800.0474952515643,18,12,4,2,5,3209880173109393211
scree,1,Trail,Club,0,104000003,true,32.53333333333277,30.461111111109386,123.91666666666092,800.0474952515643,18,12,4,2,5,7117712254812567170
scree,1,Trail,Club,1,104007922,true,31.716666666666146,29.666666666664984,120.7166666666611,800.0474952515643,18,12,4,2,5,8302348755159868950
scree,1,Trail,Pro,0,104000003,true,31.733333333332812,29.877777777776085,121.36666666666106,800.0474952515643,18,12,4,2,5,-6778708582442696555
scree,1,Trail,Pro,1,104007922,true,31.183333333332843,29.188888888887234,118.74999999999454,800.0474952515643,18,12,4,2,5,7023211468748941394
scree,1,Trail,Champion,0,104000003,true,31.749999999999478,29.83333333333164,121.2499999999944,800.0474952515643,18,12,4,2,5,1673753908752121928
scree,1,Trail,Champion,1,104007922,true,31.149999999999512,29.261111111109454,118.93333333332787,800.0474952515643,18,12,4,2,5,-6293438269774579038
scree,2,Flint,Rookie,0,104000003,true,32.59999999999943,30.894444444442694,125.2833333333275,800.0474952515643,18,12,4,2,5,507761917155023416
scree,2,Flint,Rookie,1,104007922,true,31.799999999999475,29.633333333331652,120.69999999999443,800.0474952515643,18,12,4,2,5,-838122816968772310
scree,2,Flint,Club,0,104000003,true,31.66666666666615,29.86111111110942,121.2499999999944,800.0474952515643,18,12,4,2,5,4592300732971088205
scree,2,Flint,Club,1,104007922,true,30.949999999999523,29.0444444444428,118.08333333332791,800.0474952515643,18,12,4,2,5,-5853173885229601587
scree,2,Flint,Pro,0,104000003,true,30.833333333332863,29.188888888887234,118.39999999999456,800.0474952515643,18,12,4,2,5,8614530329473118712
scree,2,Flint,Pro,1,104007922,true,30.26666666666623,28.594444444442825,116.0499999999947,800.0474952515643,18,12,4,2,5,5780043102533117041
scree,2,Flint,Champion,0,104000003,true,30.899999999999526,29.199999999998344,118.49999999999456,800.0474952515643,18,12,4,2,5,6732421082136020218
scree,2,Flint,Champion,1,104007922,true,30.249999999999563,28.644444444442822,116.18333333332802,800.0474952515643,18,12,4,2,5,-4825775846376194609
scree,3,Quill,Rookie,0,104000003,true,31.866666666666138,29.516666666664992,120.41666666666111,800.0474952515643,18,12,4,2,5,1482473188795553634
scree,3,Quill,Rookie,1,104007922,true,30.699999999999537,28.63333333333171,116.59999999999467,800.0474952515643,18,12,4,2,5,-2217363728624658875
scree,3,Quill,Club,0,104000003,true,30.349999999999557,28.58888888888727,116.11666666666136,800.0474952515643,18,12,4,2,5,-1874365753423905974
scree,3,Quill,Club,1,104007922,true,29.79999999999959,27.999999999998412,113.79999999999482,800.0474952515643,18,12,4,2,5,1150161025908556696
scree,3,Quill,Pro,0,104000003,true,29.616666666666266,27.899999999998418,113.31666666666152,800.0474952515643,18,12,4,2,5,-7652522970476202050
scree,3,Quill,Pro,1,104007922,true,29.299999999999617,27.48888888888733,111.7666666666616,800.0474952515643,18,12,4,2,5,3057960806607548374
scree,3,Quill,Champion,0,104000003,true,29.63333333333293,27.91111111110953,113.36666666666152,800.0474952515643,18,12,4,2,5,2016918346544523668
scree,3,Quill,Champion,1,104007922,true,29.316666666666283,27.566666666665103,112.01666666666159,800.0474952515643,18,12,4,2,5,-8400866447653910973
scree,3,Vandal,Rookie,0,104000003,true,32.49999999999944,30.399999999998272,123.69999999999426,800.0474952515643,18,12,4,2,5,-3261064471776714271
scree,3,Vandal,Rookie,1,104007922,true,31.78333333333281,29.07777777777613,119.0166666666612,800.0474952515643,18,12,4,2,5,1256010756671646916
scree,3,Vandal,Club,0,104000003,true,31.483333333332826,28.605555555553934,117.29999999999463,800.0474952515643,18,12,4,2,5,-9168006333574118495
scree,3,Vandal,Club,1,104007922,true,30.716666666666203,27.77222222222065,114.03333333332814,800.0474952515643,18,12,4,2,5,4258405557468529054
scree,3,Vandal,Pro,0,104000003,true,30.349999999999557,27.777777777776205,113.68333333332816,800.0474952515643,18,12,4,2,5,-2918772954924213293
scree,3,Vandal,Pro,1,104007922,true,29.766666666666257,27.23333333333179,111.46666666666162,800.0474952515643,18,12,4,2,5,2202345784023564580
scree,3,Vandal,Champion,0,104000003,true,30.233333333332897,27.766666666665092,113.53333333332817,800.0474952515643,18,12,4,2,5,-8734419612894743853
scree,3,Vandal,Champion,1,104007922,true,29.699999999999594,27.133333333331795,111.09999999999498,800.0474952515643,18,12,4,2,5,1814549228725299707
scree,4,Kestrel,Rookie,0,104000003,true,29.649999999999597,27.49999999999844,112.14999999999492,800.0474952515643,18,12,4,2,5,3476638139982637354
scree,4,Kestrel,Rookie,1,104007922,true,28.616666666666323,26.56666666666516,108.3166666666618,800.0474952515643,18,12,4,2,5,-3138032909446715556
scree,4,Kestrel,Club,0,104000003,true,28.74999999999965,26.972222222220694,109.66666666666173,800.0474952515643,18,12,4,2,5,-3482332087330777392
scree,4,Kestrel,Club,1,104007922,true,28.066666666666354,26.18333333333185,106.6166666666619,800.0474952515643,18,12,4,2,5,-8320776206476882703
scree,4,Kestrel,Pro,0,104000003,true,27.88333333333303,26.255555555554068,106.64999999999523,800.0474952515643,18,12,4,2,5,4728946653664666604
scree,4,Kestrel,Pro,1,104007922,true,27.549999999999716,25.788888888887428,104.916666666662,800.0474952515643,18,12,4,2,5,-5382630657794226765
scree,4,Kestrel,Champion,0,104000003,true,27.88333333333303,26.19444444444296,106.46666666666191,800.0474952515643,18,12,4,2,5,-484923956986663327
scree,4,Kestrel,Champion,1,104007922,true,27.53333333333305,25.89999999999853,105.23333333332864,800.0474952515643,18,12,4,2,5,-6264744886655365933
scree,4,Bulwark,Rookie,0,104000003,true,31.949999999999466,28.88888888888725,118.61666666666122,800.0474952515643,18,12,4,2,5,8534629273809571659
scree,4,Bulwark,Rookie,1,104007922,true,30.316666666666226,28.299999999998395,115.21666666666141,800.0474952515643,18,12,4,2,5,-3563448625954879524
scree,4,Bulwark,Club,0,104000003,true,30.049999999999574,28.1999999999984,114.64999999999478,800.0474952515643,18,12,4,2,5,1652695401078965216
scree,4,Bulwark,Club,1,104007922,true,29.48333333333294,27.377777777776227,111.61666666666162,800.0474952515643,18,12,4,2,5,1115205189712607060
scree,4,Bulwark,Pro,0,104000003,true,29.44999999999961,27.455555555554,111.8166666666616,800.0474952515643,18,12,4,2,5,-6977779885204493625
scree,4,Bulwark,Pro,1,104007922,true,28.69999999999965,26.71666666666515,108.8499999999951,800.0474952515643,18,12,4,2,5,5627815309557706503
scree,4,Bulwark,Champion,0,104000003,true,29.316666666666283,27.394444444442893,111.49999999999496,800.0474952515643,18,12,4,2,5,7577256664852576715
scree,4,Bulwark,Champion,1,104007922,true,28.616666666666323,26.699999999998486,108.71666666666178,800.0474952515643,18,12,4,2,5,8448034101593535598
ballast,0,Needle,Rookie,0,104000003,true,36.716666666665866,34.961111111112984,141.60000000000483,805.6312545312903,20,13,4,2,5,-1725603842511168527
ballast,0,Needle,Rookie,1,104007922,true,35.666666666665925,33.63888888888942,136.58333333333417,805.6312545312903,20,13,4,2,5,9210146133996963385
ballast,0,Needle,Club,0,104000003,true,35.399999999999274,33.51666666666702,135.95000000000033,805.6312545312903,20,13,4,2,5,6121095801345489994
ballast,0,Needle,Club,1,104007922,true,34.616666666665985,32.67222222222168,132.63333333333102,805.6312545312903,20,13,4,2,5,2715681899952193600
ballast,0,Needle,Pro,0,104000003,true,34.28333333333267,32.433333333332506,131.5833333333302,805.6312545312903,20,13,4,2,5,-579231624667268737
ballast,0,Needle,Pro,1,104007922,true,33.93333333333269,32.04444444444321,130.06666666666231,805.6312545312903,20,13,4,2,5,-8575931187260918021
ballast,0,Needle,Champion,0,104000003,true,34.19999999999934,32.499999999999204,131.69999999999695,805.6312545312903,20,13,4,2,5,6032757808017496479
ballast,0,Needle,Champion,1,104007922,true,33.86666666666603,32.09444444444323,130.1499999999957,805.6312545312903,20,13,4,2,5,969123439020778602
ballast,0,Line,Rookie,0,104000003,true,40.01666666666568,36.933333333337714,150.81666666667883,805.6312545312903,20,13,4,2,5,7329594379293961196
ballast,0,Line,Rookie,1,104007922,true,38.74999999999908,35.511111111114,145.2833333333411,805.6312545312903,20,13,4,2,5,1142135265362994076
ballast,0,Line,Club,0,104000003,true,38.33333333333244,35.066666666669086,143.5333333333397,805.6312545312903,20,13,4,2,5,2373707426406967886
ballast,0,Line,Club,1,104007922,true,37.033333333332514,34.11666666666796,139.3833333333364,805.6312545312903,20,13,4,2,5,-8350454503298031232
ballast,0,Line,Pro,0,104000003,true,36.54999999999921,33.61111111111186,137.3833333333348,805.6312545312903,20,13,4,2,5,7390713198474570404
ballast,0,Line,Pro,1,104007922,true,35.61666666666593,32.67222222222196,133.63333333333182,805.6312545312903,20,13,4,2,5,7088215663046922267
ballast,0,Line,Champion,0,104000003,true,36.29999999999922,33.43333333333388,136.60000000000085,805.6312545312903,20,13,4,2,5,1870504972387353518
ballast,0,Line,Champion,1,104007922,true,35.5833333333326,32.627777777777474,133.46666666666502,805.6312545312903,20,13,4,2,5,44954590557397610
ballast,1,Bastion,Rookie,0,104000003,true,40.48333333333232,36.87222222222669,151.1000000000124,805.6312545312903,20,13,4,2,5,6079779980705132864
ballast,1,Bastion,Rookie,1,104007922,true,38.83333333333241,35.41111111111395,145.06666666667425,805.6312545312903,20,13,4,2,5,-4562897271857831904
ballast,1,Bastion,Club,0,104000003,true,38.68333333333242,35.066666666669185,143.88333333333998,805.6312545312903,20,13,4,2,5,-8812369314320417822
ballast,1,Bastion,Club,1,104007922,true,37.43333333333249,33.766666666667795,138.73333333333588,805.6312545312903,20,13,4,2,5,-7125356122667625697
ballast,1,Bastion,Pro,0,104000003,true,36.93333333333252,33.600000000000854,137.73333333333508,805.6312545312903,20,13,4,2,5,-1194704887175473627
ballast,1,Bastion,Pro,1,104007922,true,35.88333333333258,32.58333333333308,133.63333333333182,805.6312545312903,20,13,4,2,5,2162516374376001724
ballast,1,Bastion,Champion,0,104000003,true,36.799999999999194,33.46666666666738,137.20000000000132,805.6312545312903,20,13,4,2,5,-610378826103949793
ballast,1,Bastion,Champion,1,104007922,true,35.79999999999925,32.53333333333302,133.3999999999983,805.6312545312903,20,13,4,2,5,-3909562336502698461
ballast,2,Comet,Rookie,0,104000003,true,35.5833333333326,32.84444444444431,134.11666666666554,805.6312545312903,20,13,4,2,5,5583573968038090225
ballast,2,Comet,Rookie,1,104007922,true,34.51666666666599,31.688888888887533,129.5833333333286,805.6312545312903,20,13,4,2,5,8473889031371496673
ballast,2,Comet,Club,0,104000003,true,33.599999999999376,31.477777777775998,128.03333333332736,805.6312545312903,20,13,4,2,5,-4434850888989751648
ballast,2,Comet,Club,1,104007922,true,32.73333333333276,30.466666666664935,124.13333333332757,805.6312545312903,20,13,4,2,5,-901999388042064998
ballast,2,Comet,Pro,0,104000003,true,32.199999999999456,30.13333333333162,122.59999999999432,805.6312545312903,20,13,4,2,5,-8415936465811369623
ballast,2,Comet,Pro,1,104007922,true,31.599999999999486,29.366666666665,119.69999999999449,805.6312545312903,20,13,4,2,5,2087360746392124069
ballast,2,Comet,Champion,0,104000003,true,31.949999999999466,29.75555555555387,121.21666666666107,805.6312545312903,20,13,4,2,5,1893723052888707121
ballast,2,Comet,Champion,1,104007922,true,31.633333333332818,29.299999999998338,119.53333333332783,805.6312545312903,20,13,4,2,5,8388467864188418326
ballast,1,Trail,Rookie,0,104000003,true,33.26666666666606,31.04999999999824,126.41666666666077,805.6312545312903,20,13,4,2,5,4843729352998136900
ballast,1,Trail,Rookie,1,104007922,true,32.23333333333279,29.733333333331643,121.43333333332772,805.6312545312903,20,13,4,2,5,-8583051456628148633
ballast,1,Trail,Club,0,104000003,true,32.0333333333328,30.12222222222051,122.39999999999434,805.6312545312903,20,13,4,2,5,4139680310380146476
ballast,1,Trail,Club,1,104007922,true,31.31666666666617,29.399999999998332,119.51666666666117,805.6312545312903,20,13,4,2,5,8778736205594216596
ballast,1,Trail,Pro,0,104000003,true,31.516666666666158,29.54444444444277,120.14999999999446,805.6312545312903,20,13,4,2,5,2199161167594223983
ballast,1,Trail,Pro,1,104007922,true,30.916666666666192,28.877777777776142,117.54999999999461,805.6312545312903,20,13,4,2,5,7098659637519476922
ballast,1,Trail,Champion,0,104000003,true,31.533333333332823,29.605555555553877,120.34999999999445,805.6312545312903,20,13,4,2,5,2534195446114961985
ballast,1,Trail,Champion,1,104007922,true,30.866666666666195,28.949999999998358,117.71666666666127,805.6312545312903,20,13,4,2,5,-7992825139143507990
ballast,2,Flint,Rookie,0,104000003,true,33.016666666666076,30.972222222220466,125.93333333332747,805.6312545312903,20,13,4,2,5,-2993445923207961202
ballast,2,Flint,Rookie,1,104007922,true,31.849999999999472,29.827777777776088,121.33333333332773,805.6312545312903,20,13,4,2,5,-2493571291297261015
ballast,2,Flint,Club,0,104000003,true,31.599999999999486,29.605555555553877,120.41666666666111,805.6312545312903,20,13,4,2,5,2744329996832193313
ballast,2,Flint,Club,1,104007922,true,30.816666666666197,28.922222222220583,117.58333333332794,805.6312545312903,20,13,4,2,5,3057671283099069881
ballast,2,Flint,Pro,0,104000003,true,30.73333333333287,28.933333333331692,117.53333333332795,805.6312545312903,20,13,4,2,5,3912345666221059110
ballast,2,Flint,Pro,1,104007922,true,30.116666666666237,28.38888888888728,115.28333333332807,805.6312545312903,20,13,4,2,5,1155897884481393571
ballast,2,Flint,Champion,0,104000003,true,30.633333333332875,28.999999999998355,117.63333333332794,805.6312545312903,20,13,4,2,5,6714872921199132357
ballast,2,Flint,Champion,1,104007922,true,30.06666666666624,28.39999999999839,115.26666666666141,805.6312545312903,20,13,4,2,5,-1178558870364452469
ballast,3,Quill,Rookie,0,104000003,true,31.849999999999472,29.70555555555387,120.96666666666108,805.6312545312903,20,13,4,2,5,-7986095467830943658
ballast,3,Quill,Rookie,1,104007922,true,30.933333333332858,29.16111111110946,118.41666666666123,805.6312545312903,20,13,4,2,5,4638780542226650115
ballast,3,Quill,Club,0,104000003,true,30.56666666666621,28.672222222220597,116.583333333328,805.6312545312903,20,13,4,2,5,-5785772057888179451
ballast,3,Quill,Club,1,104007922,true,30.06666666666624,27.999999999998412,114.06666666666148,805.6312545312903,20,13,4,2,5,-2256554882653390931
ballast,3,Quill,Pro,0,104000003,true,29.433333333332943,27.766666666665092,112.73333333332822,805.6312545312903,20,13,4,2,5,6712102098105381809
ballast,3,Quill,Pro,1,104007922,true,29.199999999999623,27.366666666665115,111.29999999999497,805.6312545312903,20,13,4,2,5,-6715125820907437840
ballast,3,Quill,Champion,0,104000003,true,29.433333333332943,27.73333333333176,112.63333333332822,805.6312545312903,20,13,4,2,5,-7760173649086315744
ballast,3,Quill,Champion,1,104007922,true,29.21666666666629,27.449999999998443,111.56666666666162,805.6312545312903,20,13,4,2,5,-8403120555022758818
ballast,3,Vandal,Rookie,0,104000003,true,34.56666666666599,31.49444444444295,129.04999999999484,805.6312545312903,20,13,4,2,5,-1693175148624973703
ballast,3,Vandal,Rookie,1,104007922,true,32.783333333332756,29.999999999998295,122.78333333332765,805.6312545312903,20,13,4,2,5,-8624909937774069525
ballast,3,Vandal,Club,0,104000003,true,32.48333333333277,29.86666666666497,122.08333333332769,805.6312545312903,20,13,4,2,5,-3540730291421439629
ballast,3,Vandal,Club,1,104007922,true,31.23333333333284,28.73888888888726,117.44999999999462,805.6312545312903,20,13,4,2,5,-4246352380686958188
ballast,3,Vandal,Pro,0,104000003,true,30.899999999999526,28.42222222222061,116.16666666666136,805.6312545312903,20,13,4,2,5,-5055064248929610220
ballast,3,Vandal,Pro,1,104007922,true,30.26666666666623,27.60555555555399,113.0833333333282,805.6312545312903,20,13,4,2,5,6731191413171756236
ballast,3,Vandal,Champion,0,104000003,true,30.99999999999952,28.383333333331723,116.14999999999469,805.6312545312903,20,13,4,2,5,575099724729140038
ballast,3,Vandal,Champion,1,104007922,true,30.26666666666623,27.799999999998423,113.6666666666615,805.6312545312903,20,13,4,2,5,-8892821204012913444
ballast,4,Kestrel,Rookie,0,104000003,true,29.56666666666627,27.944444444442862,113.39999999999485,805.6312545312903,20,13,4,2,5,-3504847819764257853
ballast,4,Kestrel,Rookie,1,104007922,true,29.0166666666663,27.144444444442907,110.44999999999501,805.6312545312903,20,13,4,2,5,288179312440096628
ballast,4,Kestrel,Club,0,104000003,true,28.649999999999654,26.911111111109587,109.38333333332841,805.6312545312903,20,13,4,2,5,3307872299262546967
ballast,4,Kestrel,Club,1,104007922,true,28.11666666666635,26.272222222220734,106.93333333332855,805.6312545312903,20,13,4,2,5,-7190771014962224789
ballast,4,Kestrel,Pro,0,104000003,true,27.749999999999705,26.177777777776296,106.28333333332859,805.6312545312903,20,13,4,2,5,3087265821971171836
ballast,4,Kestrel,Pro,1,104007922,true,27.433333333333056,25.72777777777632,104.61666666666201,805.6312545312903,20,13,4,2,5,8242726629357630306
ballast,4,Kestrel,Champion,0,104000003,true,27.73333333333304,26.138888888887408,106.14999999999526,805.6312545312903,20,13,4,2,5,5571435763854034365
ballast,4,Kestrel,Champion,1,104007922,true,27.41666666666639,25.81111111110965,104.84999999999533,805.6312545312903,20,13,4,2,5,-6472451223927207085
ballast,4,Bulwark,Rookie,0,104000003,true,32.83333333333275,30.872222222220472,125.44999999999416,805.6312545312903,20,13,4,2,5,-204790421179287942
ballast,4,Bulwark,Rookie,1,104007922,true,31.69999999999948,29.372222222220557,119.81666666666115,805.6312545312903,20,13,4,2,5,6135062225707191426
ballast,4,Bulwark,Club,0,104000003,true,31.066666666666183,29.0444444444428,118.19999999999457,805.6312545312903,20,13,4,2,5,7667528873761412170
ballast,4,Bulwark,Club,1,104007922,true,30.49999999999955,28.12222222222063,114.86666666666143,805.6312545312903,20,13,4,2,5,6598184995895059642
ballast,4,Bulwark,Pro,0,104000003,true,29.999999999999577,28.02777777777619,114.08333333332814,805.6312545312903,20,13,4,2,5,-2450940158867739155
ballast,4,Bulwark,Pro,1,104007922,true,29.416666666666277,27.288888888887342,111.2833333333283,805.6312545312903,20,13,4,2,5,2910945840147973239
ballast,4,Bulwark,Champion,0,104000003,true,29.94999999999958,28.02777777777619,114.03333333332814,805.6312545312903,20,13,4,2,5,6802098544772767060
ballast,4,Bulwark,Champion,1,104007922,true,29.299999999999617,27.37222222222067,111.41666666666163,805.6312545312903,20,13,4,2,5,-3053882378918385488
cutface,0,Needle,Rookie,0,104000003,true,41.06666666666562,39.19444444445093,158.6500000000184,926.887666314104,24,15,4,2,5,6630222664570200810
cutface,0,Needle,Rookie,1,104007922,true,40.23333333333233,38.22777777778325,154.9166666666821,926.887666314104,24,15,4,2,5,-5379495421857262040
cutface,0,Needle,Club,0,104000003,true,39.98333333333235,38.11666666667198,154.3333333333483,926.887666314104,24,15,4,2,5,8718527155538660176
cutface,0,Needle,Club,1,104007922,true,39.41666666666571,37.41666666667126,151.6666666666795,926.887666314104,24,15,4,2,5,-1858504056249120676
cutface,0,Needle,Pro,0,104000003,true,38.9833333333324,37.28888888889326,150.8500000000122,926.887666314104,24,15,4,2,5,-6952700029250044011
cutface,0,Needle,Pro,1,104007922,true,38.64999999999909,36.92777777778176,149.4333333333444,926.887666314104,24,15,4,2,5,7129270837708166540
cutface,0,Needle,Champion,0,104000003,true,39.0333333333324,37.333333333337755,151.03333333334567,926.887666314104,24,15,4,2,5,-8179578568837965146
cutface,0,Needle,Champion,1,104007922,true,38.64999999999909,36.93333333333732,149.45000000001107,926.887666314104,24,15,4,2,5,2500536783163446202
cutface,0,Line,Rookie,0,104000003,true,43.86666666666546,40.5722222222306,165.58333333335725,926.887666314104,24,15,4,2,5,-5443953973581459409
cutface,0,Line,Rookie,1,104007922,true,41.71666666666558,39.02222222222875,158.78333333335183,926.887666314104,24,15,4,2,5,-5796044596506241520
cutface,0,Line,Club,0,104000003,true,41.73333333333225,38.80555555556192,158.150000000018,926.887666314104,24,15,4,2,5,-3701299644403161950
cutface,0,Line,Club,1,104007922,true,40.79999999999897,37.80555555556086,154.21666666668153,926.887666314104,24,15,4,2,5,-6464658030943237586
cutface,0,Line,Pro,0,104000003,true,40.416666666665655,37.327777777782586,152.40000000001342,926.887666314104,24,15,4,2,5,-2254574917478635158
cutface,0,Line,Pro,1,104007922,true,39.799999999999024,36.6777777777819,149.8333333333447,926.887666314104,24,15,4,2,5,6619947350661067180
cutface,0,Line,Champion,0,104000003,true,40.21666666666567,37.30555555556029,152.13333333334654,926.887666314104,24,15,4,2,5,8776824420154031836
cutface,0,Line,Champion,1,104007922,true,39.53333333333237,36.70555555555962,149.65000000001123,926.887666314104,24,15,4,2,5,6526876755028391127
cutface,1,Bastion,Rookie,0,104000003,true,43.13333333333217,39.48888888889619,161.60000000002074,926.887666314104,24,15,4,2,5,-8979784409646403298
cutface,1,Bastion,Rookie,1,104007922,true,41.91666666666557,38.05555555556137,156.08333333334969,926.887666314104,24,15,4,2,5,7262512673232286798
cutface,1,Bastion,Club,0,104000003,true,41.48333333333226,37.55555555556085,154.1500000000148,926.887666314104,24,15,4,2,5,2125766894645255337
cutface,1,Bastion,Club,1,104007922,true,40.21666666666567,36.85555555555993,150.78333333334547,926.887666314104,24,15,4,2,5,6154814921899609995
cutface,1,Bastion,Pro,0,104000003,true,39.93333333333235,36.272222222226056,148.75000000001052,926.887666314104,24,15,4,2,5,-5482936668235191195
cutface,1,Bastion,Pro,1,104007922,true,39.366666666665715,35.5222222222253,145.9333333333416,926.887666314104,24,15,4,2,5,-1663025171550422891
cutface,1,Bastion,Champion,0,104000003,true,39.89999999999902,36.15000000000373,148.3500000000102,926.887666314104,24,15,4,2,5,3010332058679114451
cutface,1,Bastion,Champion,1,104007922,true,39.19999999999906,35.38888888889181,145.3666666666745,926.887666314104,24,15,4,2,5,-2918817229284946230
cutface,2,Comet,Rookie,0,104000003,true,37.48333333333249,35.122222222224444,142.85000000000582,926.887666314104,24,15,4,2,5,-5403943289817373252
cutface,2,Comet,Rookie,1,104007922,true,36.716666666665866,33.98333333333443,138.66666666666916,926.887666314104,24,15,4,2,5,5244517694657042363
cutface,2,Comet,Club,0,104000003,true,36.449999999999214,33.83888888888979,137.9666666666686,926.887666314104,24,15,4,2,5,-2779121526157945419
cutface,2,Comet,Club,1,104007922,true,35.38333333333261,32.944444444444336,134.21666666666562,926.887666314104,24,15,4,2,5,6700895654536668316
cutface,2,Comet,Pro,0,104000003,true,35.13333333333262,32.60555555555511,132.94999999999794,926.887666314104,24,15,4,2,5,-4943558544867406067
cutface,2,Comet,Pro,1,104007922,true,34.533333333332656,32.08888888888786,130.79999999999623,926.887666314104,24,15,4,2,5,-209839189542056306
cutface,2,Comet,Champion,0,104000003,true,34.966666666665965,32.633333333332864,132.86666666666454,926.887666314104,24,15,4,2,5,-1390236780517045337
cutface,2,Comet,Champion,1,104007922,true,34.46666666666599,32.105555555554524,130.78333333332955,926.887666314104,24,15,4,2,5,4429702998352232406
cutface,1,Trail,Rookie,0,104000003,true,37.58333333333248,34.788888888890874,141.9500000000051,926.887666314104,24,15,4,2,5,4556289099981551915
cutface,1,Trail,Rookie,1,104007922,true,36.23333333333256,34.07777777777881,138.466666666669,926.887666314104,24,15,4,2,5,-6278797010287194676
cutface,1,Trail,Club,0,104000003,true,36.449999999999214,34.35555555555687,139.51666666666983,926.887666314104,24,15,4,2,5,5642678003795481038
cutface,1,Trail,Club,1,104007922,true,35.96666666666591,33.588888888889464,136.7333333333343,926.887666314104,24,15,4,2,5,458412174646866856
cutface,1,Trail,Pro,0,104000003,true,35.83333333333258,33.77777777777846,137.16666666666796,926.887666314104,24,15,4,2,5,6644802561051351630
cutface,1,Trail,Pro,1,104007922,true,35.33333333333261,33.2944444444446,135.2166666666664,926.887666314104,24,15,4,2,5,-4930609692227960228
cutface,1,Trail,Champion,0,104000003,true,35.73333333333259,33.80000000000067,137.1333333333346,926.887666314104,24,15,4,2,5,-7259787523950749210
cutface,1,Trail,Champion,1,104007922,true,35.316666666665945,33.37222222222243,135.43333333333325,926.887666314104,24,15,4,2,5,5523733704797339113
cutface,2,Flint,Rookie,0,104000003,true,36.799999999999194,34.505555555557095,140.31666666667047,926.887666314104,24,15,4,2,5,-592636115292814163
cutface,2,Flint,Rookie,1,104007922,true,35.38333333333261,33.505555555555894,135.9000000000003,926.887666314104,24,15,4,2,5,-8346930677493969003
cutface,2,Flint,Club,0,104000003,true,35.34999999999928,33.58333333333372,136.10000000000045,926.887666314104,24,15,4,2,5,3153641166065843126
cutface,2,Flint,Club,1,104007922,true,34.78333333333264,33.038888888888685,133.8999999999987,926.887666314104,24,15,4,2,5,8974666724411760813
cutface,2,Flint,Pro,0,104000003,true,34.733333333332645,33.03333333333311,133.83333333333198,926.887666314104,24,15,4,2,5,3799859316602623711
cutface,2,Flint,Pro,1,104007922,true,34.24999999999934,32.52222222222145,131.8166666666637,926.887666314104,24,15,4,2,5,-6718685711821942332
cutface,2,Flint,Champion,0,104000003,true,34.79999999999931,33.10555555555541,134.11666666666554,926.887666314104,24,15,4,2,5,1819400336201426004
cutface,2,Flint,Champion,1,104007922,true,34.19999999999934,32.577777777777044,131.93333333333047,926.887666314104,24,15,4,2,5,-8194017802109637952
cutface,3,Quill,Rookie,0,104000003,true,35.633333333332594,33.12777777777789,135.01666666666625,926.887666314104,24,15,4,2,5,8135913722715805983
cutface,3,Quill,Rookie,1,104007922,true,34.533333333332656,32.3055555555547,131.44999999999675,926.887666314104,24,15,4,2,5,-3359906498881563435
cutface,3,Quill,Club,0,104000003,true,34.08333333333268,32.29999999999901,130.9833333333297,926.887666314104,24,15,4,2,5,-8192221251955478808
cutface,3,Quill,Club,1,104007922,true,33.66666666666604,31.644444444442815,128.59999999999448,926.887666314104,24,15,4,2,5,2205212169682390283
cutface,3,Quill,Pro,0,104000003,true,33.249999999999396,31.599999999998214,128.04999999999404,926.887666314104,24,15,4,2,5,-3414981288634108189
cutface,3,Quill,Pro,1,104007922,true,33.03333333333274,31.25555555555378,126.79999999999409,926.887666314104,24,15,4,2,5,-7054368482624948234
cutface,3,Quill,Champion,0,104000003,true,33.41666666666605,31.63333333333162,128.31666666666092,926.887666314104,24,15,4,2,5,6499666343946331049
cutface,3,Quill,Champion,1,104007922,true,32.99999999999941,31.29999999999822,126.89999999999408,926.887666314104,24,15,4,2,5,8701532638236179865
cutface,3,Vandal,Rookie,0,104000003,true,36.716666666665866,33.85555555555655,138.28333333333552,926.887666314104,24,15,4,2,5,-510845573894998269
cutface,3,Vandal,Rookie,1,104007922,true,35.316666666665945,32.699999999999676,133.41666666666498,926.887666314104,24,15,4,2,5,6770546254663469486
cutface,3,Vandal,Club,0,104000003,true,35.083333333332625,32.161111111110294,131.5666666666635,926.887666314104,24,15,4,2,5,-881359339492927822
cutface,3,Vandal,Club,1,104007922,true,34.21666666666601,31.40555555555389,128.43333333332768,926.887666314104,24,15,4,2,5,-3539057144332988703
cutface,3,Vandal,Pro,0,104000003,true,33.84999999999936,31.25555555555378,127.6166666666607,926.887666314104,24,15,4,2,5,2968411383207806220
cutface,3,Vandal,Pro,1,104007922,true,33.333333333332725,30.672222222220483,125.34999999999417,926.887666314104,24,15,4,2,5,-6954470756852411696
cutface,3,Vandal,Champion,0,104000003,true,33.86666666666603,31.22777777777601,127.54999999999404,926.887666314104,24,15,4,2,5,2984579184901549473
cutface,3,Vandal,Champion,1,104007922,true,33.216666666666065,30.705555555553815,125.3333333333275,926.887666314104,24,15,4,2,5,-5809664479269344226
cutface,4,Kestrel,Rookie,0,104000003,true,33.08333333333274,31.122222222220454,126.4499999999941,926.887666314104,24,15,4,2,5,-1216942071262593649
cutface,4,Kestrel,Rookie,1,104007922,true,32.46666666666611,30.13333333333162,122.86666666666098,926.887666314104,24,15,4,2,5,2488187784403031500
cutface,4,Kestrel,Club,0,104000003,true,32.01666666666613,30.394444444442723,123.19999999999429,926.887666314104,24,15,4,2,5,1202757731513903756
cutface,4,Kestrel,Club,1,104007922,true,31.683333333332815,29.927777777776083,121.46666666666106,926.887666314104,24,15,4,2,5,-8195416622832558994
cutface,4,Kestrel,Pro,0,104000003,true,31.46666666666616,29.733333333331647,120.6666666666611,926.887666314104,24,15,4,2,5,-3834195437953037369
cutface,4,Kestrel,Pro,1,104007922,true,31.066666666666183,29.383333333331667,119.21666666666118,926.887666314104,24,15,4,2,5,-7567925799507584790
cutface,4,Kestrel,Champion,0,104000003,true,31.43333333333283,29.811111111109422,120.86666666666109,926.887666314104,24,15,4,2,5,4421477765103853028
cutface,4,Kestrel,Champion,1,104007922,true,31.149999999999512,29.488888888887217,119.61666666666116,926.887666314104,24,15,4,2,5,-5906997834318924618
cutface,4,Bulwark,Rookie,0,104000003,true,35.14999999999929,32.938888888888705,133.96666666666542,926.887666314104,24,15,4,2,5,-3999866063630190102
cutface,4,Bulwark,Rookie,1,104007922,true,34.299999999999336,32.111111111110034,130.63333333332943,926.887666314104,24,15,4,2,5,5442174372749109670
cutface,4,Bulwark,Club,0,104000003,true,34.08333333333268,31.844444444443088,129.61666666666196,926.887666314104,24,15,4,2,5,-7197343892058281803
cutface,4,Bulwark,Club,1,104007922,true,33.23333333333273,30.98888888888713,126.19999999999412,926.887666314104,24,15,4,2,5,7849537549051918381
cutface,4,Bulwark,Pro,0,104000003,true,32.84999999999942,30.933333333331575,125.64999999999415,926.887666314104,24,15,4,2,5,-6264698375987313892
cutface,4,Bulwark,Pro,1,104007922,true,32.14999999999946,30.233333333331615,122.84999999999431,926.887666314104,24,15,4,2,5,-2583999482046619847
cutface,4,Bulwark,Champion,0,104000003,true,32.76666666666609,30.938888888887135,125.58333333332749,926.887666314104,24,15,4,2,5,-7504702086776228242
cutface,4,Bulwark,Champion,1,104007922,true,32.24999999999945,30.29444444444273,123.13333333332763,926.887666314104,24,15,4,2,5,-5478209427381083768
haulroad,0,Needle,Rookie,0,104000003,true,51.09999999999838,49.2000000000173,198.70000000005027,1216.9822485487366,26,11,4,2,5,1151397185374216464
haulroad,0,Needle,Rookie,1,104007922,true,50.116666666665104,48.3277777777941,195.1000000000474,1216.9822485487366,26,11,4,2,5,7027208068947914951
haulroad,0,Needle,Club,0,104000003,true,49.96666666666511,48.12222222223834,194.33333333338012,1216.9822485487366,26,11,4,2,5,5888919036235781541
haulroad,0,Needle,Club,1,104007922,true,49.38333333333181,47.488888888904334,191.85000000004482,1216.9822485487366,26,11,4,2,5,-978007569591861833
haulroad,0,Needle,Pro,0,104000003,true,49.066666666665164,47.39444444445973,191.25000000004434,1216.9822485487366,26,11,4,2,5,-1947554374164920404
haulroad,0,Needle,Pro,1,104007922,true,48.79999999999851,46.98888888890377,189.76666666670982,1216.9822485487366,26,11,4,2,5,7406000684012613707
haulroad,0,Needle,Champion,0,104000003,true,49.14999999999849,47.400000000015304,191.35000000004442,1216.9822485487366,26,11,4,2,5,8232076186898059311
haulroad,0,Needle,Champion,1,104007922,true,48.79999999999851,47.10000000001497,190.10000000004342,1216.9822485487366,26,11,4,2,5,739953523748863361
haulroad,0,Line,Rookie,0,104000003,true,52.84999999999828,49.38333333335127,201.0000000000521,1216.9822485487366,26,11,4,2,5,-6887356468889732928
haulroad,0,Line,Rookie,1,104007922,true,51.61666666666502,48.31111111112784,196.55000000004856,1216.9822485487366,26,11,4,2,5,-3328244284679573099
haulroad,0,Line,Club,0,104000003,true,50.64999999999841,47.76666666668269,193.9500000000465,1216.9822485487366,26,11,4,2,5,-6235561786416735652
haulroad,0,Line,Club,1,104007922,true,50.1666666666651,46.938888888904124,190.98333333337746,1216.9822485487366,26,11,4,2,5,-2176250318743366724
haulroad,0,Line,Pro,0,104000003,true,49.5833333333318,46.688888888903755,189.65000000004306,1216.9822485487366,26,11,4,2,5,6919155466085522182
haulroad,0,Line,Pro,1,104007922,true,49.0499999999985,45.97222222223636,186.9666666667076,1216.9822485487366,26,11,4,2,5,6479066836821314240
haulroad,0,Line,Champion,0,104000003,true,49.61666666666513,46.5166666666814,189.16666666670935,1216.9822485487366,26,11,4,2,5,664756309088059126
haulroad,0,Line,Champion,1,104007922,true,48.899999999998506,45.944444444458526,186.73333333337408,1216.9822485487366,26,11,4,2,5,-8624686207894772857
haulroad,1,Bastion,Rookie,0,104000003,true,51.24999999999837,47.17222222223794,192.7666666667122,1216.9822485487366,26,11,4,2,5,6114625189510277701
haulroad,1,Bastion,Rookie,1,104007922,true,50.08333333333177,45.67222222223642,187.10000000004104,1216.9822485487366,26,11,4,2,5,2696684746365973640
haulroad,1,Bastion,Club,0,104000003,true,49.36666666666515,45.40555555556934,185.58333333337316,1216.9822485487366,26,11,4,2,5,-4985214326026841144
haulroad,1,Bastion,Club,1,104007922,true,48.4666666666652,44.33333333334601,181.46666666670322,1216.9822485487366,26,11,4,2,5,9187343115237887808
haulroad,1,Bastion,Pro,0,104000003,true,47.733333333331906,43.85555555556764,179.30000000003483,1216.9822485487366,26,11,4,2,5,4402300679010301109
haulroad,1,Bastion,Pro,1,104007922,true,47.149999999998606,43.10555555556687,176.46666666669924,1216.9822485487366,26,11,4,2,5,-1598031754679260451
haulroad,1,Bastion,Champion,0,104000003,true,47.56666666666525,43.69444444445636,178.6500000000343,1216.9822485487366,26,11,4,2,5,-6110634284724127163
haulroad,1,Bastion,Champion,1,104007922,true,46.999999999998614,43.0000000000112,176.0000000000322,1216.9822485487366,26,11,4,2,5,-9197877111335886353
haulroad,2,Comet,Rookie,0,104000003,true,44.9166666666654,42.305555555565604,171.83333333336222,1216.9822485487366,26,11,4,2,5,-5293541223356454888
haulroad,2,Comet,Rookie,1,104007922,true,43.81666666666546,41.294444444453376,167.7000000000256,1216.9822485487366,26,11,4,2,5,4026373049521586060
haulroad,2,Comet,Club,0,104000003,true,43.216666666665496,40.80555555556393,165.63333333335729,1216.9822485487366,26,11,4,2,5,6418806564602997581
haulroad,2,Comet,Club,1,104007922,true,42.54999999999887,40.07222222222982,162.76666666668834,1216.9822485487366,26,11,4,2,5,-207977271353001260
haulroad,2,Comet,Pro,0,104000003,true,41.86666666666557,39.627777777784836,160.75000000002007,1216.9822485487366,26,11,4,2,5,3547807546279081714
haulroad,2,Comet,Pro,1,104007922,true,41.53333333333226,39.20000000000662,159.1333333333521,1216.9822485487366,26,11,4,2,5,8865915355428883119
haulroad,2,Comet,Champion,0,104000003,true,41.74999999999891,39.494444444451354,160.233333333353,1216.9822485487366,26,11,4,2,5,-7566406683904612811
haulroad,2,Comet,Champion,1,104007922,true,41.3666666666656,39.127777777784296,158.75000000001847,1216.9822485487366,26,11,4,2,5,-260372404265110507
haulroad,1,Trail,Rookie,0,104000003,true,46.883333333331954,44.38888888890116,180.05000000003542,1216.9822485487366,26,11,4,2,5,-4880738074859240225
haulroad,1,Trail,Rookie,1,104007922,true,45.73333333333202,43.511111111122354,176.26666666669908,1216.9822485487366,26,11,4,2,5,-5211508132413327136
haulroad,1,Trail,Club,0,104000003,true,45.69999999999869,43.605555555566866,176.51666666669928,1216.9822485487366,26,11,4,2,5,-3021490154219413026
haulroad,1,Trail,Club,1,104007922,true,45.11666666666539,43.1888888888997,174.6833333333645,1216.9822485487366,26,11,4,2,5,8858096834692768743
haulroad,1,Trail,Pro,0,104000003,true,45.26666666666538,43.31666666667763,175.21666666669825,1216.9822485487366,26,11,4,2,5,1242897864627210184
haulroad,1,Trail,Pro,1,104007922,true,44.84999999999874,42.87777777778826,173.48333333336353,1216.9822485487366,26,11,4,2,5,6021245401707224790
haulroad,1,Trail,Champion,0,104000003,true,45.26666666666538,43.411111111122146,175.5000000000318,1216.9822485487366,26,11,4,2,5,4555856505399535954
haulroad,1,Trail,Champion,1,104007922,true,44.8666666666654,42.927777777788314,173.65000000003033,1216.9822485487366,26,11,4,2,5,7163060033081337987
haulroad,2,Flint,Rookie,0,104000003,true,45.29999999999871,43.272222222233154,175.11666666669817,1216.9822485487366,26,11,4,2,5,4344299594436486956
haulroad,2,Flint,Rookie,1,104007922,true,44.13333333333211,42.344444444454304,171.16666666669502,1216.9822485487366,26,11,4,2,5,8291201570102455579
haulroad,2,Flint,Club,0,104000003,true,44.233333333332105,42.42777777778773,171.5166666666953,1216.9822485487366,26,11,4,2,5,3566985014791581440
haulroad,2,Flint,Club,1,104007922,true,43.449999999998816,41.75555555556475,168.71666666669307,1216.9822485487366,26,11,4,2,5,-5219950349567756680
haulroad,2,Flint,Pro,0,104000003,true,43.566666666665476,41.88888888889823,169.23333333336015,1216.9822485487366,26,11,4,2,5,-4022851884239871661
haulroad,2,Flint,Pro,1,104007922,true,43.066666666665505,41.33333333334209,167.06666666669176,1216.9822485487366,26,11,4,2,5,2591861092266191489
haulroad,2,Flint,Champion,0,104000003,true,43.63333333333214,41.90000000000936,169.33333333336023,1216.9822485487366,26,11,4,2,5,-7397766892731591615
haulroad,2,Flint,Champion,1,104007922,true,42.949999999998845,41.37222222223097,167.06666666669176,1216.9822485487366,26,11,4,2,5,-8338437602019781207
haulroad,3,Quill,Rookie,0,104000003,true,43.23333333333216,41.33333333334213,167.23333333335856,1216.9822485487366,26,11,4,2,5,19120699023672921
haulroad,3,Quill,Rookie,1,104007922,true,42.366666666665544,40.494444444452334,163.85000000002253,1216.9822485487366,26,11,4,2,5,1913280057468499964
haulroad,3,Quill,Club,0,104000003,true,42.399999999998876,40.46111111111898,163.7833333333558,1216.9822485487366,26,11,4,2,5,-2075780458290320855
haulroad,3,Quill,Club,1,104007922,true,41.79999999999891,40.01111111111845,161.83333333335426,1216.9822485487366,26,11,4,2,5,7147450634454700751
haulroad,3,Quill,Pro,0,104000003,true,41.549999999998924,39.855555555562695,161.11666666668702,1216.9822485487366,26,11,4,2,5,4375995001911336224
haulroad,3,Quill,Pro,1,104007922,true,41.26666666666561,39.477777777784546,159.70000000001923,1216.9822485487366,26,11,4,2,5,7657680944508569143
haulroad,3,Quill,Champion,0,104000003,true,41.64999999999892,39.90555555556276,161.36666666668722,1216.9822485487366,26,11,4,2,5,-4768090299773711031
haulroad,3,Quill,Champion,1,104007922,true,41.28333333333227,39.588888888895745,160.0500000000195,1216.9822485487366,26,11,4,2,5,2639900034146646978
haulroad,3,Vandal,Rookie,0,104000003,true,43.7499999999988,40.70000000000844,165.85000000002412,1216.9822485487366,26,11,4,2,5,-6658950582599537533
haulroad,3,Vandal,Rookie,1,104007922,true,42.73333333333219,39.855555555563036,162.3000000000213,1216.9822485487366,26,11,4,2,5,-2572974808500662335
haulroad,3,Vandal,Club,0,104000003,true,41.816666666665576,39.400000000006855,160.01666666668615,1216.9822485487366,26,11,4,2,5,3423175646760275610
haulroad,3,Vandal,Club,1,104007922,true,41.349999999998936,38.65555555556168,157.316666666684,1216.9822485487366,26,11,4,2,5,6618866104923530563
haulroad,3,Vandal,Pro,0,104000003,true,40.74999999999897,38.244444444450075,155.4833333333492,1216.9822485487366,26,11,4,2,5,7540497004912166330
haulroad,3,Vandal,Pro,1,104007922,true,40.31666666666566,37.755555555560676,153.5833333333477,1216.9822485487366,26,11,4,2,5,6752691223902410098
haulroad,3,Vandal,Champion,0,104000003,true,40.616666666665644,38.20000000000556,155.21666666668233,1216.9822485487366,26,11,4,2,5,-7832046295203708904
haulroad,3,Vandal,Champion,1,104007922,true,40.16666666666567,37.60000000000496,152.96666666668054,1216.9822485487366,26,11,4,2,5,-2598039841469033508
haulroad,4,Kestrel,Rookie,0,104000003,true,40.733333333332304,38.83333333333943,157.2333333333506,1216.9822485487366,26,11,4,2,5,-8682222708592955932
haulroad,4,Kestrel,Rookie,1,104007922,true,39.683333333332364,38.0055555555607,153.70000000001446,1216.9822485487366,26,11,4,2,5,186875592125079728
haulroad,4,Kestrel,Club,0,104000003,true,39.89999999999902,38.06666666667192,154.10000000001477,1216.9822485487366,26,11,4,2,5,3202142793933766794
haulroad,4,Kestrel,Club,1,104007922,true,39.31666666666572,37.52777777778243,151.90000000001302,1216.9822485487366,26,11,4,2,5,-7977033577032890598
haulroad,4,Kestrel,Pro,0,104000003,true,39.26666666666572,37.572222222226905,151.98333333334642,1216.9822485487366,26,11,4,2,5,444211459651538872
haulroad,4,Kestrel,Pro,1,104007922,true,38.9833333333324,37.2277777777821,150.6666666666787,1216.9822485487366,26,11,4,2,5,-4373514194182185947
haulroad,4,Kestrel,Champion,0,104000003,true,39.21666666666572,37.605555555560244,152.03333333334646,1216.9822485487366,26,11,4,2,5,-7280752679342464310
haulroad,4,Kestrel,Champion,1,104007922,true,38.94999999999907,37.20000000000429,150.55000000001195,1216.9822485487366,26,11,4,2,5,5969784453800091655
haulroad,4,Bulwark,Rookie,0,104000003,true,42.49999999999887,40.10000000000761,162.8000000000217,1216.9822485487366,26,11,4,2,5,-4708244717945040031
haulroad,4,Bulwark,Rookie,1,104007922,true,41.64999999999892,39.08888888889545,158.91666666668527,1216.9822485487366,26,11,4,2,5,-3715781420317762894
haulroad,4,Bulwark,Club,0,104000003,true,40.63333333333231,38.850000000006084,157.18333333335056,1216.9822485487366,26,11,4,2,5,-1418855110500889984
haulroad,4,Bulwark,Club,1,104007922,true,40.04999999999901,38.166666666672036,154.55000000001513,1216.9822485487366,26,11,4,2,5,3858356729929365454
haulroad,4,Bulwark,Pro,0,104000003,true,39.799999999999024,37.82222222222725,153.26666666668078,1216.9822485487366,26,11,4,2,5,-2724866216440612109
haulroad,4,Bulwark,Pro,1,104007922,true,39.249999999999055,37.31111111111557,151.1833333333458,1216.9822485487366,26,11,4,2,5,2563269557427616264
haulroad,4,Bulwark,Champion,0,104000003,true,39.799999999999024,37.83333333333837,153.30000000001414,1216.9822485487366,26,11,4,2,5,-7276707708824829101
haulroad,4,Bulwark,Champion,1,104007922,true,39.23333333333239,37.30555555556001,151.15000000001243,1216.9822485487366,26,11,4,2,5,1785424931467479206
saltline,0,Needle,Rookie,0,104000003,true,41.01666666666562,39.09444444445083,158.30000000001812,940.2076854295232,28,9,2,2,5,4563094784768097179
saltline,0,Needle,Rookie,1,104007922,true,40.16666666666567,38.53333333333904,155.76666666668277,940.2076854295232,28,9,2,2,5,7725950703738403485
saltline,0,Needle,Club,0,104000003,true,40.11666666666567,38.00000000000526,154.11666666668145,940.2076854295232,28,9,2,2,5,-8125769538145067711
saltline,0,Needle,Club,1,104007922,true,39.43333333333238,37.51111111111579,151.96666666667974,940.2076854295232,28,9,2,2,5,-4394556896520740263
saltline,0,Needle,Pro,0,104000003,true,38.96666666666574,37.21111111111542,150.600000000012,940.2076854295232,28,9,2,2,5,-1184961960542717097
saltline,0,Needle,Pro,1,104007922,true,38.583333333332426,36.86666666667059,149.1833333333442,940.2076854295232,28,9,2,2,5,10416878322503160
saltline,0,Needle,Champion,0,104000003,true,38.91666666666574,37.2111111111154,150.55000000001195,940.2076854295232,28,9,2,2,5,-5029769140750813884
saltline,0,Needle,Champion,1,104007922,true,38.59999999999909,36.872222222226156,149.21666666667755,940.2076854295232,28,9,2,2,5,-7736182880692260705
saltline,0,Line,Rookie,0,104000003,true,43.46666666666548,40.00555555556337,163.48333333335557,940.2076854295232,28,9,2,2,5,-2528269101212393093
saltline,0,Line,Rookie,1,104007922,true,42.29999999999888,39.11666666667344,159.6500000000192,940.2076854295232,28,9,2,2,5,1741900629450873226
saltline,0,Line,Club,0,104000003,true,41.33333333333227,38.483333333339324,156.78333333335024,940.2076854295232,28,9,2,2,5,6980636755108616654
saltline,0,Line,Club,1,104007922,true,40.59999999999898,37.53333333333836,153.20000000001406,940.2076854295232,28,9,2,2,5,1479487877417189341
saltline,0,Line,Pro,0,104000003,true,39.96666666666568,37.02777777778223,151.05000000001235,940.2076854295232,28,9,2,2,5,-2140940622901336463
saltline,0,Line,Pro,1,104007922,true,39.483333333332375,36.48888888889277,148.95000000001068,940.2076854295232,28,9,2,2,5,-7006240880734102278
saltline,0,Line,Champion,0,104000003,true,39.89999999999902,37.000000000004405,150.90000000001223,940.2076854295232,28,9,2,2,5,6549247041969524424
saltline,0,Line,Champion,1,104007922,true,39.26666666666572,36.40000000000375,148.46666666667696,940.2076854295232,28,9,2,2,5,2689622107409245538
saltline,1,Bastion,Rookie,0,104000003,true,42.93333333333218,39.311111111118215,160.86666666668683,940.2076854295232,28,9,2,2,5,6928809352032453455
saltline,1,Bastion,Rookie,1,104007922,true,41.21666666666561,37.56111111111633,153.90000000001461,940.2076854295232,28,9,2,2,5,-7510749556020361180
saltline,1,Bastion,Club,0,104000003,true,41.14999999999895,37.17222222222711,152.6666666666803,940.2076854295232,28,9,2,2,5,4628070534305522123
saltline,1,Bastion,Club,1,104007922,true,40.01666666666568,36.21666666667048,148.66666666667712,940.2076854295232,28,9,2,2,5,7647394653384732999
saltline,1,Bastion,Pro,0,104000003,true,39.366666666665715,35.67222222222542,146.38333333334197,940.2076854295232,28,9,2,2,5,8546345936092355538
saltline,1,Bastion,Pro,1,104007922,true,38.53333333333243,34.91666666666902,143.2833333333395,940.2076854295232,28,9,2,2,5,-2721884907624020478
saltline,1,Bastion,Champion,0,104000003,true,39.333333333332384,35.50555555555861,145.8500000000082,940.2076854295232,28,9,2,2,5,4007869758245325359
saltline,1,Bastion,Champion,1,104007922,true,38.583333333332426,34.85555555555788,143.15000000000606,940.2076854295232,28,9,2,2,5,-2049207155626222007
saltline,2,Comet,Rookie,0,104000003,true,37.69999999999914,34.70555555555751,141.81666666667167,940.2076854295232,28,9,2,2,5,-4839855511182906928
saltline,2,Comet,Rookie,1,104007922,true,36.41666666666588,34.00000000000102,138.41666666666896,940.2076854295232,28,9,2,2,5,7146247241725462871
saltline,2,Comet,Club,0,104000003,true,35.4833333333326,33.088888888888924,134.74999999999937,940.2076854295232,28,9,2,2,5,-7901296988491424744
saltline,2,Comet,Club,1,104007922,true,34.86666666666597,32.699999999999555,132.96666666666462,940.2076854295232,28,9,2,2,5,-2343557695450050141
saltline,2,Comet,Pro,0,104000003,true,34.28333333333267,32.00555555555439,130.29999999999583,940.2076854295232,28,9,2,2,5,-3219729406654141317
saltline,2,Comet,Pro,1,104007922,true,33.86666666666603,31.511111111109432,128.39999999999432,940.2076854295232,28,9,2,2,5,5825528377992947188
saltline,2,Comet,Champion,0,104000003,true,34.19999999999934,31.877777777776487,129.8333333333288,940.2076854295232,28,9,2,2,5,-8172095887341597910
saltline,2,Comet,Champion,1,104007922,true,33.86666666666603,31.522222222220552,128.43333333332768,940.2076854295232,28,9,2,2,5,9015368680080012840
saltline,1,Trail,Rookie,0,104000003,true,37.36666666666583,34.966666666668736,142.26666666667202,940.2076854295232,28,9,2,2,5,-1436903977340108759
saltline,1,Trail,Rookie,1,104007922,true,36.63333333333254,34.594444444446005,140.41666666667055,940.2076854295232,28,9,2,2,5,8310422292264460441
saltline,1,Trail,Club,0,104000003,true,36.46666666666588,34.5333333333348,140.06666666667027,940.2076854295232,28,9,2,2,5,6753555725315409571
saltline,1,Trail,Club,1,104007922,true,36.099999999999234,34.08333333333434,138.35000000000224,940.2076854295232,28,9,2,2,5,1533295580014566288
saltline,1,Trail,Pro,0,104000003,true,35.96666666666591,34.05000000000094,138.11666666666872,940.2076854295232,28,9,2,2,5,6660618742062938563
saltline,1,Trail,Pro,1,104007922,true,35.76666666666592,33.72777777777841,136.95000000000113,940.2076854295232,28,9,2,2,5,4587326315840189331
saltline,1,Trail,Champion,0,104000003,true,36.03333333333257,34.0166666666676,138.08333333333536,940.2076854295232,28,9,2,2,5,-5248411504931317295
saltline,1,Trail,Champion,1,104007922,true,35.71666666666592,33.772222222222865,137.03333333333453,940.2076854295232,28,9,2,2,5,-5402662898511517247
saltline,2,Flint,Rookie,0,104000003,true,36.6999999999992,34.700000000001666,140.8000000000042,940.2076854295232,28,9,2,2,5,-5330843781450514333
saltline,2,Flint,Rookie,1,104007922,true,36.29999999999922,33.994444444445435,138.28333333333552,940.2076854295232,28,9,2,2,5,4955457107505683828
saltline,2,Flint,Club,0,104000003,true,35.64999999999926,33.750000000000604,136.90000000000109,940.2076854295232,28,9,2,2,5,-7557220474484912467
saltline,2,Flint,Club,1,104007922,true,35.13333333333262,33.39444444444462,135.3166666666665,940.2076854295232,28,9,2,2,5,2570483647415496847
saltline,2,Flint,Pro,0,104000003,true,34.83333333333264,33.13888888888878,134.24999999999898,940.2076854295232,28,9,2,2,5,-3128994353075273497
saltline,2,Flint,Pro,1,104007922,true,34.46666666666599,32.81111111111064,132.8999999999979,940.2076854295232,28,9,2,2,5,2159567215109245044
saltline,2,Flint,Champion,0,104000003,true,34.816666666665974,33.09999999999985,134.11666666666554,940.2076854295232,28,9,2,2,5,5392692547899903694
saltline,2,Flint,Champion,1,104007922,true,34.54999999999932,32.905555555555175,133.26666666666486,940.2076854295232,28,9,2,2,5,-5693755782400559986
saltline,3,Quill,Rookie,0,104000003,true,35.68333333333259,33.27222222222246,135.49999999999997,940.2076854295232,28,9,2,2,5,7764177767259270845
saltline,3,Quill,Rookie,1,104007922,true,35.13333333333262,32.677777777777386,133.16666666666478,940.2076854295232,28,9,2,2,5,9152818054711209347
saltline,3,Quill,Club,0,104000003,true,34.39999999999933,32.38888888888806,131.5666666666635,940.2076854295232,28,9,2,2,5,4199265043042472283
saltline,3,Quill,Club,1,104007922,true,34.04999999999935,32.183333333332236,130.59999999999607,940.2076854295232,28,9,2,2,5,-7689632168324328369
saltline,3,Quill,Pro,0,104000003,true,33.51666666666605,31.894444444442968,129.19999999999496,940.2076854295232,28,9,2,2,5,5154128272983313257
saltline,3,Quill,Pro,1,104007922,true,33.38333333333272,31.57777777777601,128.11666666666076,940.2076854295232,28,9,2,2,5,-1117291394606512718
saltline,3,Quill,Champion,0,104000003,true,33.58333333333271,31.894444444442986,129.26666666666168,940.2076854295232,28,9,2,2,5,-3725237581927144649
saltline,3,Quill,Champion,1,104007922,true,33.333333333332725,31.583333333331563,128.0833333333274,940.2076854295232,28,9,2,2,5,9033902853484073261
saltline,3,Vandal,Rookie,0,104000003,true,36.599999999999206,33.33888888888944,136.61666666666753,940.2076854295232,28,9,2,2,5,5117268065244160349
saltline,3,Vandal,Rookie,1,104007922,true,35.633333333332594,32.46666666666625,133.03333333333134,940.2076854295232,28,9,2,2,5,-5411634608781072469
saltline,3,Vandal,Club,0,104000003,true,34.86666666666597,32.1944444444436,131.44999999999675,940.2076854295232,28,9,2,2,5,-3765079319655549526
saltline,3,Vandal,Club,1,104007922,true,33.833333333332696,31.205555555553786,127.44999999999405,940.2076854295232,28,9,2,2,5,2618550871524795181
saltline,3,Vandal,Pro,0,104000003,true,33.53333333333271,31.02222222222046,126.5999999999941,940.2076854295232,28,9,2,2,5,-7545214579323965092
saltline,3,Vandal,Pro,1,104007922,true,32.93333333333275,30.433333333331603,124.23333333332756,940.2076854295232,28,9,2,2,5,3243575754901796276
saltline,3,Vandal,Champion,0,104000003,true,33.38333333333272,30.866666666664912,125.98333333332747,940.2076854295232,28,9,2,2,5,8342994294348665086
saltline,3,Vandal,Champion,1,104007922,true,32.93333333333275,30.311111111109387,123.86666666666092,940.2076854295232,28,9,2,2,5,-6525098316224068781
saltline,4,Kestrel,Rookie,0,104000003,true,33.1499999999994,31.383333333331553,127.29999999999406,940.2076854295232,28,9,2,2,5,5180906751151414066
saltline,4,Kestrel,Rookie,1,104007922,true,32.749999999999424,30.59999999999826,124.54999999999421,940.2076854295232,28,9,2,2,5,-3086632917386644502
saltline,4,Kestrel,Club,0,104000003,true,32.24999999999945,30.422222222220494,123.51666666666094,940.2076854295232,28,9,2,2,5,4939456766150897892
saltline,4,Kestrel,Club,1,104007922,true,31.983333333332798,30.322222222220503,122.9499999999943,940.2076854295232,28,9,2,2,5,-352763138391385906
saltline,4,Kestrel,Pro,0,104000003,true,31.69999999999948,29.933333333331635,121.49999999999439,940.2076854295232,28,9,2,2,5,-205046088534537191
saltline,4,Kestrel,Pro,1,104007922,true,31.43333333333283,29.733333333331647,120.63333333332777,940.2076854295232,28,9,2,2,5,-3291798181100767216
saltline,4,Kestrel,Champion,0,104000003,true,31.633333333332818,30.06666666666496,121.8333333333277,940.2076854295232,28,9,2,2,5,5704480643970164845
saltline,4,Kestrel,Champion,1,104007922,true,31.449999999999495,29.766666666664978,120.74999999999443,940.2076854295232,28,9,2,2,5,-1956250701496287698
saltline,4,Bulwark,Rookie,0,104000003,true,35.38333333333261,32.85555555555538,133.94999999999874,940.2076854295232,28,9,2,2,5,-6030361565244605352
saltline,4,Bulwark,Rookie,1,104007922,true,33.66666666666604,31.949999999998614,129.51666666666188,940.2076854295232,28,9,2,2,5,5893972515587059397
saltline,4,Bulwark,Club,0,104000003,true,33.38333333333272,31.49999999999821,127.88333333332736,940.2076854295232,28,9,2,2,5,4383378953407327778
saltline,4,Bulwark,Club,1,104007922,true,32.6166666666661,30.466666666664935,124.01666666666091,940.2076854295232,28,9,2,2,5,-6948652184699469676
saltline,4,Bulwark,Pro,0,104000003,true,32.13333333333279,30.399999999998272,123.33333333332762,940.2076854295232,28,9,2,2,5,5715184072547658070
saltline,4,Bulwark,Pro,1,104007922,true,31.616666666666152,29.90555555555386,121.33333333332773,940.2076854295232,28,9,2,2,5,8891003811229509858
saltline,4,Bulwark,Champion,0,104000003,true,32.38333333333278,30.394444444442723,123.56666666666094,940.2076854295232,28,9,2,2,5,-9222894872551512560
saltline,4,Bulwark,Champion,1,104007922,true,31.833333333332806,29.888888888887195,121.49999999999439,940.2076854295232,28,9,2,2,5,8952634393128326245
dustwake,0,Needle,Rookie,0,104000003,true,36.34999999999922,34.31666666666792,139.300000000003,830.2137672464439,20,14,2,2,5,7626642463451576507
dustwake,0,Needle,Rookie,1,104007922,true,35.61666666666593,33.4444444444448,135.95000000000033,830.2137672464439,20,14,2,2,5,-9091214352960574563
dustwake,0,Needle,Club,0,104000003,true,35.33333333333261,33.37222222222244,135.44999999999993,830.2137672464439,20,14,2,2,5,7118487382708559475
dustwake,0,Needle,Club,1,104007922,true,34.43333333333266,32.61111111111047,132.26666666666407,830.2137672464439,20,14,2,2,5,7097955745144935357
dustwake,0,Needle,Pro,0,104000003,true,34.39999999999933,32.59999999999934,132.19999999999735,830.2137672464439,20,14,2,2,5,-4616503607898608007
dustwake,0,Needle,Pro,1,104007922,true,34.033333333332685,32.205555555554476,130.6499999999961,830.2137672464439,20,14,2,2,5,-6142509585539199335
dustwake,0,Needle,Champion,0,104000003,true,34.416666666665996,32.6888888888883,132.4833333333309,830.2137672464439,20,14,2,2,5,-5185357896319127032
dustwake,0,Needle,Champion,1,104007922,true,34.08333333333268,32.29444444444345,130.96666666666303,830.2137672464439,20,14,2,2,5,9138816347772667245
dustwake,0,Line,Rookie,0,104000003,true,39.43333333333238,35.988888888892355,147.40000000000944,830.2137672464439,20,14,2,2,5,-375392294796939831
dustwake,0,Line,Rookie,1,104007922,true,37.59999999999915,34.94444444444656,142.43333333333882,830.2137672464439,20,14,2,2,5,4860251994331124059
dustwake,0,Line,Club,0,104000003,true,37.21666666666584,34.31666666666817,140.16666666667035,830.2137672464439,20,14,2,2,5,1630634952666507660
dustwake,0,Line,Club,1,104007922,true,36.216666666665894,33.20555555555589,135.83333333333357,830.2137672464439,20,14,2,2,5,8931053885017705542
dustwake,0,Line,Pro,0,104000003,true,35.783333333332585,32.92222222222221,134.54999999999922,830.2137672464439,20,14,2,2,5,1475626487270654564
dustwake,0,Line,Pro,1,104007922,true,35.01666666666596,32.12222222222135,131.38333333333003,830.2137672464439,20,14,2,2,5,4340825832553338552
dustwake,0,Line,Champion,0,104000003,true,35.61666666666593,32.79999999999984,134.01666666666546,830.2137672464439,20,14,2,2,5,-3333852627089473765
dustwake,0,Line,Champion,1,104007922,true,35.03333333333263,32.09999999999912,131.33333333333,830.2137672464439,20,14,2,2,5,-7940335367281331749
dustwake,1,Bastion,Rookie,0,104000003,true,39.74999999999903,35.77777777778116,147.08333333334252,830.2137672464439,20,14,2,2,5,-4632823651155916303
dustwake,1,Bastion,Rookie,1,104007922,true,37.883333333332466,34.60000000000192,141.68333333333823,830.2137672464439,20,14,2,2,5,5713567450273838124
dustwake,1,Bastion,Club,0,104000003,true,37.74999999999914,34.12777777777928,140.133333333337,830.2137672464439,20,14,2,2,5,8719119106629602914
dustwake,1,Bastion,Club,1,104007922,true,36.58333333333254,32.95000000000024,135.43333333333325,830.2137672464439,20,14,2,2,5,6489565731330708092
dustwake,1,Bastion,Pro,0,104000003,true,35.94999999999924,32.677777777777614,133.9833333333321,830.2137672464439,20,14,2,2,5,-2829724601941880608
dustwake,1,Bastion,Pro,1,104007922,true,35.18333333333262,31.7055555555544,130.29999999999583,830.2137672464439,20,14,2,2,5,6260215694474786234
dustwake,1,Bastion,Champion,0,104000003,true,35.899999999999245,32.47222222222189,133.3166666666649,830.2137672464439,20,14,2,2,5,5271900832888969436
dustwake,1,Bastion,Champion,1,104007922,true,35.09999999999929,31.677777777776583,130.13333333332903,830.2137672464439,20,14,2,2,5,-4773451705113686284
dustwake,2,Comet,Rookie,0,104000003,true,34.699999999999314,32.17777777777687,131.2333333333299,830.2137672464439,20,14,2,2,5,-5921754693872385298
dustwake,2,Comet,Rookie,1,104007922,true,33.66666666666604,30.894444444442694,126.34999999999411,830.2137672464439,20,14,2,2,5,669131087041708036
dustwake,2,Comet,Club,0,104000003,true,32.633333333332764,30.461111111109386,124.01666666666091,830.2137672464439,20,14,2,2,5,6150743422114574822
dustwake,2,Comet,Club,1,104007922,true,32.24999999999945,29.611111111109427,121.08333333332774,830.2137672464439,20,14,2,2,5,3719133393298180841
dustwake,2,Comet,Pro,0,104000003,true,31.46666666666616,29.116666666665015,118.8166666666612,830.2137672464439,20,14,2,2,5,-4106507308314053213
dustwake,2,Comet,Pro,1,104007922,true,30.96666666666619,28.616666666665044,116.81666666666132,830.2137672464439,20,14,2,2,5,-6169822250494074806
dustwake,2,Comet,Champion,0,104000003,true,31.383333333332832,29.066666666665018,118.58333333332789,830.2137672464439,20,14,2,2,5,-1452363895311002784
dustwake,2,Comet,Champion,1,104007922,true,30.866666666666195,28.661111111109488,116.84999999999465,830.2137672464439,20,14,2,2,5,-6318579098917633051
dustwake,1,Trail,Rookie,0,104000003,true,33.216666666666065,31.105555555553792,126.53333333332743,830.2137672464439,20,14,2,2,5,5271094438482974249
dustwake,1,Trail,Rookie,1,104007922,true,32.23333333333279,30.244444444442724,122.96666666666097,830.2137672464439,20,14,2,2,5,486488932708637543
dustwake,1,Trail,Club,0,104000003,true,32.24999999999945,30.3222222222205,123.21666666666096,830.2137672464439,20,14,2,2,5,-5112234875216696928
dustwake,1,Trail,Club,1,104007922,true,32.049999999999464,29.799999999998306,121.44999999999439,830.2137672464439,20,14,2,2,5,942839894529803236
dustwake,1,Trail,Pro,0,104000003,true,31.883333333332804,29.97777777777608,121.81666666666104,830.2137672464439,20,14,2,2,5,-7537015983969158668
dustwake,1,Trail,Pro,1,104007922,true,31.46666666666616,29.466666666664995,119.86666666666115,830.2137672464439,20,14,2,2,5,-3653269677531717648
dustwake,1,Trail,Champion,0,104000003,true,31.916666666666135,29.9999999999983,121.91666666666103,830.2137672464439,20,14,2,2,5,-4889070526127022019
dustwake,1,Trail,Champion,1,104007922,true,31.43333333333283,29.488888888887217,119.89999999999448,830.2137672464439,20,14,2,2,5,-1272413248944161655
dustwake,2,Flint,Rookie,0,104000003,true,32.26666666666612,30.422222222220494,123.5333333333276,830.2137672464439,20,14,2,2,5,-9002990572535027993
dustwake,2,Flint,Rookie,1,104007922,true,32.083333333332796,30.09444444444274,122.366666666661,830.2137672464439,20,14,2,2,5,-1330900105794708456
dustwake,2,Flint,Club,0,104000003,true,31.416666666666163,29.56666666666499,120.11666666666113,830.2137672464439,20,14,2,2,5,-8344533540986835246
dustwake,2,Flint,Club,1,104007922,true,31.08333333333285,29.272222222220563,118.89999999999453,830.2137672464439,20,14,2,2,5,-7746750111967946896
dustwake,2,Flint,Pro,0,104000003,true,30.549999999999546,29.011111111109468,117.58333333332794,830.2137672464439,20,14,2,2,5,-1922879500616573402
dustwake,2,Flint,Pro,1,104007922,true,30.41666666666622,28.827777777776145,116.89999999999465,830.2137672464439,20,14,2,2,5,-8107637393155315637
dustwake,2,Flint,Champion,0,104000003,true,30.68333333333287,28.994444444442802,117.66666666666127,830.2137672464439,20,14,2,2,5,3155382040730424215
dustwake,2,Flint,Champion,1,104007922,true,30.49999999999955,28.805555555553923,116.91666666666131,830.2137672464439,20,14,2,2,5,-6144397763370758210
dustwake,3,Quill,Rookie,0,104000003,true,31.43333333333283,29.43888888888722,119.74999999999449,830.2137672464439,20,14,2,2,5,4756073327748792988
dustwake,3,Quill,Rookie,1,104007922,true,31.299999999999503,29.32222222222056,119.26666666666118,830.2137672464439,20,14,2,2,5,-2845902579852245095
dustwake,3,Quill,Club,0,104000003,true,30.349999999999557,28.383333333331723,115.49999999999473,830.2137672464439,20,14,2,2,5,8218589138541985822
dustwake,3,Quill,Club,1,104007922,true,30.1833333333329,28.211111111109513,114.81666666666143,830.2137672464439,20,14,2,2,5,7149467761081574025
dustwake,3,Quill,Pro,0,104000003,true,29.74999999999959,28.0388888888873,113.86666666666149,830.2137672464439,20,14,2,2,5,-2920078436643859280
dustwake,3,Quill,Pro,1,104007922,true,29.433333333332943,27.666666666665098,112.43333333332824,830.2137672464439,20,14,2,2,5,-7172350157213419382
dustwake,3,Quill,Champion,0,104000003,true,29.766666666666257,27.999999999998412,113.7666666666615,830.2137672464439,20,14,2,2,5,-7368484855196971203
dustwake,3,Quill,Champion,1,104007922,true,29.416666666666277,27.799999999998423,112.81666666666155,830.2137672464439,20,14,2,2,5,-670810834356589923
dustwake,3,Vandal,Rookie,0,104000003,true,33.099999999999405,30.461111111109386,124.48333333332755,830.2137672464439,20,14,2,2,5,-53883996186483972
dustwake,3,Vandal,Rookie,1,104007922,true,31.849999999999472,29.677777777776097,120.88333333332776,830.2137672464439,20,14,2,2,5,-7437638788808686968
dustwake,3,Vandal,Club,0,104000003,true,31.616666666666152,28.994444444442802,118.59999999999455,830.2137672464439,20,14,2,2,5,-543956355611906023
dustwake,3,Vandal,Club,1,104007922,true,30.666666666666206,28.372222222220614,115.78333333332805,830.2137672464439,20,14,2,2,5,-5276274686681561167
dustwake,3,Vandal,Pro,0,104000003,true,30.516666666666215,27.983333333331746,114.46666666666145,830.2137672464439,20,14,2,2,5,2475900797293796111
dustwake,3,Vandal,Pro,1,104007922,true,29.86666666666625,27.283333333331786,111.71666666666161,830.2137672464439,20,14,2,2,5,1077538028447130731
dustwake,3,Vandal,Champion,0,104000003,true,30.33333333333289,27.83888888888731,113.84999999999482,830.2137672464439,20,14,2,2,5,-4859229929970411730
dustwake,3,Vandal,Champion,1,104007922,true,29.766666666666257,27.2944444444429,111.64999999999495,830.2137672464439,20,14,2,2,5,4694742399640087775
dustwake,4,Kestrel,Rookie,0,104000003,true,29.68333333333293,27.588888888887325,112.4499999999949,830.2137672464439,20,14,2,2,5,-6778618728094260935
dustwake,4,Kestrel,Rookie,1,104007922,true,29.066666666666297,26.983333333331803,110.0166666666617,830.2137672464439,20,14,2,2,5,4225925659285848808
dustwake,4,Kestrel,Club,0,104000003,true,28.46666666666633,26.822222222220702,108.93333333332843,830.2137672464439,20,14,2,2,5,-6448543202432708163
dustwake,4,Kestrel,Club,1,104007922,true,28.449999999999665,26.52222222222072,108.01666666666182,830.2137672464439,20,14,2,2,5,-5130754525654656597
dustwake,4,Kestrel,Pro,0,104000003,true,28.049999999999688,26.388888888887394,107.21666666666187,830.2137672464439,20,14,2,2,5,234993668492673935
dustwake,4,Kestrel,Pro,1,104007922,true,27.8499999999997,26.0777777777763,106.0833333333286,830.2137672464439,20,14,2,2,5,-7477086560331610848
dustwake,4,Kestrel,Champion,0,104000003,true,27.983333333333025,26.36666666666517,107.08333333332854,830.2137672464439,20,14,2,2,5,2756906464713585114
dustwake,4,Kestrel,Champion,1,104007922,true,27.749999999999705,26.09999999999852,106.04999999999526,830.2137672464439,20,14,2,2,5,7729411272848082542
dustwake,4,Bulwark,Rookie,0,104000003,true,31.3499999999995,29.77777777777609,120.68333333332777,830.2137672464439,20,14,2,2,5,1486195311054010700
dustwake,4,Bulwark,Rookie,1,104007922,true,30.88333333333286,28.599999999998378,116.683333333328,830.2137672464439,20,14,2,2,5,5983519275493405791
dustwake,4,Bulwark,Club,0,104000003,true,30.233333333332897,28.47222222222061,115.64999999999472,830.2137672464439,20,14,2,2,5,-1481784253416720891
dustwake,4,Bulwark,Club,1,104007922,true,29.816666666666254,27.727777777776208,112.99999999999487,830.2137672464439,20,14,2,2,5,-3357074285031089159
dustwake,4,Bulwark,Pro,0,104000003,true,29.316666666666283,27.46666666666511,111.71666666666161,830.2137672464439,20,14,2,2,5,1260505529097565144
dustwake,4,Bulwark,Pro,1,104007922,true,28.74999999999965,26.844444444442924,109.28333333332841,830.2137672464439,20,14,2,2,5,3101699223154316819
dustwake,4,Bulwark,Champion,0,104000003,true,29.383333333332946,27.433333333331777,111.68333333332828,830.2137672464439,20,14,2,2,5,-7314775235311979520
dustwake,4,Bulwark,Champion,1,104007922,true,28.69999999999965,26.822222222220702,109.16666666666175,830.2137672464439,20,14,2,2,5,2035834376654396682
mirage,0,Needle,Rookie,0,104000003,true,47.2499999999986,45.31111111112421,183.18333333337125,1128.1598900555423,24,17,2,2,5,-1262287368751155293
mirage,0,Needle,Rookie,1,104007922,true,46.51666666666531,44.77222222223469,180.83333333336938,1128.1598900555423,24,17,2,2,5,-5060072419634742502
mirage,0,Needle,Club,0,104000003,true,46.31666666666532,44.46666666667883,179.71666666670183,1128.1598900555423,24,17,2,2,5,-4955371993199430423
mirage,0,Needle,Club,1,104007922,true,45.716666666665354,43.833333333344825,177.21666666669984,1128.1598900555423,24,17,2,2,5,7840445158929675637
mirage,0,Needle,Pro,0,104000003,true,45.66666666666536,43.91111111112266,177.40000000003332,1128.1598900555423,24,17,2,2,5,8582460563545406913
mirage,0,Needle,Pro,1,104007922,true,45.33333333333204,43.59444444445564,176.11666666669896,1128.1598900555423,24,17,2,2,5,-849267428390053855
mirage,0,Needle,Champion,0,104000003,true,45.73333333333202,44.00000000001163,177.73333333336691,1128.1598900555423,24,17,2,2,5,3678934415187847966
mirage,0,Needle,Champion,1,104007922,true,45.399999999998705,43.6722222222335,176.4166666666992,1128.1598900555423,24,17,2,2,5,-6674001574588271597
mirage,0,Line,Rookie,0,104000003,true,48.33333333333187,45.194444444457766,183.91666666670517,1128.1598900555423,24,17,2,2,5,-5074981940297214334
mirage,0,Line,Rookie,1,104007922,true,47.43333333333192,44.61666666667927,181.28333333336974,1128.1598900555423,24,17,2,2,5,-4017348456429237649
mirage,0,Line,Club,0,104000003,true,46.78333333333196,43.88888888890073,178.45000000003415,1128.1598900555423,24,17,2,2,5,-2858010234807273285
mirage,0,Line,Club,1,104007922,true,46.01666666666534,42.977777777788674,174.95000000003137,1128.1598900555423,24,17,2,2,5,5680856826925593099
mirage,0,Line,Pro,0,104000003,true,45.79999999999868,42.78888888889958,174.1666666666974,1128.1598900555423,24,17,2,2,5,-8317313700468859670
mirage,0,Line,Pro,1,104007922,true,45.21666666666538,42.26111111112121,172.00000000002902,1128.1598900555423,24,17,2,2,5,-4778466712921795905
mirage,0,Line,Champion,0,104000003,true,45.56666666666536,42.700000000010554,173.666666666697,1128.1598900555423,24,17,2,2,5,9132993897315077874
mirage,0,Line,Champion,1,104007922,true,45.08333333333206,42.111111111121055,171.41666666669522,1128.1598900555423,24,17,2,2,5,-477222671324989720
mirage,1,Bastion,Rookie,0,104000003,true,47.28333333333193,43.483333333344994,177.73333333336691,1128.1598900555423,24,17,2,2,5,-8949635193047751768
mirage,1,Bastion,Rookie,1,104007922,true,46.066666666665334,41.73333333334326,171.2666666666951,1128.1598900555423,24,17,2,2,5,-131857592317044692
mirage,1,Bastion,Club,0,104000003,true,45.5499999999987,41.333333333342786,169.55000000002707,1128.1598900555423,24,17,2,2,5,5144508578523407380
mirage,1,Bastion,Club,1,104007922,true,44.64999999999875,40.58333333334193,166.40000000002456,1128.1598900555423,24,17,2,2,5,-9046349926482578252
mirage,1,Bastion,Pro,0,104000003,true,43.89999999999879,40.02222222223017,163.9666666666893,1128.1598900555423,24,17,2,2,5,-6192675120298227213
mirage,1,Bastion,Pro,1,104007922,true,43.28333333333216,39.383333333340595,161.43333333335394,1128.1598900555423,24,17,2,2,5,7493233658762154919
mirage,1,Bastion,Champion,0,104000003,true,43.7499999999988,39.99444444445232,163.73333333335577,1128.1598900555423,24,17,2,2,5,4069984411994704312
mirage,1,Bastion,Champion,1,104007922,true,43.1166666666655,39.327777777784945,161.10000000002034,1128.1598900555423,24,17,2,2,5,-1781555881507250840
mirage,2,Comet,Rookie,0,104000003,true,41.21666666666561,39.072222222228646,158.43333333335156,1128.1598900555423,24,17,2,2,5,4862423745497814426
mirage,2,Comet,Rookie,1,104007922,true,40.01666666666568,37.73888888889391,153.23333333334742,1128.1598900555423,24,17,2,2,5,4095635383521799050
mirage,2,Comet,Club,0,104000003,true,39.74999999999903,37.52777777778255,152.3333333333467,1128.1598900555423,24,17,2,2,5,7996891600220938228
mirage,2,Comet,Club,1,104007922,true,39.0333333333324,36.75555555555952,149.30000000001095,1128.1598900555423,24,17,2,2,5,-87257873267107658
mirage,2,Comet,Pro,0,104000003,true,38.86666666666574,36.466666666670356,148.2666666666768,1128.1598900555423,24,17,2,2,5,-1006950339142064699
mirage,2,Comet,Pro,1,104007922,true,38.29999999999911,35.988888888892035,146.2666666666752,1128.1598900555423,24,17,2,2,5,2152605223265762627
mirage,2,Comet,Champion,0,104000003,true,38.61666666666576,36.26111111111456,147.40000000000944,1128.1598900555423,24,17,2,2,5,-7595950233296321783
mirage,2,Comet,Champion,1,104007922,true,38.18333333333245,35.96666666666976,146.08333333334173,1128.1598900555423,24,17,2,2,5,2861905324280179036
mirage,1,Trail,Rookie,0,104000003,true,43.66666666666547,41.26666666667554,167.46666666669208,1128.1598900555423,24,17,2,2,5,-3763188890624863504
mirage,1,Trail,Rookie,1,104007922,true,42.716666666665525,40.716666666674826,164.86666666669,1128.1598900555423,24,17,2,2,5,1014936722279488880
mirage,1,Trail,Club,0,104000003,true,42.76666666666552,40.63888888889701,164.68333333335653,1128.1598900555423,24,17,2,2,5,-3529520602847621602
mirage,1,Trail,Club,1,104007922,true,42.399999999998876,40.3333333333411,163.40000000002217,1128.1598900555423,24,17,2,2,5,598300549482588489
mirage,1,Trail,Pro,0,104000003,true,42.283333333332216,40.411111111118906,163.51666666668893,1128.1598900555423,24,17,2,2,5,-5203019764676688731
mirage,1,Trail,Pro,1,104007922,true,42.14999999999889,40.144444444451985,162.58333333335486,1128.1598900555423,24,17,2,2,5,-3757834333654200831
mirage,1,Trail,Champion,0,104000003,true,42.366666666665544,40.455555555563414,163.73333333335577,1128.1598900555423,24,17,2,2,5,-3365254304516181938
mirage,1,Trail,Champion,1,104007922,true,42.11666666666556,40.19444444445202,162.70000000002162,1128.1598900555423,24,17,2,2,5,-4208807005130172060
mirage,2,Flint,Rookie,0,104000003,true,42.33333333333221,40.22222222222988,163.00000000002186,1128.1598900555423,24,17,2,2,5,5383101531711860830
mirage,2,Flint,Rookie,1,104007922,true,40.91666666666563,39.49444444445112,159.400000000019,1128.1598900555423,24,17,2,2,5,-1643854173817385366
mirage,2,Flint,Club,0,104000003,true,41.13333333333228,39.41111111111778,159.36666666668563,1128.1598900555423,24,17,2,2,5,-3570088172715646880
mirage,2,Flint,Club,1,104007922,true,40.69999999999897,39.050000000006264,157.85000000001776,1128.1598900555423,24,17,2,2,5,8028737155196578123
mirage,2,Flint,Pro,0,104000003,true,40.66666666666564,38.98333333333954,157.61666666668424,1128.1598900555423,24,17,2,2,5,-7832112682032527551
mirage,2,Flint,Pro,1,104007922,true,40.46666666666565,38.80555555556156,156.88333333335032,1128.1598900555423,24,17,2,2,5,2002130048909482110
mirage,2,Flint,Champion,0,104000003,true,40.71666666666564,39.022222222228464,157.78333333335104,1128.1598900555423,24,17,2,2,5,-8250633407813874473
mirage,2,Flint,Champion,1,104007922,true,40.51666666666565,38.88888888889497,157.18333333335056,1128.1598900555423,24,17,2,2,5,8761043246090652987
mirage,3,Quill,Rookie,0,104000003,true,40.08333333333234,38.25000000000545,154.8333333333487,1128.1598900555423,24,17,2,2,5,-8430851494124221792
mirage,3,Quill,Rookie,1,104007922,true,39.86666666666569,38.105555555560834,154.18333333334817,1128.1598900555423,24,17,2,2,5,-2194489712856360893
mirage,3,Quill,Club,0,104000003,true,39.6166666666657,37.67222222222708,152.63333333334694,1128.1598900555423,24,17,2,2,5,-3776344523171431035
mirage,3,Quill,Club,1,104007922,true,39.283333333332386,37.494444444449066,151.76666666667958,1128.1598900555423,24,17,2,2,5,5517981768603218872
mirage,3,Quill,Pro,0,104000003,true,39.11666666666573,37.394444444448936,151.30000000001255,1128.1598900555423,24,17,2,2,5,-6980844259310208631
mirage,3,Quill,Pro,1,104007922,true,38.83333333333241,37.17777777778202,150.36666666667847,1128.1598900555423,24,17,2,2,5,9079574161440147391
mirage,3,Quill,Champion,0,104000003,true,39.14999999999906,37.41111111111562,151.38333333334594,1128.1598900555423,24,17,2,2,5,-4316254369400835504
mirage,3,Quill,Champion,1,104007922,true,38.91666666666574,37.1833333333376,150.46666666667855,1128.1598900555423,24,17,2,2,5,72895870990513880
mirage,3,Vandal,Rookie,0,104000003,true,40.33333333333233,37.522222222227164,152.90000000001382,1128.1598900555423,24,17,2,2,5,4138153031299948786
mirage,3,Vandal,Rookie,1,104007922,true,39.283333333332386,36.81111111111519,149.71666666667795,1128.1598900555423,24,17,2,2,5,886416291498459345
mirage,3,Vandal,Club,0,104000003,true,38.91666666666574,36.033333333336685,147.0166666666758,1128.1598900555423,24,17,2,2,5,2580947978662385314
mirage,3,Vandal,Club,1,104007922,true,38.03333333333246,35.4000000000026,144.23333333334025,1128.1598900555423,24,17,2,2,5,7247238227439987317
mirage,3,Vandal,Pro,0,104000003,true,37.79999999999914,35.155555555557896,143.26666666667282,1128.1598900555423,24,17,2,2,5,7513846810738984572
mirage,3,Vandal,Pro,1,104007922,true,37.24999999999917,34.605555555557295,141.06666666667107,1128.1598900555423,24,17,2,2,5,4946971596517037968
mirage,3,Vandal,Champion,0,104000003,true,37.69999999999914,35.10555555555783,143.01666666667262,1128.1598900555423,24,17,2,2,5,2434387393277832870
mirage,3,Vandal,Champion,1,104007922,true,37.149999999999174,34.694444444446226,141.23333333333787,1128.1598900555423,24,17,2,2,5,4758882042325484040
mirage,4,Kestrel,Rookie,0,104000003,true,37.883333333332466,35.955555555558554,145.75000000000813,1128.1598900555423,24,17,2,2,5,6331202230095699767
mirage,4,Kestrel,Rookie,1,104007922,true,37.79999999999914,35.627777777780494,144.6833333333406,1128.1598900555423,24,17,2,2,5,-7354825754676819046
mirage,4,Kestrel,Club,0,104000003,true,37.31666666666583,35.41111111111351,143.55000000000638,1128.1598900555423,24,17,2,2,5,-8501300702606255776
mirage,4,Kestrel,Club,1,104007922,true,37.04999999999918,35.255555555557756,142.81666666667246,1128.1598900555423,24,17,2,2,5,2172492223843264779
mirage,4,Kestrel,Pro,0,104000003,true,36.98333333333252,35.30555555555778,142.90000000000586,1128.1598900555423,24,17,2,2,5,-709450757826014405
mirage,4,Kestrel,Pro,1,104007922,true,36.78333333333253,35.066666666668645,141.98333333333846,1128.1598900555423,24,17,2,2,5,4569113346657580133
mirage,4,Kestrel,Champion,0,104000003,true,36.916666666665854,35.31666666666888,142.8666666666725,1128.1598900555423,24,17,2,2,5,2693464997930593805
mirage,4,Kestrel,Champion,1,104007922,true,36.73333333333253,35.06111111111307,141.91666666667174,1128.1598900555423,24,17,2,2,5,-8247852353953822153
mirage,4,Bulwark,Rookie,0,104000003,true,39.38333333333238,36.950000000004216,150.23333333334503,1128.1598900555423,24,17,2,2,5,5091644440728651932
mirage,4,Bulwark,Rookie,1,104007922,true,38.09999999999912,35.80000000000294,145.50000000000793,1128.1598900555423,24,17,2,2,5,-2470498134280875479
mirage,4,Bulwark,Club,0,104000003,true,37.74999999999914,35.57222222222487,144.46666666667377,1128.1598900555423,24,17,2,2,5,7796059004266748278
mirage,4,Bulwark,Club,1,104007922,true,36.88333333333252,34.883333333335194,141.5333333333381,1128.1598900555423,24,17,2,2,5,1595197293399498475
mirage,4,Bulwark,Pro,0,104000003,true,36.78333333333253,34.800000000001766,141.18333333333783,1128.1598900555423,24,17,2,2,5,499014623296766288
mirage,4,Bulwark,Pro,1,104007922,true,36.249999999999226,34.26111111111229,139.03333333333612,1128.1598900555423,24,17,2,2,5,-3400707301991214518
mirage,4,Bulwark,Champion,0,104000003,true,36.799999999999194,34.766666666668414,141.10000000000443,1128.1598900555423,24,17,2,2,5,771990296152211461
mirage,4,Bulwark,Champion,1,104007922,true,36.28333333333256,34.300000000001226,139.18333333333624,1128.1598900555423,24,17,2,2,5,1556360205879593888
sunspike,0,Needle,Rookie,0,104000003,true,58.249999999997975,56.20555555558045,226.86666666673935,1432.9156599392657,28,9,2,2,5,8425569808865215154
sunspike,0,Needle,Rookie,1,104007922,true,57.59999999999801,55.36666666669072,223.70000000007016,1432.9156599392657,28,9,2,2,5,-4717708286202712252
sunspike,0,Needle,Club,0,104000003,true,57.24999999999803,55.25555555557941,223.01666666673628,1432.9156599392657,28,9,2,2,5,-3246993512798043490
sunspike,0,Needle,Club,1,104007922,true,56.54999999999807,54.761111111134376,220.8333333334012,1432.9156599392657,28,9,2,2,5,-3647713268873692939
sunspike,0,Needle,Pro,0,104000003,true,56.6333333333314,54.922222222245644,221.40000000006833,1432.9156599392657,28,9,2,2,5,-357660513268301802
sunspike,0,Needle,Pro,1,104007922,true,56.266666666664754,54.533333333356346,219.86666666673378,1432.9156599392657,28,9,2,2,5,8873870904317636034
sunspike,0,Needle,Champion,0,104000003,true,56.74999999999806,55.00000000002351,221.7500000000686,1432.9156599392657,28,9,2,2,5,-4167074642277177506
sunspike,0,Needle,Champion,1,104007922,true,56.416666666664746,54.64444444446758,220.3500000000675,1432.9156599392657,28,9,2,2,5,-9000347413767080190
sunspike,0,Line,Rookie,0,104000003,true,58.26666666666464,55.28888888891307,224.13333333340384,1432.9156599392657,28,9,2,2,5,-3670125079161378865
sunspike,0,Line,Rookie,1,104007922,true,57.06666666666471,54.305555555578614,219.98333333340054,1432.9156599392657,28,9,2,2,5,1176860954181870560
sunspike,0,Line,Club,0,104000003,true,57.01666666666471,53.722222222244795,218.1833333333991,1432.9156599392657,28,9,2,2,5,3949280857653544910
sunspike,0,Line,Club,1,104007922,true,56.11666666666476,53.04444444446622,215.25000000006344,1432.9156599392657,28,9,2,2,5,6667695070299414128
sunspike,0,Line,Pro,0,104000003,true,55.63333333333146,52.70555555557693,213.75000000006224,1432.9156599392657,28,9,2,2,5,1587150449309902450
sunspike,0,Line,Pro,1,104007922,true,55.18333333333148,52.25000000002088,211.93333333339413,1432.9156599392657,28,9,2,2,5,-4332347625074755276
sunspike,0,Line,Champion,0,104000003,true,55.566666666664794,52.605555555576835,213.38333333339529,1432.9156599392657,28,9,2,2,5,6403599657715323645
sunspike,0,Line,Champion,1,104007922,true,55.133333333331485,52.15555555557635,211.60000000006053,1432.9156599392657,28,9,2,2,5,90164577992480143
sunspike,1,Bastion,Rookie,0,104000003,true,54.866666666664834,50.694444444464004,206.95000000005683,1432.9156599392657,28,9,2,2,5,759112020985134191
sunspike,1,Bastion,Rookie,1,104007922,true,54.166666666664874,49.80000000001865,203.5666666667208,1432.9156599392657,28,9,2,2,5,8967537815334190559
sunspike,1,Bastion,Club,0,104000003,true,53.44999999999825,49.33888888890696,201.46666666671914,1432.9156599392657,28,9,2,2,5,-8085256771816444538
sunspike,1,Bastion,Club,1,104007922,true,52.23333333333165,48.5222222222393,197.80000000004955,1432.9156599392657,28,9,2,2,5,8810244739588568486
sunspike,1,Bastion,Pro,0,104000003,true,51.79999999999834,47.85555555557198,195.36666666671428,1432.9156599392657,28,9,2,2,5,-3975827849026417970
sunspike,1,Bastion,Pro,1,104007922,true,51.26666666666504,47.327777777793635,193.25000000004593,1432.9156599392657,28,9,2,2,5,2458521863244214658
sunspike,1,Bastion,Champion,0,104000003,true,51.73333333333168,47.8777777777942,195.36666666671428,1432.9156599392657,28,9,2,2,5,7255221650516595623
sunspike,1,Bastion,Champion,1,104007922,true,51.26666666666504,47.333333333349195,193.2666666667126,1432.9156599392657,28,9,2,2,5,8176712681341786174
sunspike,2,Comet,Rookie,0,104000003,true,48.73333333333185,46.083333333347476,186.98333333337428,1432.9156599392657,28,9,2,2,5,9204330093885896662
sunspike,2,Comet,Rookie,1,104007922,true,47.933333333331895,45.44444444445785,184.26666666670545,1432.9156599392657,28,9,2,2,5,-9203852448754850965
sunspike,2,Comet,Club,0,104000003,true,47.2499999999986,44.794444444457135,181.63333333337002,1432.9156599392657,28,9,2,2,5,-2670493475833883221
sunspike,2,Comet,Club,1,104007922,true,46.59999999999864,44.10000000001196,178.9000000000345,1432.9156599392657,28,9,2,2,5,-5258603257361919940
sunspike,2,Comet,Pro,0,104000003,true,46.19999999999866,43.97777777778953,178.13333333336723,1432.9156599392657,28,9,2,2,5,2209404943949688313
sunspike,2,Comet,Pro,1,104007922,true,45.89999999999868,43.55000000001132,176.55000000003264,1432.9156599392657,28,9,2,2,5,-5322691279474652041
sunspike,2,Comet,Champion,0,104000003,true,46.14999999999866,43.888888888900546,177.8166666667003,1432.9156599392657,28,9,2,2,5,-8558871977239778918
sunspike,2,Comet,Champion,1,104007922,true,45.78333333333202,43.50000000001125,176.28333333336576,1432.9156599392657,28,9,2,2,5,8010965597870261150
sunspike,1,Trail,Rookie,0,104000003,true,53.63333333333157,51.422222222242006,207.9000000000576,1432.9156599392657,28,9,2,2,5,-2022482115860678555
sunspike,1,Trail,Rookie,1,104007922,true,52.86666666666495,50.744444444463475,205.10000000005536,1432.9156599392657,28,9,2,2,5,7629446525724550622
sunspike,1,Trail,Club,0,104000003,true,53.09999999999827,50.87777777779698,205.7333333333892,1432.9156599392657,28,9,2,2,5,-4675147451756016907
sunspike,1,Trail,Club,1,104007922,true,52.599999999998296,50.48888888890764,204.0666666667212,1432.9156599392657,28,9,2,2,5,-1497107437281478749
sunspike,1,Trail,Pro,0,104000003,true,52.78333333333162,50.82222222224129,205.25000000005548,1432.9156599392657,28,9,2,2,5,-6819008537550835806
sunspike,1,Trail,Pro,1,104007922,true,52.4999999999983,50.48333333335205,203.95000000005444,1432.9156599392657,28,9,2,2,5,1296041570019894004
sunspike,1,Trail,Champion,0,104000003,true,52.76666666666495,50.80555555557461,205.18333333338876,1432.9156599392657,28,9,2,2,5,6315309221746100380
sunspike,1,Trail,Champion,1,104007922,true,52.43333333333164,50.50000000001871,203.93333333338776,1432.9156599392657,28,9,2,2,5,1051238451446397330
sunspike,2,Flint,Rookie,0,104000003,true,51.68333333333168,49.6111111111289,200.51666666671838,1432.9156599392657,28,9,2,2,5,-7345671981133480004
sunspike,2,Flint,Rookie,1,104007922,true,50.933333333331724,49.13333333335053,198.3333333333833,1432.9156599392657,28,9,2,2,5,-5364919409438315176
sunspike,2,Flint,Club,0,104000003,true,50.7499999999984,48.86666666668359,197.3500000000492,1432.9156599392657,28,9,2,2,5,3111022596147217109
sunspike,2,Flint,Club,1,104007922,true,50.349999999998424,48.77222222223896,196.66666666671532,1432.9156599392657,28,9,2,2,5,5004131979532666020
sunspike,2,Flint,Pro,0,104000003,true,50.149999999998435,48.56111111112762,195.83333333338132,1432.9156599392657,28,9,2,2,5,-1691152827443698999
sunspike,2,Flint,Pro,1,104007922,true,50.1666666666651,48.41111111112752,195.40000000004764,1432.9156599392657,28,9,2,2,5,-102506860068996628
sunspike,2,Flint,Champion,0,104000003,true,50.266666666665095,48.600000000016585,196.06666666671484,1432.9156599392657,28,9,2,2,5,-1519200041131908808
sunspike,2,Flint,Champion,1,104007922,true,50.13333333333177,48.4944444444609,195.61666666671448,1432.9156599392657,28,9,2,2,5,70871673143020574
sunspike,3,Quill,Rookie,0,104000003,true,49.28333333333182,47.04444444445951,190.41666666671034,1432.9156599392657,28,9,2,2,5,5608901866715587525
sunspike,3,Quill,Rookie,1,104007922,true,48.58333333333186,46.99444444445927,189.56666666670966,1432.9156599392657,28,9,2,2,5,-1141495027354308033
sunspike,3,Quill,Club,0,104000003,true,48.3666666666652,46.455555555569894,187.73333333337487,1432.9156599392657,28,9,2,2,5,-9017433139856259653
sunspike,3,Quill,Club,1,104007922,true,48.24999999999854,46.49444444445877,187.73333333337487,1432.9156599392657,28,9,2,2,5,1967749298590816203
sunspike,3,Quill,Pro,0,104000003,true,48.21666666666521,46.466666666680965,187.6166666667081,1432.9156599392657,28,9,2,2,5,-8151672112517629258
sunspike,3,Quill,Pro,1,104007922,true,47.933333333331895,46.17777777779177,186.4666666667072,1432.9156599392657,28,9,2,2,5,-7847489908257117249
sunspike,3,Quill,Champion,0,104000003,true,48.18333333333188,46.51111111112544,187.7166666667082,1432.9156599392657,28,9,2,2,5,5635205059302266679
sunspike,3,Quill,Champion,1,104007922,true,47.966666666665226,46.22777777779182,186.65000000004068,1432.9156599392657,28,9,2,2,5,2222690123273203298
sunspike,3,Vandal,Rookie,0,104000003,true,47.616666666665246,44.9388888889018,182.43333333337065,1432.9156599392657,28,9,2,2,5,97796367433068713
sunspike,3,Vandal,Rookie,1,104007922,true,47.33333333333193,44.283333333345645,180.18333333336886,1432.9156599392657,28,9,2,2,5,2639530541390281770
sunspike,3,Vandal,Club,0,104000003,true,46.24999999999866,43.594444444455895,177.03333333336636,1432.9156599392657,28,9,2,2,5,7912508716821809531
sunspike,3,Vandal,Club,1,104007922,true,45.69999999999869,42.98888888889971,174.6666666666978,1432.9156599392657,28,9,2,2,5,7427240280430343554
sunspike,3,Vandal,Pro,0,104000003,true,45.366666666665374,42.79444444445502,173.7500000000304,1432.9156599392657,28,9,2,2,5,1905266832918014338
sunspike,3,Vandal,Pro,1,104007922,true,44.9666666666654,42.416666666676825,172.21666666669586,1432.9156599392657,28,9,2,2,5,2826450772646416304
sunspike,3,Vandal,Champion,0,104000003,true,45.26666666666538,42.70000000001047,173.36666666669677,1432.9156599392657,28,9,2,2,5,9048353798078822859
sunspike,3,Vandal,Champion,1,104007922,true,44.84999999999874,42.30000000001002,171.75000000002882,1432.9156599392657,28,9,2,2,5,-625202937092241840
sunspike,4,Kestrel,Rookie,0,104000003,true,46.14999999999866,44.305555555567544,179.0666666667013,1432.9156599392657,28,9,2,2,5,3427448652774435518
sunspike,4,Kestrel,Rookie,1,104007922,true,45.91666666666534,44.11666666667844,178.26666666670067,1432.9156599392657,28,9,2,2,5,-3625482018204841374
sunspike,4,Kestrel,Club,0,104000003,true,45.68333333333202,43.9055555555671,177.40000000003332,1432.9156599392657,28,9,2,2,5,1892741736186438030
sunspike,4,Kestrel,Club,1,104007922,true,45.53333333333203,43.777777777789176,176.86666666669956,1432.9156599392657,28,9,2,2,5,3106689762558222945
sunspike,4,Kestrel,Pro,0,104000003,true,45.53333333333203,43.816666666678096,176.98333333336632,1432.9156599392657,28,9,2,2,5,8908090373316167068
sunspike,4,Kestrel,Pro,1,104007922,true,45.249999999998714,43.52222222223333,175.81666666669872,1432.9156599392657,28,9,2,2,5,-1937932704817756572
sunspike,4,Kestrel,Champion,0,104000003,true,45.43333333333204,43.84444444445587,176.96666666669964,1432.9156599392657,28,9,2,2,5,-3078996833980338606
sunspike,4,Kestrel,Champion,1,104007922,true,45.23333333333205,43.60000000001117,176.03333333336556,1432.9156599392657,28,9,2,2,5,-7863812335268363629
sunspike,4,Bulwark,Rookie,0,104000003,true,46.54999999999864,43.95000000001182,178.4000000000341,1432.9156599392657,28,9,2,2,5,-6399399646573115528
sunspike,4,Bulwark,Rookie,1,104007922,true,45.64999999999869,43.272222222233246,175.46666666669844,1432.9156599392657,28,9,2,2,5,7589449439804920960
sunspike,4,Bulwark,Club,0,104000003,true,45.133333333332054,42.861111111121666,173.71666666669705,1432.9156599392657,28,9,2,2,5,7841136250399433947
sunspike,4,Bulwark,Club,1,104007922,true,44.41666666666543,42.3555555555655,171.48333333336194,1432.9156599392657,28,9,2,2,5,-5149223613067895937
sunspike,4,Bulwark,Pro,0,104000003,true,44.26666666666544,42.350000000009906,171.31666666669514,1432.9156599392657,28,9,2,2,5,6308420418371368925
sunspike,4,Bulwark,Pro,1,104007922,true,43.78333333333213,41.877777777787166,169.41666666669363,1432.9156599392657,28,9,2,2,5,-3760017287088597095
sunspike,4,Bulwark,Champion,0,104000003,true,44.26666666666544,42.377777777787706,171.40000000002854,1432.9156599392657,28,9,2,2,5,8398633884575055872
sunspike,4,Bulwark,Champion,1,104007922,true,43.86666666666546,41.922222222231674,169.63333333336047,1432.9156599392657,28,9,2,2,5,-3813310052071061923
sluice,0,Needle,Rookie,0,104000003,true,41.233333333332276,39.29444444445105,159.11666666668543,957.0610696571903,18,14,2,2,5,4246743741995253189
sluice,0,Needle,Rookie,1,104007922,true,40.43333333333232,38.65555555556143,156.4000000000166,957.0610696571903,18,14,2,2,5,-7769111320434665327
sluice,0,Needle,Club,0,104000003,true,40.58333333333231,38.62777777778367,156.46666666668332,957.0610696571903,18,14,2,2,5,2111849421568853217
sluice,0,Needle,Club,1,104007922,true,39.89999999999902,38.11666666667196,154.2500000000149,957.0610696571903,18,14,2,2,5,8086013613255411526
sluice,0,Needle,Pro,0,104000003,true,39.96666666666568,38.19444444444982,154.55000000001513,957.0610696571903,18,14,2,2,5,-305154100569462881
sluice,0,Needle,Pro,1,104007922,true,39.54999999999904,37.794444444449375,152.93333333334718,957.0610696571903,18,14,2,2,5,-8964584722695075325
sluice,0,Needle,Champion,0,104000003,true,39.98333333333235,38.26111111111654,154.76666666668197,957.0610696571903,18,14,2,2,5,-1220239589603084284
sluice,0,Needle,Champion,1,104007922,true,39.566666666665704,37.86111111111611,153.15000000001402,957.0610696571903,18,14,2,2,5,-4318993759806983215
sluice,0,Line,Rookie,0,104000003,true,42.833333333332185,39.711111111118505,161.9666666666877,957.0610696571903,18,14,2,2,5,-8068262918888972026
sluice,0,Line,Rookie,1,104007922,true,41.699999999998916,38.92777777778423,158.4833333333516,957.0610696571903,18,14,2,2,5,-3599903603307902461
sluice,0,Line,Club,0,104000003,true,41.39999999999893,38.577777777783865,157.13333333335052,957.0610696571903,18,14,2,2,5,-786151835765874970
sluice,0,Line,Club,1,104007922,true,40.733333333332304,37.866666666671996,154.3333333333483,957.0610696571903,18,14,2,2,5,-8178720254950233006
sluice,0,Line,Pro,0,104000003,true,40.383333333332324,37.46111111111602,152.76666666668038,957.0610696571903,18,14,2,2,5,-6492851697683416021
sluice,0,Line,Pro,1,104007922,true,39.93333333333235,36.86666666667097,150.53333333334527,957.0610696571903,18,14,2,2,5,2996964751847958939
sluice,0,Line,Champion,0,104000003,true,40.266666666665664,37.38333333333815,152.4166666666801,957.0610696571903,18,14,2,2,5,3294093931036317057
sluice,0,Line,Champion,1,104007922,true,39.799999999999024,36.92222222222654,150.56666666667863,957.0610696571903,18,14,2,2,5,-2936972760513722130
sluice,1,Bastion,Rookie,0,104000003,true,42.49999999999887,37.98333333333926,156.45000000001664,957.0610696571903,18,14,2,2,5,-4969644910442191342
sluice,1,Bastion,Rookie,1,104007922,true,41.28333333333227,37.311111111116155,153.21666666668074,957.0610696571903,18,14,2,2,5,5740235862881773184
sluice,1,Bastion,Club,0,104000003,true,40.533333333332315,36.638888888893185,150.45000000001187,957.0610696571903,18,14,2,2,5,-6170263793749653760
sluice,1,Bastion,Club,1,104007922,true,39.683333333332364,35.950000000003506,147.53333333334288,957.0610696571903,18,14,2,2,5,7531995426029021930
sluice,1,Bastion,Pro,0,104000003,true,39.38333333333238,35.60000000000314,146.1833333333418,957.0610696571903,18,14,2,2,5,-963755339790191755
sluice,1,Bastion,Pro,1,104007922,true,38.79999999999908,34.97777777778026,143.73333333333986,957.0610696571903,18,14,2,2,5,407977347274356932
sluice,1,Bastion,Champion,0,104000003,true,39.283333333332386,35.572222222225314,146.00000000000833,957.0610696571903,18,14,2,2,5,-8034615292560282129
sluice,1,Bastion,Champion,1,104007922,true,38.73333333333242,34.98888888889136,143.7000000000065,957.0610696571903,18,14,2,2,5,-639091421675405711
sluice,2,Comet,Rookie,0,104000003,true,36.96666666666585,34.666666666668384,140.966666666671,957.0610696571903,18,14,2,2,5,-814461132975643250
sluice,2,Comet,Rookie,1,104007922,true,36.249999999999226,33.933333333334254,138.050000000002,957.0610696571903,18,14,2,2,5,-7424785433744715571
sluice,2,Comet,Club,0,104000003,true,35.76666666666592,33.07777777777789,134.99999999999957,957.0610696571903,18,14,2,2,5,-2233964487020495199
sluice,2,Comet,Club,1,104007922,true,35.06666666666596,32.51111111111057,132.59999999999766,957.0610696571903,18,14,2,2,5,5392080711365135932
sluice,2,Comet,Pro,0,104000003,true,34.68333333333265,32.32777777777698,131.6666666666636,957.0610696571903,18,14,2,2,5,2304345463684566862
sluice,2,Comet,Pro,1,104007922,true,34.183333333332676,31.827777777776436,129.666666666662,957.0610696571903,18,14,2,2,5,-4196956709308364379
sluice,2,Comet,Champion,0,104000003,true,34.46666666666599,32.288888888888,131.33333333333,957.0610696571903,18,14,2,2,5,-4670668944235101403
sluice,2,Comet,Champion,1,104007922,true,34.13333333333268,31.89999999999871,129.8333333333288,957.0610696571903,18,14,2,2,5,-1252874685730706964
sluice,1,Trail,Rookie,0,104000003,true,38.03333333333246,35.60000000000276,144.83333333334073,957.0610696571903,18,14,2,2,5,1123444123177220413
sluice,1,Trail,Rookie,1,104007922,true,37.21666666666584,35.377777777780125,143.35000000000622,957.0610696571903,18,14,2,2,5,-8551449041405603714
sluice,1,Trail,Club,0,104000003,true,37.24999999999917,35.22222222222445,142.91666666667254,957.0610696571903,18,14,2,2,5,-4729715134405843681
sluice,1,Trail,Club,1,104007922,true,36.98333333333252,34.95000000000194,141.83333333333835,957.0610696571903,18,14,2,2,5,-1871394051522903126
sluice,1,Trail,Pro,0,104000003,true,36.98333333333252,34.94444444444638,141.81666666667167,957.0610696571903,18,14,2,2,5,-5676668706921344991
sluice,1,Trail,Pro,1,104007922,true,36.7499999999992,34.75000000000171,141.00000000000435,957.0610696571903,18,14,2,2,5,498519810737766033
sluice,1,Trail,Champion,0,104000003,true,36.916666666665854,35.01111111111308,141.9500000000051,957.0610696571903,18,14,2,2,5,6283802583163017354
sluice,1,Trail,Champion,1,104007922,true,36.716666666665866,34.788888888890625,141.08333333333775,957.0610696571903,18,14,2,2,5,7973585473316267446
sluice,2,Flint,Rookie,0,104000003,true,36.84999999999919,34.73333333333506,141.0500000000044,957.0610696571903,18,14,2,2,5,-6734616294209427595
sluice,2,Flint,Rookie,1,104007922,true,36.34999999999922,34.37777777777908,139.48333333333647,957.0610696571903,18,14,2,2,5,-1247478146922659804
sluice,2,Flint,Club,0,104000003,true,36.1666666666659,34.36666666666792,139.26666666666964,957.0610696571903,18,14,2,2,5,5388479900854383052
sluice,2,Flint,Club,1,104007922,true,35.93333333333258,33.96666666666753,137.83333333333516,957.0610696571903,18,14,2,2,5,-7016777090559186241
sluice,2,Flint,Pro,0,104000003,true,35.666666666665925,33.8500000000007,137.216666666668,957.0610696571903,18,14,2,2,5,-4722452820361524132
sluice,2,Flint,Pro,1,104007922,true,35.41666666666594,33.74444444444498,136.6500000000009,957.0610696571903,18,14,2,2,5,7966734194224312840
sluice,2,Flint,Champion,0,104000003,true,35.549999999999265,33.900000000000695,137.25000000000136,957.0610696571903,18,14,2,2,5,-4620284920115526839
sluice,2,Flint,Champion,1,104007922,true,35.44999999999927,33.80000000000059,136.85000000000105,957.0610696571903,18,14,2,2,5,-7053231836617970160
sluice,3,Quill,Rookie,0,104000003,true,35.5333333333326,33.566666666667096,136.2333333333339,957.0610696571903,18,14,2,2,5,-7550481434557184715
sluice,3,Quill,Rookie,1,104007922,true,35.11666666666596,32.78888888888858,133.4833333333317,957.0610696571903,18,14,2,2,5,-8362263366989805440
sluice,3,Quill,Club,0,104000003,true,34.59999999999932,32.80555555555512,133.01666666666466,957.0610696571903,18,14,2,2,5,4722733616763335362
sluice,3,Quill,Club,1,104007922,true,34.533333333332656,32.683333333332776,132.58333333333098,957.0610696571903,18,14,2,2,5,-5997122514399950379
sluice,3,Quill,Pro,0,104000003,true,34.499999999999325,32.71111111111057,132.63333333333102,957.0610696571903,18,14,2,2,5,5348867177933039919
sluice,3,Quill,Pro,1,104007922,true,34.19999999999934,32.394444444443565,131.38333333333003,957.0610696571903,18,14,2,2,5,1265503332931208130
sluice,3,Quill,Champion,0,104000003,true,34.43333333333266,32.70555555555499,132.54999999999762,957.0610696571903,18,14,2,2,5,6426887482945035892
sluice,3,Quill,Champion,1,104007922,true,34.16666666666601,32.4999999999992,131.6666666666636,957.0610696571903,18,14,2,2,5,-3461308215786033240
sluice,3,Vandal,Rookie,0,104000003,true,35.81666666666592,33.09444444444458,135.09999999999965,957.0610696571903,18,14,2,2,5,8606170808090949753
sluice,3,Vandal,Rookie,1,104007922,true,34.86666666666597,32.28888888888812,131.7333333333303,957.0610696571903,18,14,2,2,5,3393976657508200664
sluice,3,Vandal,Club,0,104000003,true,34.66666666666598,32.0055555555545,130.68333333332947,957.0610696571903,18,14,2,2,5,-6459162541769523756
sluice,3,Vandal,Club,1,104007922,true,34.183333333332676,31.28333333333156,128.03333333332736,957.0610696571903,18,14,2,2,5,7764837625734740827
sluice,3,Vandal,Pro,0,104000003,true,33.7833333333327,31.172222222220455,127.29999999999406,957.0610696571903,18,14,2,2,5,689903088361072653
sluice,3,Vandal,Pro,1,104007922,true,33.18333333333273,30.6444444444427,125.11666666666085,957.0610696571903,18,14,2,2,5,7555997240586993393
sluice,3,Vandal,Champion,0,104000003,true,33.566666666666045,31.07777777777601,126.79999999999409,957.0610696571903,18,14,2,2,5,-6856680947052319884
sluice,3,Vandal,Champion,1,104007922,true,33.18333333333273,30.688888888887146,125.24999999999417,957.0610696571903,18,14,2,2,5,9082228165593752313
sluice,4,Kestrel,Rookie,0,104000003,true,33.43333333333272,31.405555555553775,127.64999999999404,957.0610696571903,18,14,2,2,5,8888329156983222047
sluice,4,Kestrel,Rookie,1,104007922,true,33.38333333333272,31.011111111109347,126.41666666666077,957.0610696571903,18,14,2,2,5,-7830080459045358693
sluice,4,Kestrel,Club,0,104000003,true,32.83333333333275,30.961111111109357,125.71666666666081,957.0610696571903,18,14,2,2,5,-8730783160764896033
sluice,4,Kestrel,Club,1,104007922,true,32.84999999999942,30.79999999999825,125.24999999999417,957.0610696571903,18,14,2,2,5,-1091145868456179931
sluice,4,Kestrel,Pro,0,104000003,true,32.48333333333277,30.83888888888714,124.99999999999419,957.0610696571903,18,14,2,2,5,5534505427800215827
sluice,4,Kestrel,Pro,1,104007922,true,32.283333333332784,30.52777777777605,123.86666666666092,957.0610696571903,18,14,2,2,5,9126891768883988995
sluice,4,Kestrel,Champion,0,104000003,true,32.49999999999944,30.83333333333158,124.99999999999419,957.0610696571903,18,14,2,2,5,-3226407077564282361
sluice,4,Kestrel,Champion,1,104007922,true,32.23333333333279,30.59999999999826,124.03333333332758,957.0610696571903,18,14,2,2,5,-8333880821262420674
sluice,4,Bulwark,Rookie,0,104000003,true,34.616666666665985,32.47777777777708,132.04999999999723,957.0610696571903,18,14,2,2,5,-2028301807305105324
sluice,4,Bulwark,Rookie,1,104007922,true,33.63333333333271,31.905555555554127,129.34999999999508,957.0610696571903,18,14,2,2,5,-1460896438012439555
sluice,4,Bulwark,Club,0,104000003,true,33.49999999999938,31.472222222220438,127.91666666666069,957.0610696571903,18,14,2,2,5,675436400464314698
sluice,4,Bulwark,Club,1,104007922,true,32.91666666666608,30.81111111110936,125.34999999999417,957.0610696571903,18,14,2,2,5,1834092132089661647
sluice,4,Bulwark,Pro,0,104000003,true,32.58333333333277,30.711111111109364,124.71666666666087,957.0610696571903,18,14,2,2,5,5021828231451411106
sluice,4,Bulwark,Pro,1,104007922,true,32.18333333333279,30.172222222220512,122.69999999999432,957.0610696571903,18,14,2,2,5,-7893778369045683888
sluice,4,Bulwark,Champion,0,104000003,true,32.59999999999943,30.633333333331592,124.49999999999422,957.0610696571903,18,14,2,2,5,-3002693133641727966
sluice,4,Bulwark,Champion,1,104007922,true,32.11666666666613,30.233333333331615,122.81666666666098,957.0610696571903,18,14,2,2,5,-6456012617294789633
reedcut,0,Needle,Rookie,0,104000003,true,38.899999999999075,36.71666666667056,149.05000000001075,869.9589378229208,22,15,2,2,5,-1052017725791370966
reedcut,0,Needle,Rookie,1,104007922,true,37.999999999999126,36.07777777778091,146.23333333334185,869.9589378229208,22,15,2,2,5,-8701271658040054586
reedcut,0,Needle,Club,0,104000003,true,37.8166666666658,35.86111111111401,145.40000000000785,869.9589378229208,22,15,2,2,5,-7359219390104616011
reedcut,0,Needle,Club,1,104007922,true,37.149999999999174,35.133333333335464,142.55000000000558,869.9589378229208,22,15,2,2,5,-7025266345601643493
reedcut,0,Needle,Pro,0,104000003,true,36.81666666666586,35.05000000000197,141.96666666667178,869.9589378229208,22,15,2,2,5,1418175967573198423
reedcut,0,Needle,Pro,1,104007922,true,36.449999999999214,34.66666666666823,140.4500000000039,869.9589378229208,22,15,2,2,5,7840533772830663881
reedcut,0,Needle,Champion,0,104000003,true,36.86666666666586,35.100000000002034,142.16666666667194,869.9589378229208,22,15,2,2,5,7563999064130000067
reedcut,0,Needle,Champion,1,104007922,true,36.449999999999214,34.70000000000159,140.550000000004,869.9589378229208,22,15,2,2,5,-5312025237856387935
reedcut,0,Line,Rookie,0,104000003,true,40.58333333333231,37.550000000005035,153.23333333334742,869.9589378229208,22,15,2,2,5,-326402895938940676
reedcut,0,Line,Rookie,1,104007922,true,39.69999999999903,36.78333333333751,150.05000000001155,869.9589378229208,22,15,2,2,5,-1558838674499877553
reedcut,0,Line,Club,0,104000003,true,39.249999999999055,36.20555555555914,147.86666666667648,869.9589378229208,22,15,2,2,5,-1288112915207048624
reedcut,0,Line,Club,1,104007922,true,38.33333333333244,35.466666666669404,144.73333333334065,869.9589378229208,22,15,2,2,5,-6772484779773484922
reedcut,0,Line,Pro,0,104000003,true,37.999999999999126,35.06666666666899,143.2000000000061,869.9589378229208,22,15,2,2,5,-7719283361016556969
reedcut,0,Line,Pro,1,104007922,true,37.44999999999916,34.48888888889059,140.91666666667095,869.9589378229208,22,15,2,2,5,1695775161311723076
reedcut,0,Line,Champion,0,104000003,true,38.03333333333246,35.10000000000236,143.33333333333954,869.9589378229208,22,15,2,2,5,8160859409875223202
reedcut,0,Line,Champion,1,104007922,true,37.31666666666583,34.39444444444604,140.50000000000395,869.9589378229208,22,15,2,2,5,-434889136898067927
reedcut,1,Bastion,Rookie,0,104000003,true,40.8333333333323,36.97777777778243,151.76666666667958,869.9589378229208,22,15,2,2,5,2138236752995970891
reedcut,1,Bastion,Rookie,1,104007922,true,39.599999999999035,36.044444444448004,147.73333333334304,869.9589378229208,22,15,2,2,5,7208484100275794540
reedcut,1,Bastion,Club,0,104000003,true,39.06666666666573,35.33888888889174,145.08333333334093,869.9589378229208,22,15,2,2,5,7010707066070896977
reedcut,1,Bastion,Club,1,104007922,true,37.999999999999126,34.411111111112916,141.23333333333787,869.9589378229208,22,15,2,2,5,-2334737382192312526
reedcut,1,Bastion,Pro,0,104000003,true,37.68333333333248,34.127777777779265,140.06666666667027,869.9589378229208,22,15,2,2,5,4878451170317956487
reedcut,1,Bastion,Pro,1,104007922,true,36.916666666665854,33.40000000000069,137.11666666666792,869.9589378229208,22,15,2,2,5,-7225197810306495261
reedcut,1,Bastion,Champion,0,104000003,true,37.56666666666582,34.04444444444584,139.7000000000033,869.9589378229208,22,15,2,2,5,-2554715450283932504
reedcut,1,Bastion,Champion,1,104007922,true,36.799999999999194,33.35555555555618,136.86666666666773,869.9589378229208,22,15,2,2,5,-3552722158085716472
reedcut,2,Comet,Rookie,0,104000003,true,35.983333333332574,32.90555555555559,134.69999999999933,869.9589378229208,22,15,2,2,5,7604240649585559563
reedcut,2,Comet,Rookie,1,104007922,true,34.66666666666598,31.42777777777626,128.94999999999476,869.9589378229208,22,15,2,2,5,-7200655706632752837
reedcut,2,Comet,Club,0,104000003,true,33.86666666666603,31.522222222220552,128.43333333332768,869.9589378229208,22,15,2,2,5,-8902604647645551262
reedcut,2,Comet,Club,1,104007922,true,33.38333333333272,30.677777777776033,125.41666666666083,869.9589378229208,22,15,2,2,5,2839038291463117807
reedcut,2,Comet,Pro,0,104000003,true,33.04999999999941,30.538888888887158,124.66666666666087,869.9589378229208,22,15,2,2,5,-7079937662333262613
reedcut,2,Comet,Pro,1,104007922,true,32.34999999999945,30.016666666664964,122.39999999999434,869.9589378229208,22,15,2,2,5,6307033922230986177
reedcut,2,Comet,Champion,0,104000003,true,32.64999999999943,30.399999999998272,123.84999999999425,869.9589378229208,22,15,2,2,5,1365736818670226965
reedcut,2,Comet,Champion,1,104007922,true,32.21666666666612,29.94444444444274,122.04999999999436,869.9589378229208,22,15,2,2,5,-8507973792135166713
reedcut,1,Trail,Rookie,0,104000003,true,35.283333333332614,33.04999999999995,134.43333333333246,869.9589378229208,22,15,2,2,5,-7527057596487902659
reedcut,1,Trail,Rookie,1,104007922,true,34.733333333332645,32.144444444443515,131.1666666666632,869.9589378229208,22,15,2,2,5,6338689943521210929
reedcut,1,Trail,Club,0,104000003,true,34.499999999999325,32.47777777777705,131.93333333333047,869.9589378229208,22,15,2,2,5,-4341289578860736865
reedcut,1,Trail,Club,1,104007922,true,34.21666666666601,31.877777777776487,129.84999999999548,869.9589378229208,22,15,2,2,5,7447118802219815987
reedcut,1,Trail,Pro,0,104000003,true,34.01666666666602,32.03888888888767,130.13333333332903,869.9589378229208,22,15,2,2,5,7868151988680897975
reedcut,1,Trail,Pro,1,104007922,true,33.76666666666603,31.749999999998483,129.01666666666148,869.9589378229208,22,15,2,2,5,-8104008865492344734
reedcut,1,Trail,Champion,0,104000003,true,33.98333333333269,32.04444444444322,130.11666666666235,869.9589378229208,22,15,2,2,5,4663621881598495219
reedcut,1,Trail,Champion,1,104007922,true,33.64999999999937,31.805555555554047,129.06666666666152,869.9589378229208,22,15,2,2,5,-3390990526972225234
reedcut,2,Flint,Rookie,0,104000003,true,34.68333333333265,32.59444444444386,132.46666666666422,869.9589378229208,22,15,2,2,5,8451494278065740924
reedcut,2,Flint,Rookie,1,104007922,true,33.93333333333269,31.805555555554132,129.34999999999508,869.9589378229208,22,15,2,2,5,3418005352312444679
reedcut,2,Flint,Club,0,104000003,true,33.49999999999938,31.70555555555393,128.61666666666116,869.9589378229208,22,15,2,2,5,-2448330266707865878
reedcut,2,Flint,Club,1,104007922,true,33.366666666666056,31.338888888887112,127.38333333332739,869.9589378229208,22,15,2,2,5,5167738022970191823
reedcut,2,Flint,Pro,0,104000003,true,32.94999999999941,31.25555555555378,126.71666666666076,869.9589378229208,22,15,2,2,5,3669503226166854858
reedcut,2,Flint,Pro,1,104007922,true,32.69999999999943,31.005555555553798,125.71666666666081,869.9589378229208,22,15,2,2,5,-3472681881625213437
reedcut,2,Flint,Champion,0,104000003,true,32.866666666666084,31.238888888887118,126.58333333332743,869.9589378229208,22,15,2,2,5,2539825069723985302
reedcut,2,Flint,Champion,1,104007922,true,32.68333333333276,31.105555555553792,125.99999999999413,869.9589378229208,22,15,2,2,5,-2683733113722681862
reedcut,3,Quill,Rookie,0,104000003,true,33.66666666666604,31.26111111110934,127.44999999999405,869.9589378229208,22,15,2,2,5,7756240748090199725
reedcut,3,Quill,Rookie,1,104007922,true,32.983333333332745,30.977777777776016,125.9166666666608,869.9589378229208,22,15,2,2,5,2023720026351247321
reedcut,3,Quill,Club,0,104000003,true,32.433333333332776,30.405555555553832,123.64999999999426,869.9589378229208,22,15,2,2,5,-6595417630689247730
reedcut,3,Quill,Club,1,104007922,true,32.199999999999456,30.388888888887163,123.36666666666095,869.9589378229208,22,15,2,2,5,-2868668807946106110
reedcut,3,Quill,Pro,0,104000003,true,31.833333333332806,30.13888888888718,122.24999999999434,869.9589378229208,22,15,2,2,5,-3316627404231798014
reedcut,3,Quill,Pro,1,104007922,true,31.649999999999483,29.83333333333164,121.1499999999944,869.9589378229208,22,15,2,2,5,9042084997759186900
reedcut,3,Quill,Champion,0,104000003,true,31.78333333333281,30.10555555555385,122.09999999999435,869.9589378229208,22,15,2,2,5,-5835821670648011700
reedcut,3,Quill,Champion,1,104007922,true,31.566666666666155,29.89444444444275,121.2499999999944,869.9589378229208,22,15,2,2,5,-4210397666249091497
reedcut,3,Vandal,Rookie,0,104000003,true,34.59999999999932,31.77777777777652,129.93333333332887,869.9589378229208,22,15,2,2,5,5606525718464112492
reedcut,3,Vandal,Rookie,1,104007922,true,33.599999999999376,31.005555555553798,126.61666666666076,869.9589378229208,22,15,2,2,5,9104387889639157735
reedcut,3,Vandal,Club,0,104000003,true,32.866666666666084,30.35555555555383,123.93333333332758,869.9589378229208,22,15,2,2,5,-1648236090625022178
reedcut,3,Vandal,Club,1,104007922,true,32.29999999999945,29.599999999998317,121.09999999999441,869.9589378229208,22,15,2,2,5,-3554477709539944833
reedcut,3,Vandal,Pro,0,104000003,true,31.883333333332804,29.16111111110946,119.36666666666117,869.9589378229208,22,15,2,2,5,880689147606746860
reedcut,3,Vandal,Pro,1,104007922,true,31.3499999999995,28.661111111109488,117.33333333332796,869.9589378229208,22,15,2,2,5,7480311551717847522
reedcut,3,Vandal,Champion,0,104000003,true,31.716666666666146,29.17222222222057,119.23333333332785,869.9589378229208,22,15,2,2,5,-3331397892351778356
reedcut,3,Vandal,Champion,1,104007922,true,31.283333333332838,28.77222222222059,117.59999999999461,869.9589378229208,22,15,2,2,5,7977414844718529119
reedcut,4,Kestrel,Rookie,0,104000003,true,31.566666666666155,29.39444444444278,119.74999999999449,869.9589378229208,22,15,2,2,5,-4404535013172593647
reedcut,4,Kestrel,Rookie,1,104007922,true,31.099999999999515,29.105555555553906,118.41666666666123,869.9589378229208,22,15,2,2,5,6299405623986142172
reedcut,4,Kestrel,Club,0,104000003,true,30.33333333333289,28.69444444444282,116.41666666666134,869.9589378229208,22,15,2,2,5,7787685817783161444
reedcut,4,Kestrel,Club,1,104007922,true,30.349999999999557,28.54999999999838,115.9999999999947,869.9589378229208,22,15,2,2,5,800123709117552117
reedcut,4,Kestrel,Pro,0,104000003,true,30.06666666666624,28.383333333331723,115.21666666666141,869.9589378229208,22,15,2,2,5,4321026163226931975
reedcut,4,Kestrel,Pro,1,104007922,true,29.86666666666625,28.11111111110952,114.1999999999948,869.9589378229208,22,15,2,2,5,-7833912347725278407
reedcut,4,Kestrel,Champion,0,104000003,true,30.03333333333291,28.39999999999839,115.23333333332808,869.9589378229208,22,15,2,2,5,3635045408544529019
reedcut,4,Kestrel,Champion,1,104007922,true,29.783333333332923,28.16666666666507,114.28333333332813,869.9589378229208,22,15,2,2,5,-8126626230826715777
reedcut,4,Bulwark,Rookie,0,104000003,true,33.31666666666606,30.916666666664913,126.0666666666608,869.9589378229208,22,15,2,2,5,5829038180547682158
reedcut,4,Bulwark,Rookie,1,104007922,true,32.36666666666611,30.283333333331615,123.21666666666096,869.9589378229208,22,15,2,2,5,-2118010991989852270
reedcut,4,Bulwark,Club,0,104000003,true,31.78333333333281,29.727777777776094,120.96666666666108,869.9589378229208,22,15,2,2,5,-4432276701707056871
reedcut,4,Bulwark,Club,1,104007922,true,30.933333333332858,28.92777777777614,117.71666666666127,869.9589378229208,22,15,2,2,5,-8926346242789817997
reedcut,4,Bulwark,Pro,0,104000003,true,30.783333333332866,28.672222222220597,116.79999999999465,869.9589378229208,22,15,2,2,5,3521898290094878659
reedcut,4,Bulwark,Pro,1,104007922,true,30.21666666666623,28.222222222220623,114.8833333333281,869.9589378229208,22,15,2,2,5,6510975077219877083
reedcut,4,Bulwark,Champion,0,104000003,true,30.633333333332875,28.788888888887257,116.99999999999464,869.9589378229208,22,15,2,2,5,6672586654054280072
reedcut,4,Bulwark,Champion,1,104007922,true,30.083333333332906,28.222222222220623,114.74999999999477,869.9589378229208,22,15,2,2,5,3906118361721842230
spillway,0,Needle,Rookie,0,104000003,true,55.66666666666479,53.69444444446662,216.75000000006463,1359.6760984608738,24,13,2,2,5,5172873659246622042
spillway,0,Needle,Rookie,1,104007922,true,54.99999999999816,52.82222222224351,213.46666666672868,1359.6760984608738,24,13,2,2,5,3364504324451180958
spillway,0,Needle,Club,0,104000003,true,54.899999999998165,53.07222222224368,214.1166666667292,1359.6760984608738,24,13,2,2,5,-101239551076784263
spillway,0,Needle,Club,1,104007922,true,54.21666666666487,52.405555555576285,211.43333333339373,1359.6760984608738,24,13,2,2,5,6030332264850816773
spillway,0,Needle,Pro,0,104000003,true,54.41666666666486,52.6333333333543,212.31666666672777,1359.6760984608738,24,13,2,2,5,-3239113621738926514
spillway,0,Needle,Pro,1,104007922,true,53.91666666666489,52.22222222224272,210.58333333339306,1359.6760984608738,24,13,2,2,5,4965761763505080463
spillway,0,Needle,Champion,0,104000003,true,54.433333333331525,52.72222222224327,212.60000000006133,1359.6760984608738,24,13,2,2,5,-8213541939467776650
spillway,0,Needle,Champion,1,104007922,true,54.049999999998214,52.311111111131716,210.98333333339338,1359.6760984608738,24,13,2,2,5,31450180808552758
spillway,0,Line,Rookie,0,104000003,true,56.44999999999808,53.43888888891107,216.7666666667313,1359.6760984608738,24,13,2,2,5,1769335882431249616
spillway,0,Line,Rookie,1,104007922,true,55.366666666664806,52.12777777779862,211.75000000006065,1359.6760984608738,24,13,2,2,5,8554896739707983069
spillway,0,Line,Club,0,104000003,true,54.79999999999817,51.7333333333537,210.00000000005926,1359.6760984608738,24,13,2,2,5,-5706109195055860726
spillway,0,Line,Club,1,104007922,true,53.78333333333156,50.87777777779717,206.41666666672307,1359.6760984608738,24,13,2,2,5,262383327209973077
spillway,0,Line,Pro,0,104000003,true,53.6666666666649,50.71111111113034,205.80000000005592,1359.6760984608738,24,13,2,2,5,1426019488845650886
spillway,0,Line,Pro,1,104007922,true,52.99999999999827,50.050000000018514,203.1500000000538,1359.6760984608738,24,13,2,2,5,-7024373279125737103
spillway,0,Line,Champion,0,104000003,true,53.51666666666491,50.66111111113025,205.50000000005568,1359.6760984608738,24,13,2,2,5,6901193447340409319
spillway,0,Line,Champion,1,104007922,true,52.93333333333161,49.99444444446289,202.9166666667203,1359.6760984608738,24,13,2,2,5,-406582734796068289
spillway,1,Bastion,Rookie,0,104000003,true,53.34999999999825,49.32222222224025,201.31666666671902,1359.6760984608738,24,13,2,2,5,-3332894302348077414
spillway,1,Bastion,Rookie,1,104007922,true,52.28333333333165,48.138888888905676,196.70000000004868,1359.6760984608738,24,13,2,2,5,-6950280648567256706
spillway,1,Bastion,Club,0,104000003,true,51.899999999998336,47.66666666668297,194.90000000004724,1359.6760984608738,24,13,2,2,5,-7002488833712042918
spillway,1,Bastion,Club,1,104007922,true,50.71666666666507,46.97222222223763,191.63333333337798,1359.6760984608738,24,13,2,2,5,518774631845569515
spillway,1,Bastion,Pro,0,104000003,true,50.233333333331764,46.65000000001502,190.18333333337682,1359.6760984608738,24,13,2,2,5,6711341527992043391
spillway,1,Bastion,Pro,1,104007922,true,49.66666666666513,45.82222222223643,187.1333333333744,1359.6760984608738,24,13,2,2,5,1239208137266851313
spillway,1,Bastion,Champion,0,104000003,true,50.36666666666509,46.52222222223718,189.93333333337662,1359.6760984608738,24,13,2,2,5,-313191650246609491
spillway,1,Bastion,Champion,1,104007922,true,49.66666666666513,45.83333333334755,187.16666666670775,1359.6760984608738,24,13,2,2,5,-5660914684750029873
spillway,2,Comet,Rookie,0,104000003,true,46.7166666666653,44.788888888901425,181.08333333336958,1359.6760984608738,24,13,2,2,5,-398143891213551876
spillway,2,Comet,Rookie,1,104007922,true,45.88333333333201,43.755555555567035,177.15000000003312,1359.6760984608738,24,13,2,2,5,8294434301032820313
spillway,2,Comet,Club,0,104000003,true,45.89999999999868,43.400000000011204,176.10000000003228,1359.6760984608738,24,13,2,2,5,6615894750320771449
spillway,2,Comet,Club,1,104007922,true,45.11666666666539,42.78888888889938,173.48333333336353,1359.6760984608738,24,13,2,2,5,-9200516622856038541
spillway,2,Comet,Pro,0,104000003,true,44.73333333333208,42.450000000010114,172.08333333336242,1359.6760984608738,24,13,2,2,5,9059677873401850870
spillway,2,Comet,Pro,1,104007922,true,44.3333333333321,42.00000000000964,170.33333333336103,1359.6760984608738,24,13,2,2,5,4918140733510468959
spillway,2,Comet,Champion,0,104000003,true,44.666666666665414,42.40000000001006,171.86666666669558,1359.6760984608738,24,13,2,2,5,8284364962046290037
spillway,2,Comet,Champion,1,104007922,true,44.26666666666544,42.00000000000963,170.2666666666943,1359.6760984608738,24,13,2,2,5,1471995761592439502
spillway,1,Trail,Rookie,0,104000003,true,51.283333333331704,48.99444444446163,198.2666666667166,1359.6760984608738,24,13,2,2,5,845198976375344367
spillway,1,Trail,Rookie,1,104007922,true,50.53333333333175,48.56111111112774,196.21666666671496,1359.6760984608738,24,13,2,2,5,-3741426838749843770
spillway,1,Trail,Club,0,104000003,true,50.71666666666507,48.672222222238986,196.73333333338203,1359.6760984608738,24,13,2,2,5,5232081794500413541
spillway,1,Trail,Club,1,104007922,true,50.383333333331755,48.333333333349735,195.38333333338096,1359.6760984608738,24,13,2,2,5,5554378276885988344
spillway,1,Trail,Pro,0,104000003,true,50.48333333333175,48.53333333334992,196.08333333338152,1359.6760984608738,24,13,2,2,5,-8438121762756917186
spillway,1,Trail,Pro,1,104007922,true,50.349999999998424,48.26111111112744,195.13333333338076,1359.6760984608738,24,13,2,2,5,5429438969038169393
spillway,1,Trail,Champion,0,104000003,true,50.48333333333175,48.57222222223884,196.20000000004828,1359.6760984608738,24,13,2,2,5,-5847084991915198120
spillway,1,Trail,Champion,1,104007922,true,50.29999999999843,48.294444444460794,195.1833333333808,1359.6760984608738,24,13,2,2,5,-7132253300789494049
spillway,2,Flint,Rookie,0,104000003,true,49.36666666666515,47.488888888904334,191.83333333337814,1359.6760984608738,24,13,2,2,5,-1889760208328759213
spillway,2,Flint,Rookie,1,104007922,true,48.79999999999851,46.672222222236854,188.81666666670907,1359.6760984608738,24,13,2,2,5,-1479924032344419702
spillway,2,Flint,Club,0,104000003,true,48.64999999999852,46.93333333334812,189.4500000000429,1359.6760984608738,24,13,2,2,5,7753688087546494987
spillway,2,Flint,Club,1,104007922,true,48.3666666666652,46.588888888903334,188.1333333333752,1359.6760984608738,24,13,2,2,5,-8951738411270605847
spillway,2,Flint,Pro,0,104000003,true,48.199999999998546,46.483333333347645,187.65000000004147,1359.6760984608738,24,13,2,2,5,2711616993422127069
spillway,2,Flint,Pro,1,104007922,true,48.049999999998555,46.322222222236356,187.01666666670764,1359.6760984608738,24,13,2,2,5,-5259472485121175892
spillway,2,Flint,Champion,0,104000003,true,48.23333333333188,46.56666666668105,187.93333333337503,1359.6760984608738,24,13,2,2,5,7249574625237040037
spillway,2,Flint,Champion,1,104007922,true,48.09999999999855,46.38333333334754,187.25000000004115,1359.6760984608738,24,13,2,2,5,-1382380569332112118
spillway,3,Quill,Rookie,0,104000003,true,46.96666666666528,45.11666666667954,182.3166666667039,1359.6760984608738,24,13,2,2,5,8675754305608023841
spillway,3,Quill,Rookie,1,104007922,true,46.6666666666653,44.74444444445694,180.9000000000361,1359.6760984608738,24,13,2,2,5,-6330464532546079910
spillway,3,Quill,Club,0,104000003,true,46.58333333333197,44.69444444445687,180.66666666670258,1359.6760984608738,24,13,2,2,5,-5992157369491195974
spillway,3,Quill,Club,1,104007922,true,46.36666666666532,44.511111111123334,179.9000000000353,1359.6760984608738,24,13,2,2,5,5712210073433817999
spillway,3,Quill,Pro,0,104000003,true,46.24999999999866,44.49444444445661,179.7333333333685,1359.6760984608738,24,13,2,2,5,-8955789335549512400
spillway,3,Quill,Pro,1,104007922,true,45.96666666666534,44.22777777778966,178.6500000000343,1359.6760984608738,24,13,2,2,5,9178457946759666243
spillway,3,Quill,Champion,0,104000003,true,46.24999999999866,44.56666666667889,179.95000000003535,1359.6760984608738,24,13,2,2,5,-7121714379001796722
spillway,3,Quill,Champion,1,104007922,true,46.01666666666534,44.29444444445639,178.9000000000345,1359.6760984608738,24,13,2,2,5,8679648513573661856
spillway,3,Vandal,Rookie,0,104000003,true,46.083333333332,43.238888888900014,175.80000000003204,1359.6760984608738,24,13,2,2,5,-1674400258350820452
spillway,3,Vandal,Rookie,1,104007922,true,45.4499999999987,42.55000000001039,173.1000000000299,1359.6760984608738,24,13,2,2,5,-1991018365795139183
spillway,3,Vandal,Club,0,104000003,true,44.94999999999873,42.20555555556553,171.56666666669534,1359.6760984608738,24,13,2,2,5,8438551260482157047
spillway,3,Vandal,Club,1,104007922,true,44.149999999998776,41.51666666667587,168.7000000000264,1359.6760984608738,24,13,2,2,5,3338287907204771500
spillway,3,Vandal,Pro,0,104000003,true,43.86666666666546,41.36111111112012,167.9500000000258,1359.6760984608738,24,13,2,2,5,-5810887779051381759
spillway,3,Vandal,Pro,1,104007922,true,43.416666666665485,40.838888888897344,165.93333333335752,1359.6760984608738,24,13,2,2,5,-8440482209376851188
spillway,3,Vandal,Champion,0,104000003,true,43.89999999999879,41.322222222231204,167.8666666666924,1359.6760984608738,24,13,2,2,5,-5655911141682838865
spillway,3,Vandal,Champion,1,104007922,true,43.46666666666548,40.800000000008446,165.8666666666908,1359.6760984608738,24,13,2,2,5,4136707981676748155
spillway,4,Kestrel,Rookie,0,104000003,true,44.583333333332085,42.56111111112127,172.2666666666959,1359.6760984608738,24,13,2,2,5,-1682347316488091023
spillway,4,Kestrel,Rookie,1,104007922,true,43.98333333333212,42.18333333334302,170.53333333336118,1359.6760984608738,24,13,2,2,5,-3529596063518323172
spillway,4,Kestrel,Club,0,104000003,true,43.84999999999879,42.15000000000962,170.30000000002767,1359.6760984608738,24,13,2,2,5,-5565815366311987831
spillway,4,Kestrel,Club,1,104007922,true,43.7499999999988,42.01666666667615,169.80000000002727,1359.6760984608738,24,13,2,2,5,-9133351828405068842
spillway,4,Kestrel,Pro,0,104000003,true,43.766666666665465,41.955555555565006,169.63333333336047,1359.6760984608738,24,13,2,2,5,2695149224048864471
spillway,4,Kestrel,Pro,1,104007922,true,43.38333333333215,41.73333333334249,168.58333333335963,1359.6760984608738,24,13,2,2,5,-2195277393286373014
spillway,4,Kestrel,Champion,0,104000003,true,43.66666666666547,42.0500000000095,169.81666666669395,1359.6760984608738,24,13,2,2,5,-8036618036832606813
spillway,4,Kestrel,Champion,1,104007922,true,43.416666666665485,41.76666666667586,168.71666666669307,1359.6760984608738,24,13,2,2,5,3890167117305059218
spillway,4,Bulwark,Rookie,0,104000003,true,44.68333333333208,42.60000000001022,172.48333333336274,1359.6760984608738,24,13,2,2,5,3208023278711261586
spillway,4,Bulwark,Rookie,1,104007922,true,44.09999999999878,41.45000000000914,168.4500000000262,1359.6760984608738,24,13,2,2,5,1014431127005128355
spillway,4,Bulwark,Club,0,104000003,true,43.61666666666547,41.65000000000916,168.56666666669295,1359.6760984608738,24,13,2,2,5,8841457172244475387
spillway,4,Bulwark,Club,1,104007922,true,42.66666666666553,40.89444444445274,165.35000000002373,1359.6760984608738,24,13,2,2,5,-1344519714802288913
spillway,4,Bulwark,Pro,0,104000003,true,42.749999999998856,40.80555555556379,165.16666666669025,1359.6760984608738,24,13,2,2,5,5974835826898416932
spillway,4,Bulwark,Pro,1,104007922,true,42.33333333333221,40.31111111111884,163.26666666668874,1359.6760984608738,24,13,2,2,5,6248433383107060021
spillway,4,Bulwark,Champion,0,104000003,true,42.79999999999885,40.86111111111941,165.3833333333571,1359.6760984608738,24,13,2,2,5,-2096120906845979565
spillway,4,Bulwark,Champion,1,104007922,true,42.26666666666555,40.32222222222995,163.23333333335538,1359.6760984608738,24,13,2,2,5,1847237246058874813
lowwater,0,Needle,Rookie,0,104000003,true,44.29999999999877,42.261111111120954,171.08333333336162,1063.3786689729693,20,13,2,2,5,-8156076874428023286
lowwater,0,Needle,Rookie,1,104007922,true,43.39999999999882,41.5666666666757,168.10000000002591,1063.3786689729693,20,13,2,2,5,5040943590805010228
lowwater,0,Needle,Club,0,104000003,true,43.566666666665476,41.77777777778703,168.90000000002655,1063.3786689729693,20,13,2,2,5,-5691137574398351527
lowwater,0,Needle,Club,1,104007922,true,42.89999999999885,41.10555555556408,166.21666666669108,1063.3786689729693,20,13,2,2,5,426554558690765495
lowwater,0,Needle,Pro,0,104000003,true,43.08333333333217,41.36666666667545,167.18333333335852,1063.3786689729693,20,13,2,2,5,-7044278119037530055
lowwater,0,Needle,Pro,1,104007922,true,42.68333333333219,40.93888888889722,165.50000000002385,1063.3786689729693,20,13,2,2,5,-9023173482216225603
lowwater,0,Needle,Champion,0,104000003,true,43.1666666666655,41.42777777778664,167.4500000000254,1063.3786689729693,20,13,2,2,5,4587830850302930313
lowwater,0,Needle,Champion,1,104007922,true,42.73333333333219,41.05555555556399,165.90000000002416,1063.3786689729693,20,13,2,2,5,-8237971264893715539
lowwater,0,Line,Rookie,0,104000003,true,45.66666666666536,42.83888888889958,174.1833333333641,1063.3786689729693,20,13,2,2,5,-3386178051818674368
lowwater,0,Line,Rookie,1,104007922,true,44.99999999999873,41.661111111120675,169.98333333336075,1063.3786689729693,20,13,2,2,5,4955346414750939118
lowwater,0,Line,Club,0,104000003,true,44.06666666666545,41.205555555564494,167.68333333335892,1063.3786689729693,20,13,2,2,5,-337866561207670032
lowwater,0,Line,Club,1,104007922,true,43.59999999999881,40.57777777778608,165.33333333335705,1063.3786689729693,20,13,2,2,5,-4795378852613682251
lowwater,0,Line,Pro,0,104000003,true,43.04999999999884,40.1777777777856,163.58333333335565,1063.3786689729693,20,13,2,2,5,-5640549032709163631
lowwater,0,Line,Pro,1,104007922,true,42.49999999999887,39.65000000000725,161.45000000002062,1063.3786689729693,20,13,2,2,5,5568407949998497310
lowwater,0,Line,Champion,0,104000003,true,43.03333333333217,40.0666666666744,163.23333333335538,1063.3786689729693,20,13,2,2,5,1764888613167179464
lowwater,0,Line,Champion,1,104007922,true,42.5333333333322,39.5333333333405,161.1333333333537,1063.3786689729693,20,13,2,2,5,360366630230892991
lowwater,1,Bastion,Rookie,0,104000003,true,45.18333333333205,41.433333333342766,169.48333333336035,1063.3786689729693,20,13,2,2,5,-8447920942312646343
lowwater,1,Bastion,Rookie,1,104007922,true,44.48333333333209,40.61111111111969,166.31666666669116,1063.3786689729693,20,13,2,2,5,4566069754712166144
lowwater,1,Bastion,Club,0,104000003,true,43.6999999999988,39.86666666667443,163.3000000000221,1063.3786689729693,20,13,2,2,5,-7649436685573094857
lowwater,1,Bastion,Club,1,104007922,true,42.78333333333219,38.927777777784534,159.5666666666858,1063.3786689729693,20,13,2,2,5,5200995077227511197
lowwater,1,Bastion,Pro,0,104000003,true,41.9999999999989,38.31666666667272,156.95000000001704,1063.3786689729693,20,13,2,2,5,5637454686864157004
lowwater,1,Bastion,Pro,1,104007922,true,41.4166666666656,37.72222222222763,154.5833333333485,1063.3786689729693,20,13,2,2,5,-3581442814865920688
lowwater,1,Bastion,Champion,0,104000003,true,41.79999999999891,38.10000000000582,156.10000000001637,1063.3786689729693,20,13,2,2,5,6084170978714466145
lowwater,1,Bastion,Champion,1,104007922,true,41.28333333333227,37.566666666671914,153.983333333348,1063.3786689729693,20,13,2,2,5,-1720113076414051959
lowwater,2,Comet,Rookie,0,104000003,true,40.08333333333234,37.61111111111605,152.9166666666805,1063.3786689729693,20,13,2,2,5,-6226672343514818501
lowwater,2,Comet,Rookie,1,104007922,true,38.933333333332406,36.57222222222601,148.65000000001044,1063.3786689729693,20,13,2,2,5,-5830347332352801726
lowwater,2,Comet,Club,0,104000003,true,38.33333333333244,35.92777777778088,146.1166666666751,1063.3786689729693,20,13,2,2,5,3698427300800891848
lowwater,2,Comet,Club,1,104007922,true,37.74999999999914,35.455555555558114,144.1166666666735,1063.3786689729693,20,13,2,2,5,-3940607178641365796
lowwater,2,Comet,Pro,0,104000003,true,37.13333333333251,34.883333333335266,141.7833333333383,1063.3786689729693,20,13,2,2,5,-8818077726208255581
lowwater,2,Comet,Pro,1,104007922,true,36.716666666665866,34.40555555555699,139.93333333333683,1063.3786689729693,20,13,2,2,5,1812977935600806401
lowwater,2,Comet,Champion,0,104000003,true,36.949999999999186,34.70000000000173,141.0500000000044,1063.3786689729693,20,13,2,2,5,-8071874847606783582
lowwater,2,Comet,Champion,1,104007922,true,36.61666666666587,34.35555555555692,139.68333333333663,1063.3786689729693,20,13,2,2,5,3731955150625780349
lowwater,1,Trail,Rookie,0,104000003,true,40.59999999999898,38.42777777778352,155.88333333334953,1063.3786689729693,20,13,2,2,5,2534083935386362773
lowwater,1,Trail,Rookie,1,104007922,true,40.21666666666567,37.96666666667193,154.11666666668145,1063.3786689729693,20,13,2,2,5,7589193263485879855
lowwater,1,Trail,Club,0,104000003,true,40.199999999999,38.277777777783285,155.03333333334885,1063.3786689729693,20,13,2,2,5,149960850453445370
lowwater,1,Trail,Club,1,104007922,true,39.89999999999902,37.72777777778276,153.0833333333473,1063.3786689729693,20,13,2,2,5,5552108789335300473
lowwater,1,Trail,Pro,0,104000003,true,40.08333333333234,38.10000000000533,154.38333333334833,1063.3786689729693,20,13,2,2,5,-7893250355359573500
lowwater,1,Trail,Pro,1,104007922,true,39.683333333332364,37.72222222222714,152.85000000001378,1063.3786689729693,20,13,2,2,5,-2062916975378813127
lowwater,1,Trail,Champion,0,104000003,true,40.066666666665675,38.13333333333869,154.46666666668173,1063.3786689729693,20,13,2,2,5,7959008232330694877
lowwater,1,Trail,Champion,1,104007922,true,39.64999999999903,37.738888888893804,152.86666666668046,1063.3786689729693,20,13,2,2,5,3762815482287686528
lowwater,2,Flint,Rookie,0,104000003,true,39.29999999999905,37.46111111111571,151.68333333334618,1063.3786689729693,20,13,2,2,5,-864678010859958363
lowwater,2,Flint,Rookie,1,104007922,true,38.71666666666575,37.133333333337504,150.11666666667827,1063.3786689729693,20,13,2,2,5,2303668931457387174
lowwater,2,Flint,Club,0,104000003,true,38.583333333332426,36.83333333333723,149.08333333334411,1063.3786689729693,20,13,2,2,5,-4633585854566536566
lowwater,2,Flint,Club,1,104007922,true,38.29999999999911,36.71666666667039,148.45000000001028,1063.3786689729693,20,13,2,2,5,-3899524998470643838
lowwater,2,Flint,Pro,0,104000003,true,38.083333333332455,36.41111111111453,147.31666666667604,1063.3786689729693,20,13,2,2,5,-7155809923230837351
lowwater,2,Flint,Pro,1,104007922,true,37.93333333333246,36.30555555555885,146.850000000009,1063.3786689729693,20,13,2,2,5,850411369970552917
lowwater,2,Flint,Champion,0,104000003,true,38.116666666665786,36.466666666670136,147.5166666666762,1063.3786689729693,20,13,2,2,5,3419039370602657759
lowwater,2,Flint,Champion,1,104007922,true,37.93333333333246,36.30000000000329,146.83333333334232,1063.3786689729693,20,13,2,2,5,-8138649253379290323
lowwater,3,Quill,Rookie,0,104000003,true,38.14999999999912,35.844444444447426,145.6833333333414,1063.3786689729693,20,13,2,2,5,4194362779237752477
lowwater,3,Quill,Rookie,1,104007922,true,37.649999999999146,35.616666666669325,144.50000000000713,1063.3786689729693,20,13,2,2,5,-9070244412947241273
lowwater,3,Quill,Club,0,104000003,true,36.99999999999918,35.19444444444659,142.58333333333894,1063.3786689729693,20,13,2,2,5,-5559623141888345897
lowwater,3,Quill,Club,1,104007922,true,36.98333333333252,35.07222222222426,142.2000000000053,1063.3786689729693,20,13,2,2,5,-2063190315180264534
lowwater,3,Quill,Pro,0,104000003,true,36.716666666665866,34.977777777779664,141.65000000000487,1063.3786689729693,20,13,2,2,5,-8790726323157097226
lowwater,3,Quill,Pro,1,104007922,true,36.53333333333254,34.733333333334976,140.73333333333747,1063.3786689729693,20,13,2,2,5,5345286932926343618
lowwater,3,Quill,Champion,0,104000003,true,36.716666666665866,35.000000000001904,141.71666666667159,1063.3786689729693,20,13,2,2,5,-6248304149335254049
lowwater,3,Quill,Champion,1,104007922,true,36.38333333333255,34.73333333333493,140.58333333333735,1063.3786689729693,20,13,2,2,5,4509628377277514845
lowwater,3,Vandal,Rookie,0,104000003,true,39.016666666665735,36.06666666667007,147.21666666667596,1063.3786689729693,20,13,2,2,5,-6061975396491038341
lowwater,3,Vandal,Rookie,1,104007922,true,37.58333333333248,35.24444444444679,143.31666666667286,1063.3786689729693,20,13,2,2,5,5193967924841489097
lowwater,3,Vandal,Club,0,104000003,true,37.3333333333325,34.64444444444624,141.26666666667123,1063.3786689729693,20,13,2,2,5,3605455763895439165
lowwater,3,Vandal,Club,1,104007922,true,36.58333333333254,34.02777777777887,138.66666666666916,1063.3786689729693,20,13,2,2,5,-8239443058473043810
lowwater,3,Vandal,Pro,0,104000003,true,35.94999999999924,33.42777777777821,136.2333333333339,1063.3786689729693,20,13,2,2,5,2485229207302617181
lowwater,3,Vandal,Pro,1,104007922,true,35.549999999999265,32.9833333333333,134.49999999999918,1063.3786689729693,20,13,2,2,5,-3873463242387245267
lowwater,3,Vandal,Champion,0,104000003,true,35.84999999999925,33.40000000000038,136.0500000000004,1063.3786689729693,20,13,2,2,5,-5943571726284791689
lowwater,3,Vandal,Champion,1,104007922,true,35.44999999999927,32.90555555555543,134.16666666666558,1063.3786689729693,20,13,2,2,5,-7404856126291652742
lowwater,4,Kestrel,Rookie,0,104000003,true,35.899999999999245,33.90555555555636,137.61666666666832,1063.3786689729693,20,13,2,2,5,-5065588212970914262
lowwater,4,Kestrel,Rookie,1,104007922,true,35.64999999999926,33.672222222222764,136.66666666666757,1063.3786689729693,20,13,2,2,5,5494193898675870292
lowwater,4,Kestrel,Club,0,104000003,true,34.966666666665965,33.26111111111114,134.74999999999937,1063.3786689729693,20,13,2,2,5,-3766903768507722121
lowwater,4,Kestrel,Club,1,104007922,true,34.933333333332634,33.21666666666665,134.58333333333258,1063.3786689729693,20,13,2,2,5,8123849012675882709
lowwater,4,Kestrel,Pro,0,104000003,true,34.74999999999931,33.06111111111091,133.93333333333206,1063.3786689729693,20,13,2,2,5,-5900832138076690785
lowwater,4,Kestrel,Pro,1,104007922,true,34.54999999999932,32.805555555555095,132.96666666666462,1063.3786689729693,20,13,2,2,5,8894336125246359098
lowwater,4,Kestrel,Champion,0,104000003,true,34.733333333332645,33.09999999999983,134.03333333333214,1063.3786689729693,20,13,2,2,5,-3311842689499249507
lowwater,4,Kestrel,Champion,1,104007922,true,34.51666666666599,32.85555555555513,133.08333333333138,1063.3786689729693,20,13,2,2,5,1062206719317823830
lowwater,4,Bulwark,Rookie,0,104000003,true,37.69999999999914,35.18888888889123,143.26666666667282,1063.3786689729693,20,13,2,2,5,4169675137207943477
lowwater,4,Bulwark,Rookie,1,104007922,true,36.54999999999921,34.48333333333478,140.00000000000355,1063.3786689729693,20,13,2,2,5,-3386784299682650125
lowwater,4,Bulwark,Club,0,104000003,true,36.29999999999922,33.961111111112075,138.18333333333544,1063.3786689729693,20,13,2,2,5,2999694016369259577
lowwater,4,Bulwark,Club,1,104007922,true,35.26666666666595,33.333333333333506,135.26666666666645,1063.3786689729693,20,13,2,2,5,-5305420117103854123
lowwater,4,Bulwark,Pro,0,104000003,true,34.9999999999993,33.01666666666651,134.04999999999882,1063.3786689729693,20,13,2,2,5,6454184123267807567
lowwater,4,Bulwark,Pro,1,104007922,true,34.51666666666599,32.49999999999929,132.01666666666387,1063.3786689729693,20,13,2,2,5,-6196308178517312634
lowwater,4,Bulwark,Champion,0,104000003,true,34.966666666665965,33.00555555555538,133.9833333333321,1063.3786689729693,20,13,2,2,5,-3446293448905725676
lowwater,4,Bulwark,Champion,1,104007922,true,34.46666666666599,32.52222222222152,132.03333333333055,1063.3786689729693,20,13,2,2,5,4970699515660257238
ridge,0,Needle,Rookie,0,104000003,true,42.133333333332224,39.938888888896265,161.95000000002102,944.9910123172452,18,13,2,2,5,1129912865800309623
ridge,0,Needle,Rookie,1,104007922,true,40.966666666665624,38.99444444445074,157.95000000001784,944.9910123172452,18,13,2,2,5,6641892552693756286
ridge,0,Needle,Club,0,104000003,true,40.733333333332304,38.80555555556163,157.1500000000172,944.9910123172452,18,13,2,2,5,-4423071723734049860
ridge,0,Needle,Club,1,104007922,true,39.73333333333236,37.99444444444959,153.71666666668114,944.9910123172452,18,13,2,2,5,6540127067111902811
ridge,0,Needle,Pro,0,104000003,true,39.799999999999024,37.97777777778293,153.73333333334782,944.9910123172452,18,13,2,2,5,-7908012436519357743
ridge,0,Needle,Pro,1,104007922,true,39.333333333332384,37.61111111111584,152.1666666666799,944.9910123172452,18,13,2,2,5,-129535607726893713
ridge,0,Needle,Champion,0,104000003,true,39.73333333333236,37.98888888889403,153.70000000001446,944.9910123172452,18,13,2,2,5,-6020783129692915009
ridge,0,Needle,Champion,1,104007922,true,39.333333333332384,37.69444444444924,152.4166666666801,944.9910123172452,18,13,2,2,5,-6480570446354328182
ridge,0,Line,Rookie,0,104000003,true,43.89999999999879,40.75000000000853,166.15000000002436,944.9910123172452,18,13,2,2,5,-8529265507207765884
ridge,0,Line,Rookie,1,104007922,true,42.399999999998876,39.20555555556243,160.01666666668615,944.9910123172452,18,13,2,2,5,853058887291609936
ridge,0,Line,Club,0,104000003,true,42.43333333333221,39.41111111111815,160.66666666668667,944.9910123172452,18,13,2,2,5,5881538042438174958
ridge,0,Line,Club,1,104007922,true,40.966666666665624,38.083333333338906,155.21666666668233,944.9910123172452,18,13,2,2,5,789549175335694837
ridge,0,Line,Pro,0,104000003,true,40.849999999998964,38.23888888889454,155.5666666666826,944.9910123172452,18,13,2,2,5,-1579782068319406284
ridge,0,Line,Pro,1,104007922,true,40.149999999999004,37.10555555556011,151.46666666667934,944.9910123172452,18,13,2,2,5,-8099665757611898025
ridge,0,Line,Champion,0,104000003,true,40.91666666666563,37.977777777783245,154.85000000001537,944.9910123172452,18,13,2,2,5,-395530921424815458
ridge,0,Line,Champion,1,104007922,true,40.01666666666568,37.07222222222671,151.23333333334583,944.9910123172452,18,13,2,2,5,6989379133299964303
ridge,1,Bastion,Rookie,0,104000003,true,43.23333333333216,39.70555555556306,162.35000000002134,944.9910123172452,18,13,2,2,5,-1240314486069604292
ridge,1,Bastion,Rookie,1,104007922,true,41.96666666666557,38.02777777778359,156.05000000001633,944.9910123172452,18,13,2,2,5,-439223282798602140
ridge,1,Bastion,Club,0,104000003,true,41.84999999999891,38.07777777778359,156.08333333334969,944.9910123172452,18,13,2,2,5,5611888892437080845
ridge,1,Bastion,Club,1,104007922,true,40.34999999999899,36.49444444444857,149.8333333333447,944.9910123172452,18,13,2,2,5,-234857983641900397
ridge,1,Bastion,Pro,0,104000003,true,40.499999999998984,36.67222222222654,150.5166666666786,944.9910123172452,18,13,2,2,5,-4643175471463942503
ridge,1,Bastion,Pro,1,104007922,true,39.46666666666571,35.59444444444761,146.25000000000853,944.9910123172452,18,13,2,2,5,-7132808893171250843
ridge,1,Bastion,Champion,0,104000003,true,40.21666666666567,36.50555555555965,149.73333333334463,944.9910123172452,18,13,2,2,5,5998932364685030801
ridge,1,Bastion,Champion,1,104007922,true,39.483333333332375,35.66666666666989,146.48333333334205,944.9910123172452,18,13,2,2,5,3964831206988477095
ridge,2,Comet,Rookie,0,104000003,true,38.48333333333243,35.877777777780885,146.1166666666751,944.9910123172452,18,13,2,2,5,-4095447892434240238
ridge,2,Comet,Rookie,1,104007922,true,36.93333333333252,34.48888888889045,140.40000000000387,944.9910123172452,18,13,2,2,5,6815617271197609749
ridge,2,Comet,Club,0,104000003,true,36.58333333333254,34.07777777777891,138.81666666666928,944.9910123172452,18,13,2,2,5,-598090135488462993
ridge,2,Comet,Club,1,104007922,true,35.46666666666594,33.133333333333404,134.86666666666613,944.9910123172452,18,13,2,2,5,5407203577335594669
ridge,2,Comet,Pro,0,104000003,true,35.38333333333261,33.100000000000016,134.68333333333266,944.9910123172452,18,13,2,2,5,-7471260984531318477
ridge,2,Comet,Pro,1,104007922,true,34.68333333333265,32.3944444444437,131.86666666666375,944.9910123172452,18,13,2,2,5,4266771149602086529
ridge,2,Comet,Champion,0,104000003,true,34.933333333332634,32.69444444444401,133.01666666666466,944.9910123172452,18,13,2,2,5,-3824831057056619313
ridge,2,Comet,Champion,1,104007922,true,34.63333333333265,32.372222222221446,131.749999999997,944.9910123172452,18,13,2,2,5,6348277827089442684
ridge,1,Trail,Rookie,0,104000003,true,38.64999999999909,36.07777777778109,146.88333333334236,944.9910123172452,18,13,2,2,5,7571613874641173337
ridge,1,Trail,Rookie,1,104007922,true,36.93333333333252,34.85555555555741,141.50000000000475,944.9910123172452,18,13,2,2,5,-4810257137606245273
ridge,1,Trail,Club,0,104000003,true,37.54999999999915,35.555555555558136,144.21666666667358,944.9910123172452,18,13,2,2,5,4227788540705409414
ridge,1,Trail,Club,1,104007922,true,37.11666666666584,34.77777777777962,141.4500000000047,944.9910123172452,18,13,2,2,5,7443480694625963467
ridge,1,Trail,Pro,0,104000003,true,36.98333333333252,35.0111111111131,142.01666666667182,944.9910123172452,18,13,2,2,5,-2968103721345030607
ridge,1,Trail,Pro,1,104007922,true,36.58333333333254,34.66111111111271,140.56666666667067,944.9910123172452,18,13,2,2,5,1216186424028577685
ridge,1,Trail,Champion,0,104000003,true,37.033333333332514,34.99444444444644,142.01666666667182,944.9910123172452,18,13,2,2,5,2967292475966295143
ridge,1,Trail,Champion,1,104007922,true,36.566666666665874,34.68333333333495,140.6166666666707,944.9910123172452,18,13,2,2,5,-3896501848971252892
ridge,2,Flint,Rookie,0,104000003,true,37.04999999999918,35.288888888891115,142.91666666667254,944.9910123172452,18,13,2,2,5,-8813820032654620370
ridge,2,Flint,Rookie,1,104007922,true,36.23333333333256,34.52222222222361,139.8000000000034,944.9910123172452,18,13,2,2,5,-476569337294612611
ridge,2,Flint,Club,0,104000003,true,36.66666666666587,34.4444444444459,140.00000000000355,944.9910123172452,18,13,2,2,5,8422363401855394166
ridge,2,Flint,Club,1,104007922,true,35.94999999999924,34.01111111111201,137.98333333333528,944.9910123172452,18,13,2,2,5,-8928813894550127611
ridge,2,Flint,Pro,0,104000003,true,35.79999999999925,34.13888888888985,138.2166666666688,944.9910123172452,18,13,2,2,5,-8508732034749084843
ridge,2,Flint,Pro,1,104007922,true,35.41666666666594,33.82777777777838,136.90000000000109,944.9910123172452,18,13,2,2,5,-691898719534640787
ridge,2,Flint,Champion,0,104000003,true,35.83333333333258,34.1888888888899,138.40000000000228,944.9910123172452,18,13,2,2,5,-803627455665943313
ridge,2,Flint,Champion,1,104007922,true,35.49999999999927,33.88888888888957,137.16666666666796,944.9910123172452,18,13,2,2,5,1154208689227184991
ridge,3,Quill,Rookie,0,104000003,true,36.49999999999921,34.28333333333461,139.35000000000304,944.9910123172452,18,13,2,2,5,887958902618824688
ridge,3,Quill,Rookie,1,104007922,true,35.24999999999928,33.06666666666661,134.44999999999914,944.9910123172452,18,13,2,2,5,-7384733954960770558
ridge,3,Quill,Club,0,104000003,true,35.09999999999929,33.3000000000001,134.99999999999957,944.9910123172452,18,13,2,2,5,-5630739319379752285
ridge,3,Quill,Club,1,104007922,true,34.76666666666598,32.67222222222173,132.78333333333114,944.9910123172452,18,13,2,2,5,-319534558290600934
ridge,3,Quill,Pro,0,104000003,true,34.56666666666599,32.83888888888847,133.08333333333138,944.9910123172452,18,13,2,2,5,351928488630912002
ridge,3,Quill,Pro,1,104007922,true,34.33333333333267,32.51111111111036,131.86666666666375,944.9910123172452,18,13,2,2,5,3049580544640636327
ridge,3,Quill,Champion,0,104000003,true,34.59999999999932,32.883333333332956,133.24999999999818,944.9910123172452,18,13,2,2,5,9022203375685267079
ridge,3,Quill,Champion,1,104007922,true,34.21666666666601,32.566666666665924,131.9166666666638,944.9910123172452,18,13,2,2,5,-903922729473785880
ridge,3,Vandal,Rookie,0,104000003,true,36.93333333333252,33.80000000000101,138.33333333333556,944.9910123172452,18,13,2,2,5,-3237805664223542557
ridge,3,Vandal,Rookie,1,104007922,true,35.46666666666594,33.022222222222204,134.53333333333254,944.9910123172452,18,13,2,2,5,8339654364313953931
ridge,3,Vandal,Club,0,104000003,true,35.399999999999274,32.727777777777504,133.58333333333178,944.9910123172452,18,13,2,2,5,6610055135648869639
ridge,3,Vandal,Club,1,104007922,true,34.43333333333266,31.949999999998834,130.28333333332915,944.9910123172452,18,13,2,2,5,5166940503215226181
ridge,3,Vandal,Pro,0,104000003,true,34.43333333333266,31.855555555554314,129.9999999999956,944.9910123172452,18,13,2,2,5,3754952671889446590
ridge,3,Vandal,Pro,1,104007922,true,33.66666666666604,31.144444444442673,127.09999999999407,944.9910123172452,18,13,2,2,5,-15554234536660846
ridge,3,Vandal,Champion,0,104000003,true,34.299999999999336,31.688888888887476,129.36666666666176,944.9910123172452,18,13,2,2,5,1435540588849379332
ridge,3,Vandal,Champion,1,104007922,true,33.61666666666604,31.094444444442683,126.89999999999408,944.9910123172452,18,13,2,2,5,8673075414025212717
ridge,4,Kestrel,Rookie,0,104000003,true,33.81666666666603,31.894444444443053,129.4999999999952,944.9910123172452,18,13,2,2,5,8179766331837840001
ridge,4,Kestrel,Rookie,1,104007922,true,33.23333333333273,31.08333333333157,126.48333333332744,944.9910123172452,18,13,2,2,5,5322322011838334856
ridge,4,Kestrel,Club,0,104000003,true,33.28333333333273,31.388888888887106,127.44999999999405,944.9910123172452,18,13,2,2,5,3244388924426357503
ridge,4,Kestrel,Club,1,104007922,true,32.71666666666609,30.711111111109364,124.8499999999942,944.9910123172452,18,13,2,2,5,5271092974259783927
ridge,4,Kestrel,Pro,0,104000003,true,32.49999999999944,30.84444444444269,125.03333333332752,944.9910123172452,18,13,2,2,5,-849815261115619318
ridge,4,Kestrel,Pro,1,104007922,true,32.33333333333278,30.55555555555382,123.99999999999424,944.9910123172452,18,13,2,2,5,2409398443239706883
ridge,4,Kestrel,Champion,0,104000003,true,32.516666666666104,30.88333333333158,125.16666666666084,944.9910123172452,18,13,2,2,5,6424377096226006069
ridge,4,Kestrel,Champion,1,104007922,true,32.29999999999945,30.59444444444271,124.08333333332757,944.9910123172452,18,13,2,2,5,-3124820706365937769
ridge,4,Bulwark,Rookie,0,104000003,true,35.5333333333326,33.02777777777778,134.61666666666594,944.9910123172452,18,13,2,2,5,-7074315150670758930
ridge,4,Bulwark,Rookie,1,104007922,true,34.23333333333267,32.40555555555469,131.44999999999675,944.9910123172452,18,13,2,2,5,-5279548111374579453
ridge,4,Bulwark,Club,0,104000003,true,34.08333333333268,32.06111111110993,130.26666666666247,944.9910123172452,18,13,2,2,5,1775088435750660725
ridge,4,Bulwark,Club,1,104007922,true,33.133333333332736,31.205555555553786,126.74999999999409,944.9910123172452,18,13,2,2,5,-3082515200787709073
ridge,4,Bulwark,Pro,0,104000003,true,33.1499999999994,31.199999999998226,126.74999999999409,944.9910123172452,18,13,2,2,5,-3208786669819702477
ridge,4,Bulwark,Pro,1,104007922,true,32.44999999999944,30.544444444442707,124.08333333332757,944.9910123172452,18,13,2,2,5,298942780243080740
ridge,4,Bulwark,Champion,0,104000003,true,33.29999999999939,31.29444444444267,127.1833333333274,944.9910123172452,18,13,2,2,5,-6253689780404911055
ridge,4,Bulwark,Champion,1,104007922,true,32.5666666666661,30.59999999999826,124.36666666666089,944.9910123172452,18,13,2,2,5,-4700493141338108884
frostline,0,Needle,Rookie,0,104000003,true,38.4999999999991,36.50555555555917,148.0166666666766,857.6332526481478,20,12,2,2,5,5336525377134227441
frostline,0,Needle,Rookie,1,104007922,true,37.149999999999174,35.311111111113384,143.08333333333934,857.6332526481478,20,12,2,2,5,4094912236174938529
frostline,0,Needle,Club,0,104000003,true,37.43333333333249,35.51666666666919,143.98333333334006,857.6332526481478,20,12,2,2,5,3100879067789721169
frostline,0,Needle,Club,1,104007922,true,36.66666666666587,34.84444444444622,141.2000000000045,857.6332526481478,20,12,2,2,5,1579327379698002830
frostline,0,Needle,Pro,0,104000003,true,36.46666666666588,34.65555555555712,140.43333333333723,857.6332526481478,20,12,2,2,5,4840440464854179728
frostline,0,Needle,Pro,1,104007922,true,35.99999999999924,34.25555555555667,138.76666666666924,857.6332526481478,20,12,2,2,5,4392072908291428011
frostline,0,Needle,Champion,0,104000003,true,36.43333333333255,34.72222222222383,140.60000000000403,857.6332526481478,20,12,2,2,5,-7954735073231074137
frostline,0,Needle,Champion,1,104007922,true,36.08333333333257,34.29444444444561,138.9666666666694,857.6332526481478,20,12,2,2,5,-576911232570434596
frostline,0,Line,Rookie,0,104000003,true,40.98333333333229,38.311111111116865,155.9166666666829,857.6332526481478,20,12,2,2,5,4193537673450179786
frostline,0,Line,Rookie,1,104007922,true,39.99999999999901,36.600000000004115,149.80000000001135,857.6332526481478,20,12,2,2,5,-2680794684439889973
frostline,0,Line,Club,0,104000003,true,39.18333333333239,36.333333333337,148.1833333333434,857.6332526481478,20,12,2,2,5,428511147120503353
frostline,0,Line,Club,1,104007922,true,38.26666666666578,35.24444444444699,144.00000000000674,857.6332526481478,20,12,2,2,5,8269611649070034552
frostline,0,Line,Pro,0,104000003,true,38.083333333332455,35.022222222224535,143.15000000000606,857.6332526481478,20,12,2,2,5,899871523970529340
frostline,0,Line,Pro,1,104007922,true,37.2833333333325,34.21666666666811,139.93333333333683,857.6332526481478,20,12,2,2,5,-1444705228820112867
frostline,0,Line,Champion,0,104000003,true,37.966666666665795,35.066666666668986,143.16666666667274,857.6332526481478,20,12,2,2,5,-3569597621272748530
frostline,0,Line,Champion,1,104007922,true,37.11666666666584,34.2666666666681,139.91666666667015,857.6332526481478,20,12,2,2,5,1130795551892859375
frostline,1,Bastion,Rookie,0,104000003,true,41.3666666666656,38.20555555556134,155.9833333333496,857.6332526481478,20,12,2,2,5,-5832266230443874830
frostline,1,Bastion,Rookie,1,104007922,true,39.99999999999901,36.411111111115076,149.23333333334423,857.6332526481478,20,12,2,2,5,-7412153485863175270
frostline,1,Bastion,Club,0,104000003,true,39.98333333333235,36.02222222222587,148.05000000000996,857.6332526481478,20,12,2,2,5,-3715114216849311901
frostline,1,Bastion,Club,1,104007922,true,38.53333333333243,34.9888888888913,143.50000000000634,857.6332526481478,20,12,2,2,5,3709831365755352696
frostline,1,Bastion,Pro,0,104000003,true,38.28333333333244,34.80555555555775,142.7000000000057,857.6332526481478,20,12,2,2,5,5306837383863147360
frostline,1,Bastion,Pro,1,104007922,true,37.34999999999916,33.78888888889001,138.7166666666692,857.6332526481478,20,12,2,2,5,6116411544235235814
frostline,1,Bastion,Champion,0,104000003,true,38.09999999999912,34.522222222224144,141.66666666667155,857.6332526481478,20,12,2,2,5,2889320482446317748
frostline,1,Bastion,Champion,1,104007922,true,37.31666666666583,33.7333333333344,138.51666666666904,857.6332526481478,20,12,2,2,5,850154247968852272
frostline,2,Comet,Rookie,0,104000003,true,36.26666666666589,33.73333333333411,137.4666666666682,857.6332526481478,20,12,2,2,5,-4991485082178784609
frostline,2,Comet,Rookie,1,104007922,true,35.33333333333261,32.583333333332924,133.08333333333138,857.6332526481478,20,12,2,2,5,2022492011855300237
frostline,2,Comet,Club,0,104000003,true,34.78333333333264,32.46666666666601,132.18333333333067,857.6332526481478,20,12,2,2,5,4399216589616106048
frostline,2,Comet,Club,1,104007922,true,34.19999999999934,31.38888888888721,128.36666666666096,857.6332526481478,20,12,2,2,5,-606919119509633123
frostline,2,Comet,Pro,0,104000003,true,33.29999999999939,30.933333333331575,126.09999999999413,857.6332526481478,20,12,2,2,5,-5353096140761565893
frostline,2,Comet,Pro,1,104007922,true,32.68333333333276,30.3722222222205,123.79999999999426,857.6332526481478,20,12,2,2,5,1664291361723150750
frostline,2,Comet,Champion,0,104000003,true,32.94999999999941,30.7944444444427,125.3333333333275,857.6332526481478,20,12,2,2,5,1187540192220073808
frostline,2,Comet,Champion,1,104007922,true,32.549999999999436,30.33333333333161,123.54999999999427,857.6332526481478,20,12,2,2,5,-5346270113633126032
frostline,1,Trail,Rookie,0,104000003,true,35.03333333333263,32.37222222222156,132.1499999999973,857.6332526481478,20,12,2,2,5,1034689120940477348
frostline,1,Trail,Rookie,1,104007922,true,33.99999999999935,31.75555555555411,129.26666666666168,857.6332526481478,20,12,2,2,5,7702630425604847890
frostline,1,Trail,Club,0,104000003,true,34.09999999999935,32.05555555555438,130.26666666666247,857.6332526481478,20,12,2,2,5,-2188439726353894006
frostline,1,Trail,Club,1,104007922,true,33.69999999999937,31.572222222220546,128.416666666661,857.6332526481478,20,12,2,2,5,3013684024620279699
frostline,1,Trail,Pro,0,104000003,true,33.74999999999937,31.766666666665156,129.04999999999484,857.6332526481478,20,12,2,2,5,-8433246458128818953
frostline,1,Trail,Pro,1,104007922,true,33.216666666666065,31.361111111109334,127.29999999999406,857.6332526481478,20,12,2,2,5,-1340936240501997751
frostline,1,Trail,Champion,0,104000003,true,33.799999999999365,31.733333333331814,128.9999999999948,857.6332526481478,20,12,2,2,5,8383966928674820319
frostline,1,Trail,Champion,1,104007922,true,33.29999999999939,31.34444444444266,127.33333333332739,857.6332526481478,20,12,2,2,5,-1371126098108902997
frostline,2,Flint,Rookie,0,104000003,true,34.43333333333266,31.988888888887754,130.3999999999959,857.6332526481478,20,12,2,2,5,3919444976241981680
frostline,2,Flint,Rookie,1,104007922,true,33.23333333333273,31.599999999998214,128.03333333332736,857.6332526481478,20,12,2,2,5,-2711666438972504848
frostline,2,Flint,Club,0,104000003,true,32.983333333332745,31.211111111109336,126.61666666666076,857.6332526481478,20,12,2,2,5,-7116915402590869432
frostline,2,Flint,Club,1,104007922,true,32.91666666666608,30.938888888887135,125.73333333332748,857.6332526481478,20,12,2,2,5,1744822756460015453
frostline,2,Flint,Pro,0,104000003,true,32.49999999999944,30.694444444442706,124.58333333332754,857.6332526481478,20,12,2,2,5,8764521575758003747
frostline,2,Flint,Pro,1,104007922,true,32.34999999999945,30.511111111109376,123.88333333332758,857.6332526481478,20,12,2,2,5,-4282869983660815283
frostline,2,Flint,Champion,0,104000003,true,32.433333333332776,30.661111111109374,124.41666666666089,857.6332526481478,20,12,2,2,5,2817672109663487373
frostline,2,Flint,Champion,1,104007922,true,32.316666666666116,30.57222222222049,124.03333333332758,857.6332526481478,20,12,2,2,5,-4664590450378967720
frostline,3,Quill,Rookie,0,104000003,true,33.18333333333273,31.172222222220455,126.69999999999409,857.6332526481478,20,12,2,2,5,-3148863891832136027
frostline,3,Quill,Rookie,1,104007922,true,32.73333333333276,30.399999999998272,123.93333333332758,857.6332526481478,20,12,2,2,5,-6864898014764624163
frostline,3,Quill,Club,0,104000003,true,31.89999999999947,30.277777777776063,122.73333333332765,857.6332526481478,20,12,2,2,5,2379035579448204743
frostline,3,Quill,Club,1,104007922,true,31.949999999999466,30.06666666666496,122.14999999999435,857.6332526481478,20,12,2,2,5,-5427042432313706668
frostline,3,Quill,Pro,0,104000003,true,31.416666666666163,29.816666666664975,120.86666666666109,857.6332526481478,20,12,2,2,5,4048835836411718473
frostline,3,Quill,Pro,1,104007922,true,31.23333333333284,29.54444444444277,119.86666666666115,857.6332526481478,20,12,2,2,5,-1654955129903179184
frostline,3,Quill,Champion,0,104000003,true,31.499999999999492,29.838888888887197,121.01666666666108,857.6332526481478,20,12,2,2,5,-5114749195828660100
frostline,3,Quill,Champion,1,104007922,true,31.133333333332846,29.51111111110944,119.66666666666116,857.6332526481478,20,12,2,2,5,8303764866707871784
frostline,3,Vandal,Rookie,0,104000003,true,35.199999999999285,32.17222222222145,131.71666666666363,857.6332526481478,20,12,2,2,5,-6718834625355519222
frostline,3,Vandal,Rookie,1,104007922,true,33.916666666666025,31.333333333331552,127.91666666666069,857.6332526481478,20,12,2,2,5,4626465249389497
frostline,3,Vandal,Club,0,104000003,true,33.1499999999994,30.738888888887146,125.36666666666083,857.6332526481478,20,12,2,2,5,9064135628158611605
frostline,3,Vandal,Club,1,104007922,true,32.64999999999943,30.1111111111094,122.98333333332764,857.6332526481478,20,12,2,2,5,6617252484420166459
frostline,3,Vandal,Pro,0,104000003,true,32.199999999999456,29.63333333333165,121.09999999999441,857.6332526481478,20,12,2,2,5,1589764347584105755
frostline,3,Vandal,Pro,1,104007922,true,31.633333333332818,29.033333333331687,118.73333333332788,857.6332526481478,20,12,2,2,5,-2271899781012483075
frostline,3,Vandal,Champion,0,104000003,true,32.049999999999464,29.511111111109432,120.58333333332777,857.6332526481478,20,12,2,2,5,-4157030094099973385
frostline,3,Vandal,Champion,1,104007922,true,31.449999999999495,28.93888888888725,118.26666666666124,857.6332526481478,20,12,2,2,5,-5800419572831028679
frostline,4,Kestrel,Rookie,0,104000003,true,30.933333333332858,29.21666666666501,118.58333333332789,857.6332526481478,20,12,2,2,5,-5352567862332450439
frostline,4,Kestrel,Rookie,1,104007922,true,30.516666666666215,29.00555555555391,117.53333333332795,857.6332526481478,20,12,2,2,5,-7302704172888227935
frostline,4,Kestrel,Club,0,104000003,true,30.03333333333291,28.222222222220623,114.69999999999477,857.6332526481478,20,12,2,2,5,7046309133258226307
frostline,4,Kestrel,Club,1,104007922,true,30.133333333332903,28.211111111109513,114.76666666666144,857.6332526481478,20,12,2,2,5,-5903441517627816583
frostline,4,Kestrel,Pro,0,104000003,true,29.733333333332926,27.983333333331746,113.68333333332816,857.6332526481478,20,12,2,2,5,-1345046053027907706
frostline,4,Kestrel,Pro,1,104007922,true,29.533333333332937,27.73333333333176,112.73333333332822,857.6332526481478,20,12,2,2,5,5763383187364937859
frostline,4,Kestrel,Champion,0,104000003,true,29.733333333332926,27.999999999998412,113.73333333332816,857.6332526481478,20,12,2,2,5,1821216709619797825
frostline,4,Kestrel,Champion,1,104007922,true,29.299999999999617,27.749999999998426,112.5499999999949,857.6332526481478,20,12,2,2,5,-8576057527851777602
frostline,4,Bulwark,Rookie,0,104000003,true,33.84999999999936,31.422222222220466,128.11666666666076,857.6332526481478,20,12,2,2,5,-2873404724704549649
frostline,4,Bulwark,Rookie,1,104007922,true,32.26666666666612,30.29444444444273,123.1499999999943,857.6332526481478,20,12,2,2,5,7788807924435501357
frostline,4,Bulwark,Club,0,104000003,true,31.966666666666132,29.855555555553863,121.53333333332772,857.6332526481478,20,12,2,2,5,-2733402032802721211
frostline,4,Bulwark,Club,1,104007922,true,31.149999999999512,29.13333333333168,118.54999999999455,857.6332526481478,20,12,2,2,5,-5059672246828475563
frostline,4,Bulwark,Pro,0,104000003,true,30.96666666666619,28.92777777777614,117.7499999999946,857.6332526481478,20,12,2,2,5,3105841425085244984
frostline,4,Bulwark,Pro,1,104007922,true,30.366666666666223,28.47222222222061,115.78333333332805,857.6332526481478,20,12,2,2,5,2983895058382696949
frostline,4,Bulwark,Champion,0,104000003,true,30.84999999999953,28.933333333331692,117.6499999999946,857.6332526481478,20,12,2,2,5,-8391956343473017980
frostline,4,Bulwark,Champion,1,104007922,true,30.29999999999956,28.299999999998395,115.19999999999474,857.6332526481478,20,12,2,2,5,-8790379558703782652
highpass,0,Needle,Rookie,0,104000003,true,41.74999999999891,39.78333333334047,161.10000000002034,939.2201591318238,24,19,2,2,5,-7665261395841349693
highpass,0,Needle,Rookie,1,104007922,true,40.58333333333231,38.89444444445055,157.26666666668396,939.2201591318238,24,19,2,2,5,-3496955082286989030
highpass,0,Needle,Club,0,104000003,true,40.616666666665644,38.74444444445044,156.85000000001696,939.2201591318238,24,19,2,2,5,7439073259576404002
highpass,0,Needle,Club,1,104007922,true,39.63333333333237,38.00000000000512,153.63333333334774,939.2201591318238,24,19,2,2,5,1656281136350307478
highpass,0,Needle,Pro,0,104000003,true,39.566666666665704,37.87222222222723,153.18333333334738,939.2201591318238,24,19,2,2,5,-2545029788656829261
highpass,0,Needle,Pro,1,104007922,true,39.18333333333239,37.41111111111564,151.4166666666793,939.2201591318238,24,19,2,2,5,-8545325649135938728
highpass,0,Needle,Champion,0,104000003,true,39.49999999999904,37.86666666667165,153.10000000001398,939.2201591318238,24,19,2,2,5,-2263099447097385823
highpass,0,Needle,Champion,1,104007922,true,39.21666666666572,37.477777777782364,151.65000000001282,939.2201591318238,24,19,2,2,5,-5338995861594030924
highpass,0,Line,Rookie,0,104000003,true,44.3333333333321,41.588888888898204,169.1000000000267,939.2201591318238,24,19,2,2,5,-1994201967587812385
highpass,0,Line,Rookie,1,104007922,true,43.48333333333215,40.06111111111897,163.66666666668905,939.2201591318238,24,19,2,2,5,-8579105995552239887
highpass,0,Line,Club,0,104000003,true,42.29999999999888,39.46111111111816,160.68333333335335,939.2201591318238,24,19,2,2,5,9053476823737945748
highpass,0,Line,Club,1,104007922,true,41.64999999999892,38.71666666667293,157.80000000001772,939.2201591318238,24,19,2,2,5,-7069459855712157210
highpass,0,Line,Pro,0,104000003,true,41.09999999999895,38.04444444445002,155.233333333349,939.2201591318238,24,19,2,2,5,7764867711786436917
highpass,0,Line,Pro,1,104007922,true,40.16666666666567,37.35000000000476,152.21666666667994,939.2201591318238,24,19,2,2,5,7537224162862692957
highpass,0,Line,Champion,0,104000003,true,40.883333333332295,38.03333333333884,154.9833333333488,939.2201591318238,24,19,2,2,5,-6517911686699698434
highpass,0,Line,Champion,1,104007922,true,40.16666666666567,37.31111111111584,152.10000000001318,939.2201591318238,24,19,2,2,5,-8559226819633720233
highpass,1,Bastion,Rookie,0,104000003,true,44.51666666666542,40.8055555555643,166.93333333335832,939.2201591318238,24,19,2,2,5,2477446747168882209
highpass,1,Bastion,Rookie,1,104007922,true,43.24999999999883,39.10555555556258,160.5666666666866,939.2201591318238,24,19,2,2,5,2668127724194098778
highpass,1,Bastion,Club,0,104000003,true,42.866666666665516,39.0333333333402,159.9666666666861,939.2201591318238,24,19,2,2,5,1426103471715429859
highpass,1,Bastion,Club,1,104007922,true,41.549999999998924,37.92222222222782,155.3166666666824,939.2201591318238,24,19,2,2,5,8883510432416877554
highpass,1,Bastion,Pro,0,104000003,true,41.04999999999895,37.333333333338324,153.05000000001394,939.2201591318238,24,19,2,2,5,-322716444850423842
highpass,1,Bastion,Pro,1,104007922,true,40.249999999999,36.4166666666707,149.5000000000111,939.2201591318238,24,19,2,2,5,-4974124575018279882
highpass,1,Bastion,Champion,0,104000003,true,41.04999999999895,37.40000000000504,153.2500000000141,939.2201591318238,24,19,2,2,5,311346622659518179
highpass,1,Bastion,Champion,1,104007922,true,40.266666666665664,36.477777777781874,149.70000000001127,939.2201591318238,24,19,2,2,5,8362609673837259356
highpass,2,Comet,Rookie,0,104000003,true,38.76666666666575,36.13888888889229,147.1833333333426,939.2201591318238,24,19,2,2,5,-6903234515865551810
highpass,2,Comet,Rookie,1,104007922,true,37.3333333333325,35.18333333333556,142.88333333333918,939.2201591318238,24,19,2,2,5,4704548548338079584
highpass,2,Comet,Club,0,104000003,true,37.31666666666583,34.816666666668596,141.76666666667163,939.2201591318238,24,19,2,2,5,-2936844568267219247
highpass,2,Comet,Club,1,104007922,true,36.08333333333257,33.88333333333417,137.73333333333508,939.2201591318238,24,19,2,2,5,-6652330746994410244
highpass,2,Comet,Pro,0,104000003,true,35.94999999999924,33.41111111111153,136.18333333333385,939.2201591318238,24,19,2,2,5,74398316580986753
highpass,2,Comet,Pro,1,104007922,true,35.06666666666596,32.83888888888861,133.58333333333178,939.2201591318238,24,19,2,2,5,-7087558102045538376
highpass,2,Comet,Champion,0,104000003,true,35.5333333333326,33.31111111111134,135.4666666666666,939.2201591318238,24,19,2,2,5,-8382089124327795813
highpass,2,Comet,Champion,1,104007922,true,35.049999999999294,32.79444444444412,133.43333333333166,939.2201591318238,24,19,2,2,5,-5856303317234025627
highpass,1,Trail,Rookie,0,104000003,true,37.68333333333248,35.3444444444469,143.71666666667318,939.2201591318238,24,19,2,2,5,6349332241385369492
highpass,1,Trail,Rookie,1,104007922,true,37.16666666666584,34.84444444444636,141.7000000000049,939.2201591318238,24,19,2,2,5,-2062703686924875096
highpass,1,Trail,Club,0,104000003,true,37.08333333333251,34.81111111111297,141.51666666667143,939.2201591318238,24,19,2,2,5,-8056304220125998770
highpass,1,Trail,Club,1,104007922,true,36.833333333332526,34.5333333333349,140.43333333333723,939.2201591318238,24,19,2,2,5,6606842865697552589
highpass,1,Trail,Pro,0,104000003,true,36.49999999999921,34.50555555555701,140.01666666667023,939.2201591318238,24,19,2,2,5,8725918549883790395
highpass,1,Trail,Pro,1,104007922,true,36.29999999999922,34.261111111112314,139.08333333333616,939.2201591318238,24,19,2,2,5,8617276451148624539
highpass,1,Trail,Champion,0,104000003,true,36.46666666666588,34.57777777777928,140.2000000000037,939.2201591318238,24,19,2,2,5,8878432752867099431
highpass,1,Trail,Champion,1,104007922,true,36.31666666666589,34.34444444444571,139.35000000000304,939.2201591318238,24,19,2,2,5,-97806775915070737
highpass,2,Flint,Rookie,0,104000003,true,36.78333333333253,34.955555555557446,141.65000000000487,939.2201591318238,24,19,2,2,5,2283032972280138740
highpass,2,Flint,Rookie,1,104007922,true,36.54999999999921,34.33333333333466,139.5500000000032,939.2201591318238,24,19,2,2,5,-5662440513710135163
highpass,2,Flint,Club,0,104000003,true,35.93333333333258,34.25000000000109,138.68333333333584,939.2201591318238,24,19,2,2,5,3476212676186720388
highpass,2,Flint,Club,1,104007922,true,35.69999999999926,33.922222222222985,137.4666666666682,939.2201591318238,24,19,2,2,5,-3104817256895638388
highpass,2,Flint,Pro,0,104000003,true,35.316666666665945,33.69444444444491,136.4000000000007,939.2201591318238,24,19,2,2,5,-4632773996765293052
highpass,2,Flint,Pro,1,104007922,true,35.049999999999294,33.388888888889035,135.2166666666664,939.2201591318238,24,19,2,2,5,-7155862895988979912
highpass,2,Flint,Champion,0,104000003,true,35.23333333333262,33.58888888888925,136.00000000000037,939.2201591318238,24,19,2,2,5,8815879727506968812
highpass,2,Flint,Champion,1,104007922,true,34.9499999999993,33.38888888888901,135.11666666666633,939.2201591318238,24,19,2,2,5,3611713952717489696
highpass,3,Quill,Rookie,0,104000003,true,35.94999999999924,33.76666666666737,137.25000000000136,939.2201591318238,24,19,2,2,5,-412869491380798414
highpass,3,Quill,Rookie,1,104007922,true,35.399999999999274,33.46111111111142,135.78333333333353,939.2201591318238,24,19,2,2,5,-6078564457548429741
highpass,3,Quill,Club,0,104000003,true,34.699999999999314,32.999999999999744,133.69999999999854,939.2201591318238,24,19,2,2,5,-8295083658475184293
highpass,3,Quill,Club,1,104007922,true,34.56666666666599,32.67222222222167,132.58333333333098,939.2201591318238,24,19,2,2,5,-7452617968999600150
highpass,3,Quill,Pro,0,104000003,true,34.13333333333268,32.4833333333325,131.5833333333302,939.2201591318238,24,19,2,2,5,-5675849126862677081
highpass,3,Quill,Pro,1,104007922,true,34.04999999999935,32.183333333332236,130.59999999999607,939.2201591318238,24,19,2,2,5,6435748599070818085
highpass,3,Quill,Champion,0,104000003,true,34.183333333332676,32.46111111111028,131.5666666666635,939.2201591318238,24,19,2,2,5,-4294367986070786615
highpass,3,Quill,Champion,1,104007922,true,33.89999999999936,32.20555555555444,130.51666666666267,939.2201591318238,24,19,2,2,5,8662033867260746862
highpass,3,Vandal,Rookie,0,104000003,true,37.3333333333325,34.69444444444628,141.41666666667135,939.2201591318238,24,19,2,2,5,-7540220920355998128
highpass,3,Vandal,Rookie,1,104007922,true,36.53333333333254,33.70000000000082,137.633333333335,939.2201591318238,24,19,2,2,5,-419980670907666773
highpass,3,Vandal,Club,0,104000003,true,36.333333333332554,33.205555555555925,135.95000000000033,939.2201591318238,24,19,2,2,5,8079301406568947252
highpass,3,Vandal,Club,1,104007922,true,34.86666666666597,32.449999999999356,132.21666666666403,939.2201591318238,24,19,2,2,5,-9129432634194656807
highpass,3,Vandal,Pro,0,104000003,true,34.816666666665974,32.133333333332416,131.21666666666323,939.2201591318238,24,19,2,2,5,-3437220940064197577
highpass,3,Vandal,Pro,1,104007922,true,34.21666666666601,31.583333333331808,128.96666666666144,939.2201591318238,24,19,2,2,5,-3150536411852331886
highpass,3,Vandal,Champion,0,104000003,true,34.616666666665985,32.00555555555448,130.63333333332943,939.2201591318238,24,19,2,2,5,-7464789429375031781
highpass,3,Vandal,Champion,1,104007922,true,34.04999999999935,31.499999999998362,128.54999999999444,939.2201591318238,24,19,2,2,5,-4138525003414537406
highpass,4,Kestrel,Rookie,0,104000003,true,33.99999999999935,31.77222222222079,129.31666666666172,939.2201591318238,24,19,2,2,5,-6650696111658914651
highpass,4,Kestrel,Rookie,1,104007922,true,33.06666666666607,31.233333333331558,126.76666666666075,939.2201591318238,24,19,2,2,5,-4153633579575571154
highpass,4,Kestrel,Club,0,104000003,true,32.91666666666608,31.188888888887117,126.48333333332744,939.2201591318238,24,19,2,2,5,-297445495509687276
highpass,4,Kestrel,Club,1,104007922,true,32.6166666666661,30.82222222222047,125.08333333332752,939.2201591318238,24,19,2,2,5,3537490890407537913
highpass,4,Kestrel,Pro,0,104000003,true,32.18333333333279,30.688888888887146,124.24999999999423,939.2201591318238,24,19,2,2,5,-943248948493699972
highpass,4,Kestrel,Pro,1,104007922,true,32.0333333333328,30.316666666664947,122.98333333332764,939.2201591318238,24,19,2,2,5,5227736370048365077
highpass,4,Kestrel,Champion,0,104000003,true,32.24999999999945,30.6444444444427,124.18333333332757,939.2201591318238,24,19,2,2,5,6096978816387087623
highpass,4,Kestrel,Champion,1,104007922,true,32.0333333333328,30.311111111109387,122.96666666666097,939.2201591318238,24,19,2,2,5,-1260236936565091278
highpass,4,Bulwark,Rookie,0,104000003,true,35.71666666666592,33.31111111111139,135.6500000000001,939.2201591318238,24,19,2,2,5,9019602446599597811
highpass,4,Bulwark,Rookie,1,104007922,true,34.849999999999305,32.57777777777722,132.58333333333098,939.2201591318238,24,19,2,2,5,-3730405559410349004
highpass,4,Bulwark,Club,0,104000003,true,34.56666666666599,32.24999999999911,131.3166666666633,939.2201591318238,24,19,2,2,5,6254853370130711987
highpass,4,Bulwark,Club,1,104007922,true,33.84999999999936,31.538888888887225,128.46666666666104,939.2201591318238,24,19,2,2,5,7364591873342347762
highpass,4,Bulwark,Pro,0,104000003,true,33.54999999999938,31.366666666664884,127.64999999999404,939.2201591318238,24,19,2,2,5,-2862224648992239077
highpass,4,Bulwark,Pro,1,104007922,true,32.783333333332756,30.75555555555381,125.04999999999418,939.2201591318238,24,19,2,2,5,81377146775398853
highpass,4,Bulwark,Champion,0,104000003,true,33.43333333333272,31.49444444444266,127.91666666666069,939.2201591318238,24,19,2,2,5,-2401297324709863801
highpass,4,Bulwark,Champion,1,104007922,true,32.73333333333276,30.872222222220472,125.34999999999417,939.2201591318238,24,19,2,2,5,-1833114848974448877
summit,0,Needle,Rookie,0,104000003,true,42.29999999999888,40.288888888896594,163.16666666668866,987.1778493477083,18,14,2,2,5,-2018959868197924548
summit,0,Needle,Rookie,1,104007922,true,41.083333333332284,39.34444444445105,159.11666666668543,987.1778493477083,18,14,2,2,5,-1550119260393626811
summit,0,Needle,Club,0,104000003,true,41.29999999999894,39.41111111111783,159.53333333335243,987.1778493477083,18,14,2,2,5,-2627515348203263888
summit,0,Needle,Club,1,104007922,true,40.43333333333232,38.84444444445047,156.96666666668372,987.1778493477083,18,14,2,2,5,3764470066901016690
summit,0,Needle,Pro,0,104000003,true,40.69999999999897,38.988888888895104,157.66666666668428,987.1778493477083,18,14,2,2,5,-346118349662043642
summit,0,Needle,Pro,1,104007922,true,40.36666666666566,38.66111111111697,156.35000000001656,987.1778493477083,18,14,2,2,5,-5212101833813237059
summit,0,Needle,Champion,0,104000003,true,40.81666666666563,39.07777777778409,158.05000000001792,987.1778493477083,18,14,2,2,5,1541156622667328270
summit,0,Needle,Champion,1,104007922,true,40.383333333332324,38.73888888889481,156.60000000001676,987.1778493477083,18,14,2,2,5,-8415621456637466858
summit,0,Line,Rookie,0,104000003,true,43.98333333333212,41.111111111119946,167.31666666669196,987.1778493477083,18,14,2,2,5,985919361971997479
summit,0,Line,Rookie,1,104007922,true,43.333333333332156,39.78333333334093,162.68333333335494,987.1778493477083,18,14,2,2,5,-5350770001672466419
summit,0,Line,Club,0,104000003,true,42.34999999999888,39.577777777784924,161.08333333335366,987.1778493477083,18,14,2,2,5,-2843685884267267612
summit,0,Line,Club,1,104007922,true,41.63333333333225,38.58888888889505,157.4000000000174,987.1778493477083,18,14,2,2,5,3341354278662181097
summit,0,Line,Pro,0,104000003,true,41.549999999998924,38.5777777777839,157.28333333335064,987.1778493477083,18,14,2,2,5,7990534219937726202
summit,0,Line,Pro,1,104007922,true,40.69999999999897,37.84444444444975,154.2333333333482,987.1778493477083,18,14,2,2,5,-5490638832122288511
summit,0,Line,Champion,0,104000003,true,41.18333333333228,38.40000000000588,156.38333333334992,987.1778493477083,18,14,2,2,5,-8882358647374440521
summit,0,Line,Champion,1,104007922,true,40.533333333332315,37.66111111111622,153.51666666668098,987.1778493477083,18,14,2,2,5,211552857414845655
summit,1,Bastion,Rookie,0,104000003,true,44.39999999999876,40.65000000000859,166.35000000002452,987.1778493477083,18,14,2,2,5,-6613677763542943265
summit,1,Bastion,Rookie,1,104007922,true,42.68333333333219,39.100000000006865,159.9833333333528,987.1778493477083,18,14,2,2,5,-4369429697270078456
summit,1,Bastion,Club,0,104000003,true,42.81666666666552,38.8222222222289,159.28333333335223,987.1778493477083,18,14,2,2,5,2515032235154913775
summit,1,Bastion,Club,1,104007922,true,41.59999999999892,37.561111111116446,154.28333333334825,987.1778493477083,18,14,2,2,5,-1680448864587180090
summit,1,Bastion,Pro,0,104000003,true,41.14999999999895,37.48333333333847,153.60000000001438,987.1778493477083,18,14,2,2,5,5134312001025449975
summit,1,Bastion,Pro,1,104007922,true,40.13333333333234,36.40555555555955,149.350000000011,987.1778493477083,18,14,2,2,5,-364366668014540970
summit,1,Bastion,Champion,0,104000003,true,40.93333333333229,37.233333333338216,152.63333333334694,987.1778493477083,18,14,2,2,5,-1915635675401574407
summit,1,Bastion,Champion,1,104007922,true,40.08333333333234,36.36111111111506,149.16666666667751,987.1778493477083,18,14,2,2,5,6387415021220196450
summit,2,Comet,Rookie,0,104000003,true,38.99999999999907,36.46666666667039,148.40000000001024,987.1778493477083,18,14,2,2,5,877195836073992243
summit,2,Comet,Rookie,1,104007922,true,37.34999999999916,35.14444444444664,142.7833333333391,987.1778493477083,18,14,2,2,5,-516609902815097503
summit,2,Comet,Club,0,104000003,true,37.09999999999918,34.7111111111129,141.23333333333787,987.1778493477083,18,14,2,2,5,-5390973843157250303
summit,2,Comet,Club,1,104007922,true,36.333333333332554,33.93333333333428,138.1333333333354,987.1778493477083,18,14,2,2,5,3561648829282375007
summit,2,Comet,Pro,0,104000003,true,35.94999999999924,33.60555555555613,136.76666666666765,987.1778493477083,18,14,2,2,5,2130797731960775693
summit,2,Comet,Pro,1,104007922,true,35.24999999999928,32.99444444444433,134.2333333333323,987.1778493477083,18,14,2,2,5,-2964029289720302773
summit,2,Comet,Champion,0,104000003,true,35.59999999999926,33.3333333333336,135.60000000000005,987.1778493477083,18,14,2,2,5,-128216984967822899
summit,2,Comet,Champion,1,104007922,true,35.23333333333262,32.99999999999989,134.2333333333323,987.1778493477083,18,14,2,2,5,-2454371103956441673
summit,1,Trail,Rookie,0,104000003,true,38.316666666665775,36.294444444447834,147.20000000000928,987.1778493477083,18,14,2,2,5,-2853794120548092874
summit,1,Trail,Rookie,1,104007922,true,37.8666666666658,35.527777777780436,144.4500000000071,987.1778493477083,18,14,2,2,5,-1641149987242638009
summit,1,Trail,Club,0,104000003,true,38.13333333333245,35.961111111114185,146.016666666675,987.1778493477083,18,14,2,2,5,1617637116361711951
summit,1,Trail,Club,1,104007922,true,37.66666666666581,35.60000000000266,144.46666666667377,987.1778493477083,18,14,2,2,5,-8603269628205111224
summit,1,Trail,Pro,0,104000003,true,37.78333333333247,35.850000000002886,145.33333333334113,987.1778493477083,18,14,2,2,5,1463404840125575783
summit,1,Trail,Pro,1,104007922,true,37.51666666666582,35.50555555555809,144.0333333333401,987.1778493477083,18,14,2,2,5,-4605172807671241516
summit,1,Trail,Champion,0,104000003,true,37.883333333332466,35.894444444447394,145.56666666667465,987.1778493477083,18,14,2,2,5,-1934315021651850867
summit,1,Trail,Champion,1,104007922,true,37.46666666666582,35.51111111111364,144.00000000000674,987.1778493477083,18,14,2,2,5,-2796246840468097867
summit,2,Flint,Rookie,0,104000003,true,37.54999999999915,35.2000000000023,143.15000000000606,987.1778493477083,18,14,2,2,5,-8116133655889897669
summit,2,Flint,Rookie,1,104007922,true,36.76666666666586,34.905555555557406,141.48333333333807,987.1778493477083,18,14,2,2,5,7490620276990702847
summit,2,Flint,Club,0,104000003,true,36.41666666666588,34.7944444444461,140.8000000000042,987.1778493477083,18,14,2,2,5,-2079950693326410173
summit,2,Flint,Club,1,104007922,true,36.28333333333256,34.672222222223745,140.3000000000038,987.1778493477083,18,14,2,2,5,-5984328200240317823
summit,2,Flint,Pro,0,104000003,true,36.14999999999923,34.43888888889018,139.4666666666698,987.1778493477083,18,14,2,2,5,-2929936211023757035
summit,2,Flint,Pro,1,104007922,true,35.983333333332574,34.31666666666782,138.93333333333604,987.1778493477083,18,14,2,2,5,1167106303172840554
summit,2,Flint,Champion,0,104000003,true,36.19999999999923,34.538888888890284,139.81666666667007,987.1778493477083,18,14,2,2,5,-3720476682684750562
summit,2,Flint,Champion,1,104007922,true,36.04999999999924,34.388888888890115,139.2166666666696,987.1778493477083,18,14,2,2,5,-2506675874076435054
summit,3,Quill,Rookie,0,104000003,true,36.599999999999206,34.316666666668,139.5500000000032,987.1778493477083,18,14,2,2,5,-833109285549812725
summit,3,Quill,Rookie,1,104007922,true,35.56666666666593,33.36666666666695,135.66666666666677,987.1778493477083,18,14,2,2,5,5985208191322199260
summit,3,Quill,Club,0,104000003,true,35.34999999999928,33.58888888888928,136.11666666666713,987.1778493477083,18,14,2,2,5,-8093077996362154245
summit,3,Quill,Club,1,104007922,true,35.26666666666595,33.416666666666906,135.51666666666665,987.1778493477083,18,14,2,2,5,8127415956289566083
summit,3,Quill,Pro,0,104000003,true,34.933333333332634,33.25555555555557,134.69999999999933,987.1778493477083,18,14,2,2,5,384655447087170761
summit,3,Quill,Pro,1,104007922,true,34.78333333333264,32.938888888888606,133.59999999999846,987.1778493477083,18,14,2,2,5,5218360768350392958
summit,3,Quill,Champion,0,104000003,true,34.8999999999993,33.30000000000004,134.79999999999941,987.1778493477083,18,14,2,2,5,-2097317839733519509
summit,3,Quill,Champion,1,104007922,true,34.733333333332645,33.05555555555535,133.8999999999987,987.1778493477083,18,14,2,2,5,6358948911257940428
summit,3,Vandal,Rookie,0,104000003,true,37.69999999999914,34.65000000000191,141.65000000000487,987.1778493477083,18,14,2,2,5,8481082168055471876
summit,3,Vandal,Rookie,1,104007922,true,35.88333333333258,33.561111111111636,136.5666666666675,987.1778493477083,18,14,2,2,5,5606885823888207936
summit,3,Vandal,Club,0,104000003,true,35.983333333332574,33.450000000000465,136.33333333333397,987.1778493477083,18,14,2,2,5,4487630441639180057
summit,3,Vandal,Club,1,104007922,true,35.14999999999929,32.37777777777715,132.28333333333075,987.1778493477083,18,14,2,2,5,2401286757690579622
summit,3,Vandal,Pro,0,104000003,true,34.86666666666597,32.26111111111032,131.6499999999969,987.1778493477083,18,14,2,2,5,-1242576813201459859
summit,3,Vandal,Pro,1,104007922,true,34.183333333332676,31.555555555553997,128.84999999999468,987.1778493477083,18,14,2,2,5,-8596110405322620181
summit,3,Vandal,Champion,0,104000003,true,34.79999999999931,32.199999999999136,131.3999999999967,987.1778493477083,18,14,2,2,5,-2196519387741093428
summit,3,Vandal,Champion,1,104007922,true,34.04999999999935,31.527777777776162,128.63333333332784,987.1778493477083,18,14,2,2,5,-5728183979433550297
summit,4,Kestrel,Rookie,0,104000003,true,33.93333333333269,32.22777777777669,130.61666666666275,987.1778493477083,18,14,2,2,5,5657870811233346509
summit,4,Kestrel,Rookie,1,104007922,true,33.949999999999356,31.722222222220733,129.11666666666156,987.1778493477083,18,14,2,2,5,-8186408997565230850
summit,4,Kestrel,Club,0,104000003,true,33.23333333333273,31.622222222220454,128.09999999999408,987.1778493477083,18,14,2,2,5,7045583989140990495
summit,4,Kestrel,Club,1,104007922,true,33.249999999999396,31.277777777776,127.0833333333274,987.1778493477083,18,14,2,2,5,8096828142302337352
summit,4,Kestrel,Pro,0,104000003,true,32.94999999999941,31.249999999998227,126.69999999999409,987.1778493477083,18,14,2,2,5,-1192832548259749975
summit,4,Kestrel,Pro,1,104007922,true,32.71666666666609,31.016666666664907,125.76666666666081,987.1778493477083,18,14,2,2,5,4997247567519029322
summit,4,Kestrel,Champion,0,104000003,true,32.96666666666608,31.29444444444267,126.84999999999408,987.1778493477083,18,14,2,2,5,9186671678641033
summit,4,Kestrel,Champion,1,104007922,true,32.68333333333276,31.11111111110934,126.0166666666608,987.1778493477083,18,14,2,2,5,-7106885620952508423
summit,4,Bulwark,Rookie,0,104000003,true,36.23333333333256,33.805555555556374,137.65000000000168,987.1778493477083,18,14,2,2,5,3927097648682397131
summit,4,Bulwark,Rookie,1,104007922,true,34.416666666665996,32.92222222222182,133.18333333333146,987.1778493477083,18,14,2,2,5,6700290897027570537
summit,4,Bulwark,Club,0,104000003,true,34.816666666665974,32.705555555555094,132.93333333333126,987.1778493477083,18,14,2,2,5,513265088758199845
summit,4,Bulwark,Club,1,104007922,true,33.949999999999356,31.933333333332012,129.7499999999954,987.1778493477083,18,14,2,2,5,3502828741355922538
summit,4,Bulwark,Pro,0,104000003,true,33.69999999999937,31.711111111109545,128.833333333328,987.1778493477083,18,14,2,2,5,4610051702801234097
summit,4,Bulwark,Pro,1,104007922,true,33.08333333333274,31.011111111109347,126.11666666666079,987.1778493477083,18,14,2,2,5,-5781768590579584060
summit,4,Bulwark,Champion,0,104000003,true,33.64999999999937,31.733333333331768,128.84999999999468,987.1778493477083,18,14,2,2,5,1228173440845726860
summit,4,Bulwark,Champion,1,104007922,true,33.016666666666076,31.088888888887123,126.28333333332745,987.1778493477083,18,14,2,2,5,1258463259230935770
slagway-final,0,Needle,Rookie,0,104000003,true,59.86666666666455,57.833333333359995,233.36666666674452,1486.6222081097558,40,8,4,2,3,4429456078730717546
slagway-final,0,Needle,Rookie,1,104007922,true,59.149999999997924,57.100000000025865,230.45000000007553,1486.6222081097558,40,8,4,2,3,2369901084734877209
slagway-final,0,Needle,Club,0,104000003,true,58.63333333333129,57.02777777780344,229.71666666674162,1486.6222081097558,40,8,4,2,3,-5548651775395306798
slagway-final,0,Needle,Club,1,104007922,true,58.4333333333313,56.47222222224739,227.85000000007346,1486.6222081097558,40,8,4,2,3,-2437680324397656474
slagway-final,0,Needle,Pro,0,104000003,true,58.3833333333313,56.516666666691854,227.93333333340686,1486.6222081097558,40,8,4,2,3,2142853469583435192
slagway-final,0,Needle,Pro,1,104007922,true,57.94999999999799,56.05555555558025,226.11666666673875,1486.6222081097558,40,8,4,2,3,8174237905000236709
slagway-final,0,Needle,Champion,0,104000003,true,58.483333333331295,56.51111111113632,228.01666666674026,1486.6222081097558,40,8,4,2,3,4753553563177197731
slagway-final,0,Needle,Champion,1,104007922,true,58.06666666666465,56.20000000002485,226.6666666667392,1486.6222081097558,40,8,4,2,3,5812155592860848352
slagway-final,0,Line,Rookie,0,104000003,true,61.749999999997776,58.01111111113844,235.7833333334131,1486.6222081097558,40,8,4,2,3,3597655939317810939
slagway-final,0,Line,Rookie,1,104007922,true,60.666666666664504,57.194444444470825,232.25000000007697,1486.6222081097558,40,8,4,2,3,2226509952352827066
slagway-final,0,Line,Club,0,104000003,true,59.616666666664564,56.194444444469724,228.20000000007374,1486.6222081097558,40,8,4,2,3,3655568968058440141
slagway-final,0,Line,Club,1,104007922,true,58.89999999999794,55.60000000002461,225.70000000007175,1486.6222081097558,40,8,4,2,3,-7748086103804112351
slagway-final,0,Line,Pro,0,104000003,true,58.23333333333131,54.7833333333571,222.5833333334026,1486.6222081097558,40,8,4,2,3,2076440233767619472
slagway-final,0,Line,Pro,1,104007922,true,57.61666666666468,54.216666666689804,220.2666666667341,1486.6222081097558,40,8,4,2,3,1922513167937195823
slagway-final,0,Line,Champion,0,104000003,true,58.08333333333132,54.57777777780134,221.81666666673533,1486.6222081097558,40,8,4,2,3,-5206637215555447688
slagway-final,0,Line,Champion,1,104007922,true,57.583333333331346,54.10000000002304,219.88333333340046,1486.6222081097558,40,8,4,2,3,8794910444613896495
slagway-final,1,Bastion,Rookie,0,104000003,true,58.66666666666462,54.53333333335703,222.2666666667357,1486.6222081097558,40,8,4,2,3,3972190890232386379
slagway-final,1,Bastion,Rookie,1,104007922,true,57.749999999998,53.40555555557808,217.96666666673227,1486.6222081097558,40,8,4,2,3,-7210559843407042602
slagway-final,1,Bastion,Club,0,104000003,true,56.71666666666473,52.588888888910475,214.48333333339616,1486.6222081097558,40,8,4,2,3,5132231430580723401
slagway-final,1,Bastion,Club,1,104007922,true,55.88333333333144,51.661111111131724,210.86666666672662,1486.6222081097558,40,8,4,2,3,8013607075459883372
slagway-final,1,Bastion,Pro,0,104000003,true,55.19999999999815,51.105555555575535,208.51666666672475,1486.6222081097558,40,8,4,2,3,-3254793433535277008
slagway-final,1,Bastion,Pro,1,104007922,true,54.71666666666484,50.505555555574915,206.2333333333896,1486.6222081097558,40,8,4,2,3,-1961556213936751937
slagway-final,1,Bastion,Champion,0,104000003,true,55.19999999999815,50.905555555575376,207.91666666672427,1486.6222081097558,40,8,4,2,3,-468275813190677845
slagway-final,1,Bastion,Champion,1,104007922,true,54.49999999999819,50.26666666668578,205.30000000005552,1486.6222081097558,40,8,4,2,3,805543773694694773
slagway-final,2,Comet,Rookie,0,104000003,true,51.433333333331696,48.42777777779455,196.71666666671535,1486.6222081097558,40,8,4,2,3,1346079149089107684
slagway-final,2,Comet,Rookie,1,104007922,true,50.56666666666508,48.10000000001627,194.86666666671388,1486.6222081097558,40,8,4,2,3,3383386183618820986
slagway-final,2,Comet,Club,0,104000003,true,49.93333333333178,47.24444444445985,191.66666666671134,1486.6222081097558,40,8,4,2,3,2097665924337640019
slagway-final,2,Comet,Club,1,104007922,true,49.38333333333181,46.75000000001486,189.63333333337638,1486.6222081097558,40,8,4,2,3,-5711167260935294523
slagway-final,2,Comet,Pro,0,104000003,true,48.433333333331866,45.80555555556939,185.85000000004004,1486.6222081097558,40,8,4,2,3,-8506706554986170583
slagway-final,2,Comet,Pro,1,104007922,true,48.33333333333187,45.483333333346884,184.78333333337252,1486.6222081097558,40,8,4,2,3,6238208747104872532
slagway-final,2,Comet,Champion,0,104000003,true,48.58333333333186,45.861111111125034,186.16666666670696,1486.6222081097558,40,8,4,2,3,4995225258606338376
slagway-final,2,Comet,Champion,1,104007922,true,48.283333333331875,45.57222222223583,185.00000000003936,1486.6222081097558,40,8,4,2,3,-39654062126285229
slagway-final,1,Trail,Rookie,0,104000003,true,55.449999999998134,52.85555555557699,214.01666666672912,1486.6222081097558,40,8,4,2,3,8578882243557663552
slagway-final,1,Trail,Rookie,1,104007922,true,54.69999999999818,52.32777777779859,211.68333333339393,1486.6222081097558,40,8,4,2,3,-6782024935848351200
slagway-final,1,Trail,Club,0,104000003,true,54.8333333333315,52.45000000002094,212.18333333339433,1486.6222081097558,40,8,4,2,3,1294448445181147878
slagway-final,1,Trail,Club,1,104007922,true,54.14999999999821,51.944444444464786,209.98333333339258,1486.6222081097558,40,8,4,2,3,7236948953711956913
slagway-final,1,Trail,Pro,0,104000003,true,54.64999999999818,52.400000000020846,211.85000000006073,1486.6222081097558,40,8,4,2,3,-6726987753423264631
slagway-final,1,Trail,Pro,1,104007922,true,54.199999999998205,51.90000000002033,209.90000000005918,1486.6222081097558,40,8,4,2,3,-6116260031423090941
slagway-final,1,Trail,Champion,0,104000003,true,54.68333333333151,52.40000000002086,211.8833333333941,1486.6222081097558,40,8,4,2,3,7704533678035357407
slagway-final,1,Trail,Champion,1,104007922,true,54.199999999998205,51.98333333335373,210.15000000005938,1486.6222081097558,40,8,4,2,3,-6246279629101355010
slagway-final,2,Flint,Rookie,0,104000003,true,53.066666666664936,50.93888888890813,205.88333333338932,1486.6222081097558,40,8,4,2,3,5743355972175482387
slagway-final,2,Flint,Rookie,1,104007922,true,52.41666666666497,50.46111111112978,203.80000000005433,1486.6222081097558,40,8,4,2,3,-7337435824011550170
slagway-final,2,Flint,Club,0,104000003,true,52.099999999998325,50.26111111112954,202.88333333338693,1486.6222081097558,40,8,4,2,3,-4586647583673600539
slagway-final,2,Flint,Club,1,104007922,true,51.549999999998356,49.866666666684615,201.15000000005222,1486.6222081097558,40,8,4,2,3,-587055417088745632
slagway-final,2,Flint,Pro,0,104000003,true,51.56666666666502,49.72777777779563,200.7500000000519,1486.6222081097558,40,8,4,2,3,-690474530930955457
slagway-final,2,Flint,Pro,1,104007922,true,51.199999999998376,49.333333333350765,199.20000000005066,1486.6222081097558,40,8,4,2,3,-1202955660955833907
slagway-final,2,Flint,Champion,0,104000003,true,51.61666666666502,49.80000000001792,201.01666666671878,1486.6222081097558,40,8,4,2,3,3818788615405884769
slagway-final,2,Flint,Champion,1,104007922,true,51.316666666665036,49.50000000001759,199.81666666671782,1486.6222081097558,40,8,4,2,3,5837986670196752839
slagway-final,3,Quill,Rookie,0,104000003,true,50.733333333331736,48.84444444446135,197.2666666667158,1486.6222081097558,40,8,4,2,3,-5222863873747467761
slagway-final,3,Quill,Rookie,1,104007922,true,50.28333333333176,48.32222222223859,195.25000000004752,1486.6222081097558,40,8,4,2,3,3595203922809548682
slagway-final,3,Quill,Club,0,104000003,true,49.96666666666511,47.777777777793624,193.30000000004597,1486.6222081097558,40,8,4,2,3,-5186447357356297726
slagway-final,3,Quill,Club,1,104007922,true,49.533333333331804,47.58888888890446,192.30000000004517,1486.6222081097558,40,8,4,2,3,5624970910956975376
slagway-final,3,Quill,Pro,0,104000003,true,49.46666666666514,47.50555555557104,191.98333333337825,1486.6222081097558,40,8,4,2,3,-6398272529715989228
slagway-final,3,Quill,Pro,1,104007922,true,49.0499999999985,47.155555555570636,190.51666666671042,1486.6222081097558,40,8,4,2,3,-6321640831911342524
slagway-final,3,Quill,Champion,0,104000003,true,49.39999999999848,47.51111111112658,191.93333333337822,1486.6222081097558,40,8,4,2,3,-6050368245125800244
slagway-final,3,Quill,Champion,1,104007922,true,49.14999999999849,47.233333333348504,190.85000000004402,1486.6222081097558,40,8,4,2,3,-6976912102695689038
slagway-final,3,Vandal,Rookie,0,104000003,true,50.53333333333175,47.05555555557098,191.7000000000447,1486.6222081097558,40,8,4,2,3,3049246954079951738
slagway-final,3,Vandal,Rookie,1,104007922,true,49.81666666666512,46.72222222223718,189.98333333337666,1486.6222081097558,40,8,4,2,3,-1714904576199690190
slagway-final,3,Vandal,Club,0,104000003,true,49.23333333333182,45.68888888890286,186.3000000000404,1486.6222081097558,40,8,4,2,3,-4082779939087041011
slagway-final,3,Vandal,Club,1,104007922,true,48.38333333333187,45.2333333333467,184.08333333337197,1486.6222081097558,40,8,4,2,3,2469119216841396130
slagway-final,3,Vandal,Pro,0,104000003,true,47.79999999999857,44.83333333334622,182.30000000003722,1486.6222081097558,40,8,4,2,3,224278861373559932
slagway-final,3,Vandal,Pro,1,104007922,true,47.349999999998595,44.266666666678965,180.1500000000355,1486.6222081097558,40,8,4,2,3,-5025878463668809341
slagway-final,3,Vandal,Champion,0,104000003,true,47.583333333331915,44.711111111123834,181.71666666670342,1486.6222081097558,40,8,4,2,3,8903355499697197871
slagway-final,3,Vandal,Champion,1,104007922,true,47.266666666665266,44.36666666667903,180.36666666670234,1486.6222081097558,40,8,4,2,3,-2882793914502217041
slagway-final,4,Kestrel,Rookie,0,104000003,true,47.849999999998566,46.01111111112494,185.8833333333734,1486.6222081097558,40,8,4,2,3,-1486827006119633067
slagway-final,4,Kestrel,Rookie,1,104007922,true,47.266666666665266,45.23888888890195,182.9833333333711,1486.6222081097558,40,8,4,2,3,382057762618678425
slagway-final,4,Kestrel,Club,0,104000003,true,47.13333333333194,45.200000000012984,182.7333333333709,1486.6222081097558,40,8,4,2,3,2364512003753757687
slagway-final,4,Kestrel,Club,1,104007922,true,46.83333333333196,45.05000000001278,181.9833333333703,1486.6222081097558,40,8,4,2,3,-451055213539301405
slagway-final,4,Kestrel,Pro,0,104000003,true,46.683333333331966,44.90000000001262,181.38333333336982,1486.6222081097558,40,8,4,2,3,-2940708981906497080
slagway-final,4,Kestrel,Pro,1,104007922,true,46.34999999999865,44.53333333334556,179.95000000003535,1486.6222081097558,40,8,4,2,3,-1446473352456171854
slagway-final,4,Kestrel,Champion,0,104000003,true,46.6666666666653,44.9166666666793,181.41666666670318,1486.6222081097558,40,8,4,2,3,-2584673818642403107
slagway-final,4,Kestrel,Champion,1,104007922,true,46.43333333333198,44.61666666667899,180.28333333336894,1486.6222081097558,40,8,4,2,3,574095050912515048
slagway-final,4,Bulwark,Rookie,0,104000003,true,49.01666666666517,46.061111111125314,187.20000000004111,1486.6222081097558,40,8,4,2,3,6126528056046105979
slagway-final,4,Bulwark,Rookie,1,104007922,true,47.36666666666526,45.355555555568735,183.43333333337145,1486.6222081097558,40,8,4,2,3,-7589356250486062158
slagway-final,4,Bulwark,Club,0,104000003,true,47.2999999999986,44.922222222235035,182.0666666667037,1486.6222081097558,40,8,4,2,3,2185617502443818199
slagway-final,4,Bulwark,Club,1,104007922,true,46.333333333331986,44.3611111111232,179.4166666667016,1486.6222081097558,40,8,4,2,3,4559155347152056390
slagway-final,4,Bulwark,Pro,0,104000003,true,46.51666666666531,44.12222222223417,178.88333333336783,1486.6222081097558,40,8,4,2,3,2575223229383773825
slagway-final,4,Bulwark,Pro,1,104007922,true,45.89999999999868,43.87777777778936,177.53333333336676,1486.6222081097558,40,8,4,2,3,4711919289604564184
slagway-final,4,Bulwark,Champion,0,104000003,true,46.416666666665314,44.05555555556742,178.5833333333676,1486.6222081097558,40,8,4,2,3,4476715684507894669
slagway-final,4,Bulwark,Champion,1,104007922,true,45.96666666666534,43.694444444455904,177.05000000003304,1486.6222081097558,40,8,4,2,3,6207521238131343731
foundry-final,0,Needle,Rookie,0,104000003,true,64.14999999999765,62.494444444476024,251.63333333342572,1621.2385700299455,40,8,4,2,3,4385947137418169938
foundry-final,0,Needle,Rookie,1,104007922,true,63.816666666664325,61.705555555586415,248.93333333342358,1621.2385700299455,40,8,4,2,3,2582518660624809812
foundry-final,0,Needle,Club,0,104000003,true,63.49999999999768,61.82222222225309,248.96666666675694,1621.2385700299455,40,8,4,2,3,-4971150117690509542
foundry-final,0,Needle,Club,1,104007922,true,63.233333333331025,61.27222222225257,247.05000000008874,1621.2385700299455,40,8,4,2,3,-5586595391064660831
foundry-final,0,Needle,Pro,0,104000003,true,63.16666666666436,61.33333333336372,247.1666666667555,1621.2385700299455,40,8,4,2,3,8311064170618392258
foundry-final,0,Needle,Pro,1,104007922,true,62.86666666666438,60.922222222252195,245.63333333342095,1621.2385700299455,40,8,4,2,3,-4554530054218396670
foundry-final,0,Needle,Champion,0,104000003,true,63.233333333331025,61.36111111114153,247.31666666675562,1621.2385700299455,40,8,4,2,3,-6318288521060599801
foundry-final,0,Needle,Champion,1,104007922,true,62.883333333331045,61.000000000030035,245.88333333342115,1621.2385700299455,40,8,4,2,3,-1680783317365123696
foundry-final,0,Line,Rookie,0,104000003,true,65.86666666666422,62.07222222225395,252.08333333342608,1621.2385700299455,40,8,4,2,3,8969119743466839107
foundry-final,0,Line,Rookie,1,104007922,true,65.03333333333093,61.43333333336432,249.3333333334239,1621.2385700299455,40,8,4,2,3,8918712143256340378
foundry-final,0,Line,Club,0,104000003,true,64.01666666666432,60.46111111114104,245.40000000008743,1621.2385700299455,40,8,4,2,3,2128678892392386839
foundry-final,0,Line,Club,1,104007922,true,63.26666666666436,59.716666666695794,242.41666666675172,1621.2385700299455,40,8,4,2,3,-9004164846628620787
foundry-final,0,Line,Pro,0,104000003,true,62.54999999999773,58.922222222250504,239.31666666674926,1621.2385700299455,40,8,4,2,3,-7677557746352563680
foundry-final,0,Line,Pro,1,104007922,true,61.99999999999776,58.527777777805596,237.58333333341454,1621.2385700299455,40,8,4,2,3,-4997649378084192058
foundry-final,0,Line,Champion,0,104000003,true,62.28333333333108,58.81111111113923,238.71666666674878,1621.2385700299455,40,8,4,2,3,453254345675267969
foundry-final,0,Line,Champion,1,104007922,true,62.01666666666443,58.45555555558332,237.38333333341438,1621.2385700299455,40,8,4,2,3,2897709434746370573
foundry-final,1,Bastion,Rookie,0,104000003,true,62.26666666666441,57.73888888891616,235.48333333341287,1621.2385700299455,40,8,4,2,3,3331498860513433390
foundry-final,1,Bastion,Rookie,1,104007922,true,61.41666666666446,56.90000000002635,232.11666666674353,1621.2385700299455,40,8,4,2,3,5114198876050121219
foundry-final,1,Bastion,Club,0,104000003,true,60.44999999999785,56.37777777780344,229.58333333340818,1621.2385700299455,40,8,4,2,3,-5305657353053391874
foundry-final,1,Bastion,Club,1,104007922,true,60.03333333333121,55.61111111113605,226.86666666673935,1621.2385700299455,40,8,4,2,3,-887139432296028830
foundry-final,1,Bastion,Pro,0,104000003,true,58.683333333331284,54.35000000002355,221.73333333340193,1621.2385700299455,40,8,4,2,3,-956579995891388041
foundry-final,1,Bastion,Pro,1,104007922,true,58.449999999997964,54.0000000000232,220.45000000006758,1621.2385700299455,40,8,4,2,3,1759399352194979033
foundry-final,1,Bastion,Champion,0,104000003,true,58.54999999999796,54.305555555579026,221.46666666673505,1621.2385700299455,40,8,4,2,3,-7316819064153168931
foundry-final,1,Bastion,Champion,1,104007922,true,58.049999999997986,53.822222222245166,219.5166666667335,1621.2385700299455,40,8,4,2,3,-1013403762503305394
foundry-final,2,Comet,Rookie,0,104000003,true,55.08333333333149,51.905555555576136,210.8000000000599,1621.2385700299455,40,8,4,2,3,2043187519688958970
foundry-final,2,Comet,Rookie,1,104007922,true,53.89999999999822,51.266666666686405,207.70000000005743,1621.2385700299455,40,8,4,2,3,5318275835552668042
foundry-final,2,Comet,Club,0,104000003,true,53.149999999998265,50.30000000001875,204.05000000005452,1621.2385700299455,40,8,4,2,3,6075025596294569056
foundry-final,2,Comet,Club,1,104007922,true,52.46666666666497,49.783333333351486,201.8166666667194,1621.2385700299455,40,8,4,2,3,-444862919805585432
foundry-final,2,Comet,Pro,0,104000003,true,51.71666666666501,49.21666666668415,199.36666666671746,1621.2385700299455,40,8,4,2,3,-4916929379400215364
foundry-final,2,Comet,Pro,1,104007922,true,51.49999999999836,48.90000000001717,198.20000000004987,1621.2385700299455,40,8,4,2,3,-4381762832390668770
foundry-final,2,Comet,Champion,0,104000003,true,51.83333333333167,49.21666666668418,199.48333333338422,1621.2385700299455,40,8,4,2,3,-559786760655563679
foundry-final,2,Comet,Champion,1,104007922,true,51.3833333333317,48.83888888890598,197.90000000004963,1621.2385700299455,40,8,4,2,3,7433827291356305033
foundry-final,1,Trail,Rookie,0,104000003,true,59.79999999999789,57.433333333359656,232.10000000007685,1621.2385700299455,40,8,4,2,3,-4240777489857566537
foundry-final,1,Trail,Rookie,1,104007922,true,58.98333333333127,56.577777777803185,228.71666666674082,1621.2385700299455,40,8,4,2,3,-3181524213612611851
foundry-final,1,Trail,Club,0,104000003,true,59.183333333331255,56.90555555558128,229.9000000000751,1621.2385700299455,40,8,4,2,3,-7164333389590080658
foundry-final,1,Trail,Club,1,104007922,true,58.76666666666461,56.33333333335849,227.76666666674006,1621.2385700299455,40,8,4,2,3,1760750770873077694
foundry-final,1,Trail,Pro,0,104000003,true,59.09999999999793,56.93888888891462,229.91666666674178,1621.2385700299455,40,8,4,2,3,8485939095846633080
foundry-final,1,Trail,Pro,1,104007922,true,58.78333333333128,56.48333333335861,228.2333333334071,1621.2385700299455,40,8,4,2,3,-3784954738681043154
foundry-final,1,Trail,Champion,0,104000003,true,59.16666666666459,56.99444444447024,230.1500000000753,1621.2385700299455,40,8,4,2,3,4491620973247192368
foundry-final,1,Trail,Champion,1,104007922,true,58.74999999999795,56.561111111136434,228.43333333340726,1621.2385700299455,40,8,4,2,3,-7882927679576249924
foundry-final,2,Flint,Rookie,0,104000003,true,57.083333333331375,54.97777777780137,222.0166666667355,1621.2385700299455,40,8,4,2,3,3926322796817081527
foundry-final,2,Flint,Rookie,1,104007922,true,56.616666666664734,54.3722222222452,219.73333333340034,1621.2385700299455,40,8,4,2,3,-9119132881296142009
foundry-final,2,Flint,Club,0,104000003,true,56.21666666666476,54.350000000022845,219.2666666667333,1621.2385700299455,40,8,4,2,3,-2258542985565463438
foundry-final,2,Flint,Club,1,104007922,true,55.716666666664786,53.933333333355705,217.5166666667319,1621.2385700299455,40,8,4,2,3,3698795628606420031
foundry-final,2,Flint,Pro,0,104000003,true,55.73333333333145,53.95000000002239,217.58333333339863,1621.2385700299455,40,8,4,2,3,7277046495796881201
foundry-final,2,Flint,Pro,1,104007922,true,55.39999999999814,53.56666666668866,216.1000000000641,1621.2385700299455,40,8,4,2,3,3015061730627558785
foundry-final,2,Flint,Champion,0,104000003,true,55.799999999998114,54.03333333335581,217.90000000006555,1621.2385700299455,40,8,4,2,3,-7632425624468443500
foundry-final,2,Flint,Champion,1,104007922,true,55.449999999998134,53.62777777779983,216.33333333339763,1621.2385700299455,40,8,4,2,3,7891122019991230630
foundry-final,3,Quill,Rookie,0,104000003,true,54.983333333331494,52.383333333354265,212.1333333333943,1621.2385700299455,40,8,4,2,3,6061221451297122254
foundry-final,3,Quill,Rookie,1,104007922,true,53.79999999999823,52.18333333335377,210.35000000005954,1621.2385700299455,40,8,4,2,3,6042749153061137735
foundry-final,3,Quill,Club,0,104000003,true,53.699999999998234,51.57222222224215,208.41666666672467,1621.2385700299455,40,8,4,2,3,8061950383157820848
foundry-final,3,Quill,Club,1,104007922,true,53.416666666664916,51.50000000001978,207.91666666672427,1621.2385700299455,40,8,4,2,3,8735514981065271852
foundry-final,3,Quill,Pro,0,104000003,true,53.28333333333159,51.405555555575226,207.50000000005727,1621.2385700299455,40,8,4,2,3,-8735920467921036260
foundry-final,3,Quill,Pro,1,104007922,true,53.01666666666494,51.03333333335263,206.11666666672284,1621.2385700299455,40,8,4,2,3,577341030347665369
foundry-final,3,Quill,Champion,0,104000003,true,53.28333333333159,51.433333333353026,207.58333333339067,1621.2385700299455,40,8,4,2,3,-5034703295115755694
foundry-final,3,Quill,Champion,1,104007922,true,52.93333333333161,51.08333333335265,206.18333333338956,1621.2385700299455,40,8,4,2,3,5195797216827298348
foundry-final,3,Vandal,Rookie,0,104000003,true,53.36666666666492,50.67222222224134,205.38333333338892,1621.2385700299455,40,8,4,2,3,1028634979266979448
foundry-final,3,Vandal,Rookie,1,104007922,true,52.63333333333163,49.79444444446265,202.01666666671957,1621.2385700299455,40,8,4,2,3,-1958678761382562664
foundry-final,3,Vandal,Club,0,104000003,true,52.61666666666496,49.233333333351084,200.31666666671822,1621.2385700299455,40,8,4,2,3,709677129920836658
foundry-final,3,Vandal,Club,1,104007922,true,51.316666666665036,48.53888888890572,196.9333333333822,1621.2385700299455,40,8,4,2,3,1507401692429691731
foundry-final,3,Vandal,Pro,0,104000003,true,51.049999999998384,48.0722222222386,195.2666666667142,1621.2385700299455,40,8,4,2,3,4604691699357356687
foundry-final,3,Vandal,Pro,1,104007922,true,50.53333333333175,47.55555555557138,193.2000000000459,1621.2385700299455,40,8,4,2,3,-4953337203428898915
foundry-final,3,Vandal,Champion,0,104000003,true,50.99999999999839,47.916666666682914,194.75000000004712,1621.2385700299455,40,8,4,2,3,3327084326314406705
foundry-final,3,Vandal,Champion,1,104007922,true,50.44999999999842,47.59444444446027,193.23333333337925,1621.2385700299455,40,8,4,2,3,7437979540307038309
foundry-final,4,Kestrel,Rookie,0,104000003,true,51.69999999999835,49.33333333335091,199.70000000005106,1621.2385700299455,40,8,4,2,3,-1848022359897994142
foundry-final,4,Kestrel,Rookie,1,104007922,true,50.98333333333172,49.0833333333505,198.23333333338323,1621.2385700299455,40,8,4,2,3,4400968615805731115
foundry-final,4,Kestrel,Club,0,104000003,true,50.98333333333172,48.9444444444615,197.81666666671623,1621.2385700299455,40,8,4,2,3,514416931624791450
foundry-final,4,Kestrel,Club,1,104007922,true,50.63333333333174,48.705555555572325,196.75000000004871,1621.2385700299455,40,8,4,2,3,2105370963003320414
foundry-final,4,Kestrel,Pro,0,104000003,true,50.43333333333175,48.54444444446103,196.06666666671484,1621.2385700299455,40,8,4,2,3,-5437270027895497289
foundry-final,4,Kestrel,Pro,1,104007922,true,50.04999999999844,48.238888888905116,194.7666666667138,1621.2385700299455,40,8,4,2,3,-7842144371285577405
foundry-final,4,Kestrel,Champion,0,104000003,true,50.43333333333175,48.64444444446111,196.36666666671508,1621.2385700299455,40,8,4,2,3,-6511972316748272584
foundry-final,4,Kestrel,Champion,1,104007922,true,50.18333333333177,48.33888888890524,195.20000000004748,1621.2385700299455,40,8,4,2,3,1540669040341683087
foundry-final,4,Bulwark,Rookie,0,104000003,true,52.38333333333164,49.2500000000177,200.13333333338474,1621.2385700299455,40,8,4,2,3,-1368254075481872365
foundry-final,4,Bulwark,Rookie,1,104007922,true,50.849999999998396,48.50555555557222,196.36666666671508,1621.2385700299455,40,8,4,2,3,3337822588960004470
foundry-final,4,Bulwark,Club,0,104000003,true,50.583333333331744,48.21666666668303,195.23333333338084,1621.2385700299455,40,8,4,2,3,6538003552997977443
foundry-final,4,Bulwark,Club,1,104007922,true,49.89999999999845,47.50555555557116,192.41666666671193,1621.2385700299455,40,8,4,2,3,-613965736984253932
foundry-final,4,Bulwark,Pro,0,104000003,true,49.799999999998455,47.450000000015535,192.15000000004505,1621.2385700299455,40,8,4,2,3,-7060588543825922188
foundry-final,4,Bulwark,Pro,1,104007922,true,49.08333333333183,46.91111111112601,189.81666666670986,1621.2385700299455,40,8,4,2,3,-7950068793883507952
foundry-final,4,Bulwark,Champion,0,104000003,true,49.69999999999846,47.29444444445983,191.58333333337794,1621.2385700299455,40,8,4,2,3,5574623101533839249
foundry-final,4,Bulwark,Champion,1,104007922,true,49.11666666666516,47.00000000001498,190.1166666667101,1621.2385700299455,40,8,4,2,3,7520366121023393712
mirage-final,0,Needle,Rookie,0,104000003,true,66.93333333333082,65.03888888891983,262.05000000009034,1694.8118577434404,40,8,4,2,3,2129410398340402635
mirage-final,0,Needle,Rookie,1,104007922,true,66.2666666666642,64.21666666669854,258.91666666675985,1694.8118577434404,40,8,4,2,3,4572166618400580916
mirage-final,0,Needle,Club,0,104000003,true,66.2666666666642,64.3000000000318,259.1666666667596,1694.8118577434404,40,8,4,2,3,-2879047538389748634
mirage-final,0,Needle,Club,1,104007922,true,65.83333333333088,63.62222222225478,256.7000000000952,1694.8118577434404,40,8,4,2,3,-4211724883927932822
mirage-final,0,Needle,Pro,0,104000003,true,65.79999999999755,64.00555555558776,257.81666666676085,1694.8118577434404,40,8,4,2,3,-3812962287442790186
mirage-final,0,Needle,Pro,1,104007922,true,65.46666666666424,63.52777777781051,256.0500000000958,1694.8118577434404,40,8,4,2,3,8950680608237180544
mirage-final,0,Needle,Champion,0,104000003,true,65.88333333333088,64.02777777780994,257.9666666667607,1694.8118577434404,40,8,4,2,3,-7195001613516405743
mirage-final,0,Needle,Champion,1,104007922,true,65.51666666666424,63.63333333336596,256.4166666667621,1694.8118577434404,40,8,4,2,3,5806724914171862017
mirage-final,0,Line,Rookie,0,104000003,true,68.14999999999742,64.96111111114179,263.0333333334228,1694.8118577434404,40,8,4,2,3,6668049378270420659
mirage-final,0,Line,Rookie,1,104007922,true,67.2333333333308,63.8555555555875,258.8000000000933,1694.8118577434404,40,8,4,2,3,7255545369769478216
mirage-final,0,Line,Club,0,104000003,true,66.29999999999752,62.79444444447688,254.68333333342815,1694.8118577434404,40,8,4,2,3,9210501598844353931
mirage-final,0,Line,Club,1,104007922,true,65.86666666666422,62.122222222254,252.2333333334262,1694.8118577434404,40,8,4,2,3,-4968506711076732119
mirage-final,0,Line,Pro,0,104000003,true,64.71666666666428,61.24444444447519,248.45000000008986,1694.8118577434404,40,8,4,2,3,9115897457994539780
mirage-final,0,Line,Pro,1,104007922,true,64.33333333333097,60.80000000003029,246.73333333342183,1694.8118577434404,40,8,4,2,3,1481391348914906079
mirage-final,0,Line,Champion,0,104000003,true,64.74999999999761,61.15555555558624,248.21666666675634,1694.8118577434404,40,8,4,2,3,7436989577906199060
mirage-final,0,Line,Champion,1,104007922,true,64.24999999999764,60.75555555558578,246.516666666755,1694.8118577434404,40,8,4,2,3,6208191512220529626
mirage-final,1,Bastion,Rookie,0,104000003,true,63.96666666666432,59.61666666669591,242.81666666675204,1694.8118577434404,40,8,4,2,3,7614693130201149749
mirage-final,1,Bastion,Rookie,1,104007922,true,62.96666666666437,59.03888888891739,240.08333333341653,1694.8118577434404,40,8,4,2,3,2752708987708260988
mirage-final,1,Bastion,Club,0,104000003,true,62.38333333333107,57.727777777805066,235.56666666674627,1694.8118577434404,40,8,4,2,3,3483809045785693141
mirage-final,1,Bastion,Club,1,104007922,true,61.8833333333311,57.194444444471166,233.4666666667446,1694.8118577434404,40,8,4,2,3,8782839791661426667
mirage-final,1,Bastion,Pro,0,104000003,true,60.53333333333118,56.377777777803466,229.66666666674158,1694.8118577434404,40,8,4,2,3,-2476110320295582926
mirage-final,1,Bastion,Pro,1,104007922,true,60.16666666666453,55.73333333335841,227.36666666673975,1694.8118577434404,40,8,4,2,3,1802715184094974863
mirage-final,1,Bastion,Champion,0,104000003,true,60.63333333333117,56.244444444470055,229.36666666674134,1694.8118577434404,40,8,4,2,3,-5378065945765246104
mirage-final,1,Bastion,Champion,1,104007922,true,60.01666666666454,55.700000000025,227.11666666673955,1694.8118577434404,40,8,4,2,3,-5546668746880806930
mirage-final,2,Comet,Rookie,0,104000003,true,56.533333333331406,53.38888888891106,216.7000000000646,1694.8118577434404,40,8,4,2,3,-91276061330885623
mirage-final,2,Comet,Rookie,1,104007922,true,55.16666666666482,52.80555555557688,213.58333333339544,1694.8118577434404,40,8,4,2,3,-6632718802490425565
mirage-final,2,Comet,Club,0,104000003,true,54.84999999999817,52.27777777779858,211.68333333339393,1694.8118577434404,40,8,4,2,3,-7883195687308180425
mirage-final,2,Comet,Club,1,104007922,true,54.03333333333155,51.61666666668672,208.8833333333917,1694.8118577434404,40,8,4,2,3,-63926000891806842
mirage-final,2,Comet,Pro,0,104000003,true,53.699999999998234,51.00000000001947,206.70000000005663,1694.8118577434404,40,8,4,2,3,-596670514438855934
mirage-final,2,Comet,Pro,1,104007922,true,53.299999999998256,50.68333333335244,205.35000000005556,1694.8118577434404,40,8,4,2,3,-3191427976066792321
mirage-final,2,Comet,Champion,0,104000003,true,53.48333333333158,50.872222222241525,206.10000000005616,1694.8118577434404,40,8,4,2,3,8570997019329184144
mirage-final,2,Comet,Champion,1,104007922,true,53.23333333333159,50.505555555574496,204.75000000005508,1694.8118577434404,40,8,4,2,3,-4699920675186839381
mirage-final,1,Trail,Rookie,0,104000003,true,62.416666666664405,59.772222222251145,241.73333333341785,1694.8118577434404,40,8,4,2,3,5405390474315980096
mirage-final,1,Trail,Rookie,1,104007922,true,61.43333333333113,58.99444444447247,238.41666666674854,1694.8118577434404,40,8,4,2,3,-1757031999108961803
mirage-final,1,Trail,Club,0,104000003,true,61.79999999999777,59.422222222250696,240.06666666674985,1694.8118577434404,40,8,4,2,3,6048250971024794406
mirage-final,1,Trail,Club,1,104007922,true,61.249999999997804,58.833333333361175,237.75000000008134,1694.8118577434404,40,8,4,2,3,-7563787444193637204
mirage-final,1,Trail,Pro,0,104000003,true,61.61666666666445,59.38888888891728,239.7833333334163,1694.8118577434404,40,8,4,2,3,830219293757802393
mirage-final,1,Trail,Pro,1,104007922,true,61.2999999999978,59.000000000027995,238.30000000008178,1694.8118577434404,40,8,4,2,3,2232373044650328908
mirage-final,1,Trail,Champion,0,104000003,true,61.66666666666445,59.48333333336182,240.1166666667499,1694.8118577434404,40,8,4,2,3,-1796629984748797530
mirage-final,1,Trail,Champion,1,104007922,true,61.23333333333114,59.044444444472454,238.3666666667485,1694.8118577434404,40,8,4,2,3,-1887830696910566692
mirage-final,2,Flint,Rookie,0,104000003,true,59.09999999999793,57.2888888889149,230.9666666667426,1694.8118577434404,40,8,4,2,3,-8329780792154464905
mirage-final,2,Flint,Rookie,1,104007922,true,58.86666666666461,56.733333333358836,229.0666666667411,1694.8118577434404,40,8,4,2,3,7731695831172586179
mirage-final,2,Flint,Club,0,104000003,true,58.449999999997964,56.52777777780299,228.03333333340694,1694.8118577434404,40,8,4,2,3,-5955104871985797049
mirage-final,2,Flint,Club,1,104007922,true,57.96666666666466,56.14444444446922,226.4000000000723,1694.8118577434404,40,8,4,2,3,3577471145341180466
mirage-final,2,Flint,Pro,0,104000003,true,58.016666666664655,56.25000000002487,226.76666666673927,1694.8118577434404,40,8,4,2,3,447682449318946608
mirage-final,2,Flint,Pro,1,104007922,true,57.76666666666467,55.88333333335785,225.4166666667382,1694.8118577434404,40,8,4,2,3,6667229610500776297
mirage-final,2,Flint,Champion,0,104000003,true,58.06666666666465,56.26111111113601,226.85000000007267,1694.8118577434404,40,8,4,2,3,-5800087606843117625
mirage-final,2,Flint,Champion,1,104007922,true,57.68333333333134,55.97222222224678,225.60000000007167,1694.8118577434404,40,8,4,2,3,3884540296320976948
mirage-final,3,Quill,Rookie,0,104000003,true,56.93333333333138,54.70000000002333,221.03333333340137,1694.8118577434404,40,8,4,2,3,-1797475160481622759
mirage-final,3,Quill,Rookie,1,104007922,true,56.299999999998086,54.233333333356114,219.00000000006642,1694.8118577434404,40,8,4,2,3,6011712225771529310
mirage-final,3,Quill,Club,0,104000003,true,55.88333333333144,53.805555555577875,217.30000000006507,1694.8118577434404,40,8,4,2,3,-4462411893076015537
mirage-final,3,Quill,Club,1,104007922,true,55.34999999999814,53.55555555557752,216.0166666667307,1694.8118577434404,40,8,4,2,3,-6377617511813901171
mirage-final,3,Quill,Pro,0,104000003,true,55.34999999999814,53.53333333335528,215.950000000064,1694.8118577434404,40,8,4,2,3,7335367350164540632
mirage-final,3,Quill,Pro,1,104007922,true,55.03333333333149,53.216666666688276,214.68333333339632,1694.8118577434404,40,8,4,2,3,-8920793614610818077
mirage-final,3,Quill,Champion,0,104000003,true,55.43333333333147,53.58888888891091,216.2000000000642,1694.8118577434404,40,8,4,2,3,2771107666762899532
mirage-final,3,Quill,Champion,1,104007922,true,55.06666666666482,53.26111111113277,214.85000000006312,1694.8118577434404,40,8,4,2,3,4551235583522598787
mirage-final,3,Vandal,Rookie,0,104000003,true,56.16666666666476,52.516666666688046,213.71666666672888,1694.8118577434404,40,8,4,2,3,1325358452691766448
mirage-final,3,Vandal,Rookie,1,104007922,true,55.19999999999815,51.60000000002037,210.00000000005926,1694.8118577434404,40,8,4,2,3,7964737486747137844
mirage-final,3,Vandal,Club,0,104000003,true,54.01666666666488,50.961111111130634,206.9000000000568,1694.8118577434404,40,8,4,2,3,-3931228831076834367
mirage-final,3,Vandal,Club,1,104007922,true,53.46666666666491,50.41111111113005,204.70000000005504,1694.8118577434404,40,8,4,2,3,-4657916036795916587
mirage-final,3,Vandal,Pro,0,104000003,true,52.76666666666495,49.64444444446257,201.70000000005265,1694.8118577434404,40,8,4,2,3,-4515413396562925112
mirage-final,3,Vandal,Pro,1,104007922,true,52.41666666666497,49.377777777795586,200.55000000005174,1694.8118577434404,40,8,4,2,3,8280298533315341013
mirage-final,3,Vandal,Champion,0,104000003,true,52.683333333331625,49.7055555555737,201.80000000005273,1694.8118577434404,40,8,4,2,3,3192464469242835396
mirage-final,3,Vandal,Champion,1,104007922,true,52.34999999999831,49.238888888906565,200.06666666671802,1694.8118577434404,40,8,4,2,3,6224902317119877040
mirage-final,4,Kestrel,Rookie,0,104000003,true,53.33333333333159,51.38888888890856,207.50000000005727,1694.8118577434404,40,8,4,2,3,-3088041165727505293
mirage-final,4,Kestrel,Rookie,1,104007922,true,53.19999999999826,51.144444444463886,206.6333333333899,1694.8118577434404,40,8,4,2,3,-4997774210611031227
mirage-final,4,Kestrel,Club,0,104000003,true,52.74999999999829,50.86666666668575,205.35000000005556,1694.8118577434404,40,8,4,2,3,2126721217400272188
mirage-final,4,Kestrel,Club,1,104007922,true,52.34999999999831,50.52777777779648,203.93333333338776,1694.8118577434404,40,8,4,2,3,1736330077247786912
mirage-final,4,Kestrel,Pro,0,104000003,true,52.333333333331645,50.52777777779648,203.91666666672108,1694.8118577434404,40,8,4,2,3,-2364610852940445362
mirage-final,4,Kestrel,Pro,1,104007922,true,52.06666666666499,50.23333333335173,202.76666666672017,1694.8118577434404,40,8,4,2,3,2571189727768451483
mirage-final,4,Kestrel,Champion,0,104000003,true,52.38333333333164,50.644444444463254,204.3166666667214,1694.8118577434404,40,8,4,2,3,8601992205812297517
mirage-final,4,Kestrel,Champion,1,104007922,true,52.099999999998325,50.4055555555741,203.3166666667206,1694.8118577434404,40,8,4,2,3,-1359602559446828157
mirage-final,4,Bulwark,Rookie,0,104000003,true,53.68333333333157,51.12222222224178,207.0500000000569,1694.8118577434404,40,8,4,2,3,2193124883991312338
mirage-final,4,Bulwark,Rookie,1,104007922,true,53.066666666664936,50.81111111113025,205.50000000005568,1694.8118577434404,40,8,4,2,3,-7127238602901819335
mirage-final,4,Bulwark,Club,0,104000003,true,52.26666666666498,50.01111111112939,202.30000000005313,1694.8118577434404,40,8,4,2,3,-2246303981942763519
mirage-final,4,Bulwark,Club,1,104007922,true,51.81666666666501,49.266666666684216,199.61666666671766,1694.8118577434404,40,8,4,2,3,-6902832144648145630
mirage-final,4,Bulwark,Pro,0,104000003,true,51.3333333333317,49.10000000001728,198.63333333338355,1694.8118577434404,40,8,4,2,3,3681665889325662513
mirage-final,4,Bulwark,Pro,1,104007922,true,50.91666666666506,48.73888888890576,197.13333333338235,1694.8118577434404,40,8,4,2,3,4298017044508154998
mirage-final,4,Bulwark,Champion,0,104000003,true,51.41666666666503,49.11111111112842,198.7500000000503,1694.8118577434404,40,8,4,2,3,8619407351677729718
mirage-final,4,Bulwark,Champion,1,104007922,true,50.91666666666506,48.71111111112796,197.05000000004895,1694.8118577434404,40,8,4,2,3,8108221675530318895
frostline-final,0,Needle,Rookie,0,104000003,true,69.49999999999734,67.28888888891707,271.36666666674853,1688.831069712488,40,8,5,2,3,-156892252639462411
frostline-final,0,Needle,Rookie,1,104007922,true,68.5999999999974,66.52222222225134,268.16666666675144,1688.831069712488,40,8,5,2,3,-124749088920582346
frostline-final,0,Needle,Club,0,104000003,true,68.36666666666407,66.26111111114055,267.1500000000857,1688.831069712488,40,8,5,2,3,220738044467220936
frostline-final,0,Needle,Club,1,104007922,true,67.63333333333078,65.57777777780804,264.3666666667549,1688.831069712488,40,8,5,2,3,7249022184201091329
frostline-final,0,Needle,Pro,0,104000003,true,67.4333333333308,65.69444444447466,264.51666666675476,1688.831069712488,40,8,5,2,3,2003856906721355276
frostline-final,0,Needle,Pro,1,104007922,true,66.99999999999748,65.20555555558633,262.6166666667565,1688.831069712488,40,8,5,2,3,-226063058879793170
frostline-final,0,Needle,Champion,0,104000003,true,67.49999999999746,65.68333333336354,264.55000000008806,1688.831069712488,40,8,5,2,3,-6088901688554348990
frostline-final,0,Needle,Champion,1,104007922,true,67.11666666666414,65.32222222225286,263.08333333342273,1688.831069712488,40,8,5,2,3,-6625843722752085383
frostline-final,0,Line,Rookie,0,104000003,true,70.81666666666393,67.47222222224985,273.2333333334135,1688.831069712488,40,8,5,2,3,-6102279696363658916
frostline-final,0,Line,Rookie,1,104007922,true,70.3499999999973,66.63333333336186,270.2500000000829,1688.831069712488,40,8,5,2,3,2189496480119031573
frostline-final,0,Line,Club,0,104000003,true,68.86666666666405,65.47222222225223,265.2833333334207,1688.831069712488,40,8,5,2,3,-1038681089047510845
frostline-final,0,Line,Club,1,104007922,true,68.51666666666407,64.77222222225296,262.83333333342296,1688.831069712488,40,8,5,2,3,-743244892293599746
frostline-final,0,Line,Pro,0,104000003,true,67.46666666666412,63.950000000031785,259.3166666667595,1688.831069712488,40,8,5,2,3,836746962876818340
frostline-final,0,Line,Pro,1,104007922,true,66.89999999999749,63.36666666669915,257.00000000009493,1688.831069712488,40,8,5,2,3,-4281718342240289779
frostline-final,0,Line,Champion,0,104000003,true,67.16666666666414,63.700000000032105,258.26666666676044,1688.831069712488,40,8,5,2,3,2300138232003390238
frostline-final,0,Line,Champion,1,104007922,true,66.73333333333083,63.288888888921484,256.6000000000953,1688.831069712488,40,8,5,2,3,-8231834849527433887
frostline-final,1,Bastion,Rookie,0,104000003,true,67.76666666666411,62.961111111143715,256.65000000009525,1688.831069712488,40,8,5,2,3,7659142021917803519
frostline-final,1,Bastion,Rookie,1,104007922,true,66.03333333333087,61.938888888920566,251.85000000009256,1688.831069712488,40,8,5,2,3,5546188987465827631
frostline-final,1,Bastion,Club,0,104000003,true,65.44999999999757,61.00000000003076,248.45000000008986,1688.831069712488,40,8,5,2,3,-1971278166468581195
frostline-final,1,Bastion,Club,1,104007922,true,64.91666666666427,60.48888888891909,246.38333333342155,1688.831069712488,40,8,5,2,3,-1789749817728608504
frostline-final,1,Bastion,Pro,0,104000003,true,63.49999999999768,59.2944444444733,241.38333333341757,1688.831069712488,40,8,5,2,3,7943440805274528599
frostline-final,1,Bastion,Pro,1,104007922,true,63.18333333333103,58.88333333336177,239.83333333341633,1688.831069712488,40,8,5,2,3,5679014816128465325
frostline-final,1,Bastion,Champion,0,104000003,true,63.433333333331014,59.08888888891756,240.7000000000837,1688.831069712488,40,8,5,2,3,-6989605620657064760
frostline-final,1,Bastion,Champion,1,104007922,true,62.96666666666437,58.63333333336151,238.8666666667489,1688.831069712488,40,8,5,2,3,-7582537877534479511
frostline-final,2,Comet,Rookie,0,104000003,true,59.149999999997924,56.36111111113639,228.2333333334071,1688.831069712488,40,8,5,2,3,4194401719063090680
frostline-final,2,Comet,Rookie,1,104007922,true,58.3333333333313,55.311111111135325,224.26666666673728,1688.831069712488,40,8,5,2,3,7813406082505256995
frostline-final,2,Comet,Club,0,104000003,true,57.549999999998015,54.76111111113466,221.833333333402,1688.831069712488,40,8,5,2,3,-5443344832809118643
frostline-final,2,Comet,Club,1,104007922,true,56.94999999999805,54.13333333335621,219.3500000000667,1688.831069712488,40,8,5,2,3,1368986938397418017
frostline-final,2,Comet,Pro,0,104000003,true,56.149999999998094,53.41666666668875,216.40000000006435,1688.831069712488,40,8,5,2,3,3348287022701609923
frostline-final,2,Comet,Pro,1,104007922,true,55.69999999999812,53.19444444446623,215.2833333333968,1688.831069712488,40,8,5,2,3,1225984762557720352
frostline-final,2,Comet,Champion,0,104000003,true,55.93333333333144,53.37222222224421,216.05000000006407,1688.831069712488,40,8,5,2,3,-2732961664249117283
frostline-final,2,Comet,Champion,1,104007922,true,55.599999999998126,53.01111111113272,214.63333333339628,1688.831069712488,40,8,5,2,3,-2959034912802608222
frostline-final,1,Trail,Rookie,0,104000003,true,63.666666666664334,61.36111111114166,247.7500000000893,1688.831069712488,40,8,5,2,3,7796862678708211355
frostline-final,1,Trail,Rookie,1,104007922,true,63.0499999999977,60.9277777778078,245.8333333334211,1688.831069712488,40,8,5,2,3,-5703931675172024709
frostline-final,1,Trail,Club,0,104000003,true,62.81666666666438,60.705555555585335,244.9333333334204,1688.831069712488,40,8,5,2,3,2439091720230639528
frostline-final,1,Trail,Club,1,104007922,true,62.54999999999773,60.2000000000293,243.15000000008564,1688.831069712488,40,8,5,2,3,1205152873055065665
frostline-final,1,Trail,Pro,0,104000003,true,62.566666666664396,60.57222222225183,244.28333333341988,1688.831069712488,40,8,5,2,3,8446794846861182462
frostline-final,1,Trail,Pro,1,104007922,true,62.449999999997736,60.11666666669587,242.80000000008536,1688.831069712488,40,8,5,2,3,-3723276934052827470
frostline-final,1,Trail,Champion,0,104000003,true,62.78333333333105,60.56111111114077,244.46666666675335,1688.831069712488,40,8,5,2,3,-6946412717264448552
frostline-final,1,Trail,Champion,1,104007922,true,62.333333333331076,60.16111111114032,242.81666666675204,1688.831069712488,40,8,5,2,3,-6492300432012428796
frostline-final,2,Flint,Rookie,0,104000003,true,60.99999999999782,59.21666666669475,238.65000000008206,1688.831069712488,40,8,5,2,3,-8885289422863572420
frostline-final,2,Flint,Rookie,1,104007922,true,60.63333333333117,58.29444444447169,235.51666666674623,1688.831069712488,40,8,5,2,3,-3515420141585597416
frostline-final,2,Flint,Club,0,104000003,true,59.91666666666455,58.29444444447148,234.800000000079,1688.831069712488,40,8,5,2,3,7157982416792397816
frostline-final,2,Flint,Club,1,104007922,true,59.89999999999788,57.81111111113776,233.33333333341116,1688.831069712488,40,8,5,2,3,8999632470268804359
frostline-final,2,Flint,Pro,0,104000003,true,59.63333333333123,57.916666666693324,233.3833333334112,1688.831069712488,40,8,5,2,3,-8361977277328164857
frostline-final,2,Flint,Pro,1,104007922,true,59.24999999999792,57.56666666669293,231.95000000007673,1688.831069712488,40,8,5,2,3,2000007122232886814
frostline-final,2,Flint,Champion,0,104000003,true,59.63333333333123,57.911111111137764,233.36666666674452,1688.831069712488,40,8,5,2,3,7678021883132167945
frostline-final,2,Flint,Champion,1,104007922,true,59.36666666666458,57.627777777804134,232.25000000007697,1688.831069712488,40,8,5,2,3,7541770375911222558
frostline-final,3,Quill,Rookie,0,104000003,true,58.46666666666463,56.9166666666922,229.21666666674122,1688.831069712488,40,8,5,2,3,5125341005909731613
frostline-final,3,Quill,Rookie,1,104007922,true,58.049999999997986,56.294444444469356,226.93333333340607,1688.831069712488,40,8,5,2,3,-1172952450309678983
frostline-final,3,Quill,Club,0,104000003,true,57.63333333333134,55.861111111135564,225.21666666673804,1688.831069712488,40,8,5,2,3,-5161974264310919257
frostline-final,3,Quill,Club,1,104007922,true,57.349999999998026,55.538888888913,223.96666666673704,1688.831069712488,40,8,5,2,3,-3317045668570842795
frostline-final,3,Quill,Pro,0,104000003,true,57.04999999999804,55.311111111134956,222.98333333340292,1688.831069712488,40,8,5,2,3,-7117902999953391131
frostline-final,3,Quill,Pro,1,104007922,true,56.74999999999806,54.93333333335679,221.55000000006845,1688.831069712488,40,8,5,2,3,-8642980964874457659
frostline-final,3,Quill,Champion,0,104000003,true,57.1666666666647,55.40555555557952,223.38333333340324,1688.831069712488,40,8,5,2,3,-6109209033935323776
frostline-final,3,Quill,Champion,1,104007922,true,56.83333333333139,55.04444444446802,221.96666666673545,1688.831069712488,40,8,5,2,3,4196763995018073986
frostline-final,3,Vandal,Rookie,0,104000003,true,57.933333333331326,54.783333333357014,222.28333333340237,1688.831069712488,40,8,5,2,3,-5227560945141903177
frostline-final,3,Vandal,Rookie,1,104007922,true,57.1666666666647,53.883333333356084,218.81666666673294,1688.831069712488,40,8,5,2,3,1440914601722231584
frostline-final,3,Vandal,Club,0,104000003,true,56.416666666664746,53.33888888891099,216.4333333333977,1688.831069712488,40,8,5,2,3,-482082420904489828
frostline-final,3,Vandal,Club,1,104007922,true,55.66666666666479,52.522222222243464,213.23333333339517,1688.831069712488,40,8,5,2,3,-8320020250999052921
frostline-final,3,Vandal,Pro,0,104000003,true,54.91666666666483,52.088888888909565,211.18333333339353,1688.831069712488,40,8,5,2,3,-7313179365825552913
frostline-final,3,Vandal,Pro,1,104007922,true,54.59999999999818,51.627777777798,209.48333333339218,1688.831069712488,40,8,5,2,3,3234543429975366183
frostline-final,3,Vandal,Champion,0,104000003,true,54.84999999999817,51.994444444465024,210.83333333339326,1688.831069712488,40,8,5,2,3,-5084054933792034130
frostline-final,3,Vandal,Champion,1,104007922,true,54.633333333331514,51.66666666668693,209.6333333333923,1688.831069712488,40,8,5,2,3,-6633600844175100862
frostline-final,4,Kestrel,Rookie,0,104000003,true,55.449999999998134,53.25000000002175,215.2000000000634,1688.831069712488,40,8,5,2,3,5101913676596052537
frostline-final,4,Kestrel,Rookie,1,104007922,true,54.56666666666485,52.97222222224351,213.48333333339536,1688.831069712488,40,8,5,2,3,-3506990268814768964
frostline-final,4,Kestrel,Club,0,104000003,true,54.36666666666486,52.477777777798615,211.8000000000607,1688.831069712488,40,8,5,2,3,-6185900988138876612
frostline-final,4,Kestrel,Club,1,104007922,true,54.049999999998214,52.227777777798316,210.73333333339318,1688.831069712488,40,8,5,2,3,-1978117570878499548
frostline-final,4,Kestrel,Pro,0,104000003,true,53.933333333331554,52.12222222224265,210.3000000000595,1688.831069712488,40,8,5,2,3,-6195065827012470820
frostline-final,4,Kestrel,Pro,1,104007922,true,53.51666666666491,51.74444444446445,208.75000000005826,1688.831069712488,40,8,5,2,3,7155629823678493413
frostline-final,4,Kestrel,Champion,0,104000003,true,53.86666666666489,52.133333333353754,210.26666666672614,1688.831069712488,40,8,5,2,3,-1221503196135711761
frostline-final,4,Kestrel,Champion,1,104007922,true,53.51666666666491,51.90000000002013,209.2166666667253,1688.831069712488,40,8,5,2,3,-2909317808492889432
frostline-final,4,Bulwark,Rookie,0,104000003,true,56.46666666666474,53.700000000022406,217.56666666673195,1688.831069712488,40,8,5,2,3,-3488447608094800814
frostline-final,4,Bulwark,Rookie,1,104007922,true,54.8333333333315,52.52222222224322,212.40000000006117,1688.831069712488,40,8,5,2,3,-6961863763719746290
frostline-final,4,Bulwark,Club,0,104000003,true,54.59999999999818,52.45000000002088,211.9500000000608,1688.831069712488,40,8,5,2,3,6232383367912147202
frostline-final,4,Bulwark,Club,1,104007922,true,53.966666666664885,51.733333333353464,209.16666666672526,1688.831069712488,40,8,5,2,3,3250313527514167073
frostline-final,4,Bulwark,Pro,0,104000003,true,53.56666666666491,51.24444444446407,207.3000000000571,1688.831069712488,40,8,5,2,3,-8286904544998299803
frostline-final,4,Bulwark,Pro,1,104007922,true,53.11666666666493,50.86666666668586,205.71666666672252,1688.831069712488,40,8,5,2,3,-4904880888949283887
frostline-final,4,Bulwark,Champion,0,104000003,true,53.59999999999824,51.3388888889086,207.61666666672403,1688.831069712488,40,8,5,2,3,-1772151866072023082
frostline-final,4,Bulwark,Champion,1,104007922,true,53.0833333333316,50.88333333335253,205.7333333333892,1688.831069712488,40,8,5,2,3,9066504522292377776
