skill,rotation,sample,seed,win,draw,early,seconds,hp,bossHp,dispatches,mineShots,mineHits,repairs,bossRepairs,oneShots,hash,laps,bossLaps,rigPR,bossPR
0,0,0,777501,false,false,false,279.65000000007433,0.0,67.45606178033727,0,9,0,2,4,0,-3338311152077781226,6,7,332.099982802,637.3540759220001
0,0,1,785420,false,false,false,134.41666666666578,0.0,14.260043557947636,0,8,1,0,1,0,-6252080380947454997,2,2,332.099982802,637.3540759220001
0,0,2,793339,false,false,false,277.8333333334093,0.0,41.38773042710814,0,11,0,5,1,0,1444104590190159739,5,6,332.099982802,637.3540759220001
0,0,3,801258,false,true,false,600.0166666664496,100.0,26.98155423204572,0,15,2,9,4,0,-139572913191337169,13,16,332.099982802,637.3540759220001
0,0,4,809177,false,true,false,600.0166666664496,32.97282879477571,42.844189795732014,0,11,1,8,6,0,1480853266224290678,13,15,332.099982802,637.3540759220001
0,0,5,817096,true,false,false,72.99999999999714,64.94793044567864,0.0,0,7,0,1,0,0,-5328940681533899547,1,1,332.099982802,637.3540759220001
0,0,6,825015,false,false,false,236.6166666667471,0.0,74.19626434852808,0,9,0,0,4,0,-6996682663824046078,5,6,332.099982802,637.3540759220001
0,0,7,832934,false,false,false,178.8166666667011,0.0,6.3302180753828585,0,8,0,1,2,0,-2389564194293997900,3,3,332.099982802,637.3540759220001
0,0,8,840853,false,false,false,116.81666666666132,0.0,39.215458547187644,0,7,0,1,1,0,6909563872299877423,2,2,332.099982802,637.3540759220001
0,0,9,848772,false,false,false,162.81666666668838,0.0,67.6443551271754,0,8,0,2,1,0,1224969000586290396,3,3,332.099982802,637.3540759220001
0,0,10,856691,false,false,false,480.01666666655876,0.0,73.33158129335112,0,15,0,5,5,0,1073652346410385900,10,12,332.099982802,637.3540759220001
0,0,11,864610,false,false,false,284.21666666673684,0.0,79.00852973718868,0,11,0,0,5,0,-2849776739449082365,6,6,332.099982802,637.3540759220001
0,0,12,872529,true,false,false,106.69999999999523,68.52017086612,0.0,0,7,1,2,0,0,-5943885404619637618,2,2,332.099982802,637.3540759220001
0,0,13,880448,false,true,false,600.0166666664496,100.0,24.11244260816456,0,15,0,9,2,0,8469624518896185254,13,16,332.099982802,637.3540759220001
0,0,14,888367,false,false,false,489.0166666665506,0.0,99.05844338108224,0,8,0,5,8,0,-4304765837650140445,10,12,332.099982802,637.3540759220001
0,0,15,896286,false,false,false,108.21666666666181,0.0,41.42204923432339,0,7,0,0,1,0,6613013065435417192,2,2,332.099982802,637.3540759220001
0,0,16,904205,false,false,false,77.04999999999691,0.0,60.291192061109896,0,6,0,0,1,0,7036305429205427700,1,1,332.099982802,637.3540759220001
0,0,17,912124,false,false,false,233.50000000007796,0.0,70.94838819949135,0,10,0,0,4,0,2186545303257967930,4,4,332.099982802,637.3540759220001
0,0,18,920043,false,true,false,600.0166666664496,100.0,19.276957393444604,0,13,1,9,4,0,2014834037410582723,12,14,332.099982802,637.3540759220001
0,0,19,927962,false,true,false,600.0166666664496,65.23290745525928,82.67277732641801,0,11,0,9,5,0,8100282543468039815,13,15,332.099982802,637.3540759220001
0,0,20,935881,false,false,false,376.6166666666528,0.0,99.29833927028996,0,9,0,2,4,0,-706113251097104944,8,10,332.099982802,637.3540759220001
0,0,21,943800,false,false,false,102.81666666666212,0.0,37.86520348272977,0,6,0,0,1,0,-503998115384311961,2,2,332.099982802,637.3540759220001
0,0,22,951719,false,false,false,338.0166666666879,0.0,88.42003949089197,0,12,0,4,3,0,7460636052673562688,7,8,332.099982802,637.3540759220001
0,0,23,959638,true,false,false,348.4000000000118,66.73882195897872,0.0,0,10,1,7,0,0,2873667648864873400,7,9,332.099982802,637.3540759220001
0,0,24,967557,false,true,false,600.0166666664496,56.81371218547604,100.0,0,7,0,6,8,0,4861461567387069458,13,16,332.099982802,637.3540759220001
0,0,25,975476,false,false,false,495.6166666665446,0.0,58.16214305267955,0,16,0,6,5,0,-5821619911591215661,10,11,332.099982802,637.3540759220001
0,0,26,983395,false,false,false,285.61666666673557,0.0,99.08435382497099,0,7,0,0,5,0,6575389334700047081,6,7,332.099982802,637.3540759220001
0,0,27,991314,false,false,false,267.4166666667521,0.0,60.58455458869394,0,10,1,3,1,0,8126077497499926379,5,6,332.099982802,637.3540759220001
0,0,28,999233,false,true,false,600.0166666664496,62.88778819846387,12.738570959888985,0,13,0,9,2,0,-3281098889657675741,12,15,332.099982802,637.3540759220001
0,0,29,1007152,false,false,false,293.6166666667283,0.0,56.706373535336624,0,7,1,3,4,0,-5482227730415911816,6,7,332.099982802,637.3540759220001
0,0,30,1015071,false,false,false,359.5000000000017,0.0,100.0,0,10,0,1,4,0,2483013350269565454,8,10,332.099982802,637.3540759220001
0,0,31,1022990,false,false,false,334.8166666666908,0.0,100.0,0,1,0,0,4,0,127430160418116082,7,9,332.099982802,637.3540759220001
0,0,32,1030909,false,false,false,429.21666666660497,0.0,50.67213694964785,0,15,1,8,1,0,-3605610360478427166,9,11,332.099982802,637.3540759220001
0,0,33,1038828,true,false,false,456.3999999999136,35.97386701550361,0.0,0,14,0,8,2,0,6135168641670968593,10,12,332.099982802,637.3540759220001
0,0,34,1046747,false,true,false,600.0166666664496,65.46729712634365,56.19429881694112,0,13,0,9,5,0,6140998298929594171,12,13,332.099982802,637.3540759220001
0,0,35,1054666,true,false,false,167.1166666666918,27.542815534664044,0.0,0,7,0,1,2,0,-3836204170761478993,3,3,332.099982802,637.3540759220001
0,0,36,1062585,false,false,false,247.81666666675602,0.0,98.46590968400409,0,7,0,1,5,0,3942123068284477708,5,6,332.099982802,637.3540759220001
0,0,37,1070504,false,true,false,600.0166666664496,15.386987482627346,10.05800734777914,0,18,0,11,1,0,8070203477310897345,12,14,332.099982802,637.3540759220001
0,0,38,1078423,false,false,false,501.6166666665391,0.0,36.49494747958007,0,16,0,6,3,0,8112051375133193045,10,12,332.099982802,637.3540759220001
0,0,39,1086342,false,true,false,600.0166666664496,57.7316459042037,82.12926571926444,0,11,0,5,7,0,8089699962788974296,12,14,332.099982802,637.3540759220001
0,0,40,1094261,false,false,false,286.93333333340104,0.0,100.0,0,8,1,0,6,0,1534790501523470793,6,7,332.099982802,637.3540759220001
0,0,41,1102180,true,false,false,95.29999999999588,65.79689774295964,0.0,0,7,1,2,0,0,-3568368262304535651,1,1,332.099982802,637.3540759220001
0,0,42,1110099,false,false,false,299.81666666672265,0.0,66.23345677180724,0,12,0,3,2,0,6358488090893433093,6,7,332.099982802,637.3540759220001
0,0,43,1118018,false,false,false,178.8166666667011,0.0,42.21035558201337,0,9,1,1,2,0,-4093470950370258783,3,3,332.099982802,637.3540759220001
0,0,44,1125937,false,true,false,600.0166666664496,63.912465940627214,100.0,0,8,0,7,7,0,1567452989576185303,13,15,332.099982802,637.3540759220001
0,0,45,1133856,false,false,false,227.4166666667398,0.0,100.0,0,7,0,1,4,0,2394786510128625507,5,6,332.099982802,637.3540759220001
0,0,46,1141775,false,false,false,326.86666666669805,0.0,63.48643724088207,0,7,0,0,3,0,-5814182564114583787,7,9,332.099982802,637.3540759220001
0,0,47,1149694,false,false,false,111.8166666666616,0.0,98.44332823716715,0,6,0,0,2,0,-6962575588208014355,2,2,332.099982802,637.3540759220001
0,0,48,1157613,false,false,false,203.816666666721,0.0,41.99654129684759,0,8,1,1,1,0,7098950778412486073,4,5,332.099982802,637.3540759220001
0,0,49,1165532,false,false,false,300.0166666667225,0.0,42.413801044520675,0,9,0,3,3,0,-7767799260303972448,6,7,332.099982802,637.3540759220001
0,0,50,1173451,false,false,false,432.41666666660205,0.0,100.0,0,8,0,2,6,0,7608074144085091885,9,11,332.099982802,637.3540759220001
0,0,51,1181370,true,false,false,127.79999999999403,27.40420334990047,0.0,0,8,1,0,2,0,-7596804537598216990,2,2,332.099982802,637.3540759220001
0,0,52,1189289,false,false,false,478.8999999998931,0.0,93.4717670412059,0,17,1,5,5,0,-5803826543756791904,10,12,332.099982802,637.3540759220001
0,0,53,1197208,false,false,false,342.0166666666843,0.0,54.238329334629185,0,11,0,4,3,0,6780264113246326000,7,8,332.099982802,637.3540759220001
0,0,54,1205127,false,true,false,600.0166666664496,93.11219511347127,45.04248553708148,0,10,0,9,6,0,-291095586712631778,12,15,332.099982802,637.3540759220001
0,0,55,1213046,false,false,false,313.8166666667099,0.0,44.63739722397362,0,10,0,1,4,0,5737439669902380081,6,7,332.099982802,637.3540759220001
0,0,56,1220965,true,false,false,97.89999999999573,54.65290171066041,0.0,0,7,0,1,1,0,4451023548236620889,1,1,332.099982802,637.3540759220001
0,0,57,1228884,false,false,false,268.0166666667516,0.0,23.526202683618816,0,12,1,4,0,0,-7500148128550416736,5,6,332.099982802,637.3540759220001
0,0,58,1236803,true,false,false,322.0000000000358,51.151899054066575,0.0,0,11,1,5,1,0,-1038695759715321926,6,7,332.099982802,637.3540759220001
0,0,59,1244722,false,false,false,133.01666666666466,0.0,3.6350239718866533,0,8,2,1,1,0,-6244256919027311710,2,2,332.099982802,637.3540759220001
0,0,60,1252641,false,false,false,477.81666666656076,0.0,76.64604172313415,0,15,0,3,6,0,-8672748444279794176,10,12,332.099982802,637.3540759220001
0,0,61,1260560,false,false,false,206.01666666672276,0.0,61.587007766196145,0,10,1,0,2,0,-4660596292542627843,4,5,332.099982802,637.3540759220001
0,0,62,1268479,false,true,false,600.0166666664496,65.42300448118972,32.453970743360756,0,16,1,10,2,0,-1284665030061838986,12,15,332.099982802,637.3540759220001
0,0,63,1276398,false,false,false,358.51666666666927,0.0,97.01382454873134,0,12,1,3,3,0,1198864397340669945,7,9,332.099982802,637.3540759220001
0,0,64,1284317,false,true,false,600.0166666664496,55.947485976035445,95.86627640510808,0,9,0,7,9,0,-902471540384207492,13,16,332.099982802,637.3540759220001
0,0,65,1292236,false,false,false,402.816666666629,0.0,99.25253064124753,0,10,0,3,5,0,-125354668528373862,8,9,332.099982802,637.3540759220001
0,0,66,1300155,false,false,false,174.61666666669777,0.0,81.61226018184911,0,3,0,0,1,0,-7236903705752931895,4,5,332.099982802,637.3540759220001
0,0,67,1308074,false,false,false,154.1500000000148,0.0,52.88002608004701,0,7,1,1,1,0,3956336802047122834,3,3,332.099982802,637.3540759220001
0,0,68,1315993,false,false,false,420.6166666666128,0.0,6.65255644269183,0,12,1,6,0,0,7133269464597755146,9,11,332.099982802,637.3540759220001
0,0,69,1323912,false,false,false,484.8166666665544,0.0,61.0023781964704,0,10,1,4,6,0,5342301480099191359,10,12,332.099982802,637.3540759220001
0,0,70,1331831,false,false,false,517.8166666665244,0.0,87.44566164301918,0,16,0,3,9,0,3034280340625012894,10,11,332.099982802,637.3540759220001
0,0,71,1339750,false,false,false,335.6166666666901,0.0,73.28121938410584,0,8,0,0,3,0,2893152411406534125,7,9,332.099982802,637.3540759220001
0,0,72,1347669,true,false,false,375.69999999998697,34.06799157571365,0.0,0,12,0,4,2,0,-7850493578307906294,7,8,332.099982802,637.3540759220001
0,0,73,1355588,false,false,false,403.61666666662825,0.0,24.907355292694206,0,12,1,4,3,0,-1193932594496318960,8,9,332.099982802,637.3540759220001
0,0,74,1363507,false,false,false,461.21666666657586,0.0,65.74923923396179,0,9,0,4,6,0,4272362840293152435,10,12,332.099982802,637.3540759220001
0,0,75,1371426,false,false,false,186.41666666670716,0.0,65.62020671265499,0,6,0,0,2,0,1477409405742212810,4,5,332.099982802,637.3540759220001
0,0,76,1379345,true,false,false,149.20000000001087,47.60653807160178,0.0,0,8,0,1,2,0,-5075009292885181404,2,2,332.099982802,637.3540759220001
0,0,77,1387264,false,false,false,560.6166666664855,0.0,43.20996119348707,0,18,1,9,3,0,-1672191712805193567,11,13,332.099982802,637.3540759220001
0,0,78,1395183,false,false,false,423.2166666666104,0.0,30.255949709994308,0,15,1,6,2,0,3185126504628691836,9,11,332.099982802,637.3540759220001
0,0,79,1403102,true,false,false,160.00000000001947,63.72061943360728,0.0,0,8,0,2,1,0,6833187836425055534,3,3,332.099982802,637.3540759220001
0,0,80,1411021,false,false,false,266.45000000008633,0.0,100.0,0,7,1,0,5,0,-8535341796606759875,5,6,332.099982802,637.3540759220001
0,0,81,1418940,false,false,false,291.2166666667305,0.0,98.99326075759825,0,1,0,0,2,0,3282010634103170027,6,8,332.099982802,637.3540759220001
0,0,82,1426859,false,false,false,153.01666666668058,0.0,78.69420268878994,0,7,1,2,1,0,-6486806663225194205,3,3,332.099982802,637.3540759220001
0,0,83,1434778,false,true,false,600.0166666664496,80.07960294044692,64.19037328301295,0,19,1,8,4,0,8975297193265373473,13,16,332.099982802,637.3540759220001
0,0,84,1442697,true,false,false,213.30000000006189,5.715629052279447,0.0,0,9,0,1,2,0,-1353214194550563948,4,4,332.099982802,637.3540759220001
0,0,85,1450616,false,false,false,208.2166666667245,0.0,26.314440373402338,0,9,0,0,4,0,1684972086797216810,4,4,332.099982802,637.3540759220001
0,0,86,1458535,false,false,false,314.05000000004304,0.0,48.050526423470394,0,12,0,2,4,0,-5242776782236689443,6,7,332.099982802,637.3540759220001
0,0,87,1466454,true,false,false,114.69999999999477,14.0479446961488,0.0,0,7,0,2,0,0,2386384318401378488,2,2,332.099982802,637.3540759220001
0,0,88,1474373,true,false,false,250.30000000009133,33.66739927454176,0.0,0,10,1,4,1,0,8359435386816480819,5,6,332.099982802,637.3540759220001
0,0,89,1482292,false,false,false,432.99999999993486,0.0,98.95226400460302,0,10,0,4,6,0,2206790597542294567,9,10,332.099982802,637.3540759220001
0,0,90,1490211,false,true,false,600.0166666664496,5.388091539143168,72.88453002454943,0,16,0,4,7,0,-8462817880547477643,13,16,332.099982802,637.3540759220001
0,0,91,1498130,true,false,false,244.50000000008671,23.764810660039796,0.0,0,8,0,1,1,0,-3465258399600185655,5,6,332.099982802,637.3540759220001
0,0,92,1506049,true,false,false,406.98333333329185,59.92916418507427,0.0,0,13,1,8,1,0,4471030663851926837,8,10,332.099982802,637.3540759220001
0,0,93,1513968,false,true,false,600.0166666664496,100.0,70.49762127436183,0,16,1,9,4,0,-3760773331630489347,13,15,332.099982802,637.3540759220001
0,0,94,1521887,false,true,false,600.0166666664496,36.35000794195418,89.49280686822412,0,8,0,6,6,0,-7267319119214998842,13,16,332.099982802,637.3540759220001
0,0,95,1529806,false,false,false,233.01666666674424,0.0,92.45672210962559,0,8,0,0,3,0,-3106212304731876209,5,6,332.099982802,637.3540759220001
0,0,96,1537725,true,false,false,144.90000000000745,62.29710078326301,0.0,0,8,0,3,0,0,-8283322723642553997,2,2,332.099982802,637.3540759220001
0,0,97,1545644,false,false,false,197.6000000000494,0.0,89.27699024764179,0,9,0,1,1,0,-2087006974490771969,4,5,332.099982802,637.3540759220001
0,0,98,1553563,true,false,false,184.8000000000392,82.58068862223958,0.0,0,7,1,2,1,0,-2405337939146150071,3,3,332.099982802,637.3540759220001
0,0,99,1561482,false,false,false,63.816666666664325,0.0,68.8442227043632,0,5,1,0,1,0,-1080288504520834199,1,1,332.099982802,637.3540759220001
0,0,100,1569401,false,false,false,306.41666666671665,0.0,37.79718279290534,0,11,0,3,3,0,7746572243573895188,6,6,332.099982802,637.3540759220001
0,0,101,1577320,false,false,false,221.81666666673533,0.0,99.22401587003253,0,6,0,0,4,0,-2315401307850326437,4,5,332.099982802,637.3540759220001
0,0,102,1585239,false,false,false,179.21666666670143,0.0,55.7767472724516,0,8,0,1,2,0,5052576748348900000,3,3,332.099982802,637.3540759220001
0,0,103,1593158,false,false,false,258.81666666675994,0.0,31.85323933637124,0,10,1,2,1,0,7077826399747936988,5,6,332.099982802,637.3540759220001
0,0,104,1601077,false,true,false,600.0166666664496,65.23876028092587,54.24422951753609,0,9,0,7,5,0,2876397152828681131,13,16,332.099982802,637.3540759220001
0,0,105,1608996,false,true,false,600.0166666664496,22.35953630025611,100.0,0,16,0,4,10,0,6277859119149018876,12,14,332.099982802,637.3540759220001
0,0,106,1616915,false,false,false,219.0166666667331,0.0,98.99392272734404,0,6,0,1,4,0,-8228833170778852626,4,5,332.099982802,637.3540759220001
0,0,107,1624834,false,false,false,455.4333333332478,0.0,78.4937057148583,0,17,0,4,5,0,-5940317105589287888,9,11,332.099982802,637.3540759220001
0,0,108,1632753,false,false,false,266.6333333334195,0.0,40.66568868548407,0,11,0,3,1,0,-1782365335756695402,5,6,332.099982802,637.3540759220001
0,0,109,1640672,false,false,false,308.61666666671465,0.0,42.82529667988546,0,8,0,2,2,0,4116570957020609518,6,7,332.099982802,637.3540759220001
0,0,110,1648591,false,false,false,463.79999999990685,0.0,59.38441863185742,0,14,0,2,6,0,3397381375437641307,10,12,332.099982802,637.3540759220001
0,0,111,1656510,true,false,false,162.90000000002178,78.29317599621127,0.0,0,8,0,3,0,0,9150419597461502700,3,3,332.099982802,637.3540759220001
0,0,112,1664429,false,false,false,108.4166666666618,0.0,54.50642436718875,0,6,0,1,1,0,-5342570934815197258,2,2,332.099982802,637.3540759220001
0,0,113,1672348,true,false,false,488.4999999998844,48.80187618873011,0.0,0,13,2,8,1,0,-226584723309097584,10,13,332.099982802,637.3540759220001
0,0,114,1680267,false,false,false,333.81666666669173,0.0,42.79219905372902,0,9,0,3,2,0,1366733064843761091,7,8,332.099982802,637.3540759220001
0,0,115,1688186,false,false,false,222.0166666667355,0.0,100.0,0,7,1,1,4,0,3520414163924059235,4,5,332.099982802,637.3540759220001
0,0,116,1696105,false,false,false,259.6166666667592,0.0,35.15606444575032,0,10,0,0,4,0,6788891378736692921,5,6,332.099982802,637.3540759220001
0,0,117,1704024,false,false,false,433.41666666660115,0.0,98.72699733235979,0,13,0,5,4,0,-2199619498812771545,9,11,332.099982802,637.3540759220001
0,0,118,1711943,false,false,false,491.099999999882,0.0,80.24323412654914,0,17,0,6,4,0,9077085655312570710,10,12,332.099982802,637.3540759220001
0,0,119,1719862,true,false,false,337.1000000000221,64.4942893012113,0.0,0,9,1,5,2,0,-2350088785430092373,7,8,332.099982802,637.3540759220001
0,0,120,1727781,true,false,false,122.89999999999431,67.03875010609032,0.0,0,7,0,2,0,0,-276288860314149566,2,2,332.099982802,637.3540759220001
0,0,121,1735700,false,false,false,200.40000000005162,0.0,65.00050477183484,0,5,0,0,1,0,-7416533450440057194,4,5,332.099982802,637.3540759220001
0,0,122,1743619,false,false,false,339.61666666668646,0.0,34.397232206297375,0,12,0,3,2,0,-4366968241351975698,7,8,332.099982802,637.3540759220001
0,0,123,1751538,true,false,false,577.4999999998034,59.9346785515251,0.0,0,14,0,8,1,0,-3433206522815272682,12,15,332.099982802,637.3540759220001
0,0,124,1759457,false,false,false,355.36666666667213,0.0,33.0504241127611,0,9,0,4,3,0,5124640963851600656,7,8,332.099982802,637.3540759220001
0,0,125,1767376,false,false,false,594.8166666664544,0.0,98.51066121787566,0,13,0,5,7,0,3481535376604094787,12,13,332.099982802,637.3540759220001
0,0,126,1775295,false,false,false,209.41666666672546,0.0,98.2834396453221,0,6,0,1,3,0,-7245185337912931056,4,5,332.099982802,637.3540759220001
0,0,127,1783214,false,false,false,145.21666666667437,0.0,69.27520748128913,0,8,1,2,1,0,-6418829005646124892,2,2,332.099982802,637.3540759220001
0,1,0,777501,false,false,false,112.99999999999487,0.0,64.39965666640475,0,6,1,0,2,0,6821907764858957465,2,2,332.099982802,637.3540759220001
0,1,1,785420,true,false,false,120.31666666666112,61.17654613215101,0.0,0,7,0,1,0,0,-588088033957323313,2,2,332.099982802,637.3540759220001
0,1,2,793339,false,false,false,399.79999999996505,0.0,100.0,0,7,0,1,4,0,-2377275652469397553,9,10,332.099982802,637.3540759220001
0,1,3,801258,false,false,false,309.00000000004763,0.0,30.934745031884663,0,10,0,1,4,0,4898417834817756063,6,7,332.099982802,637.3540759220001
0,1,4,809177,false,false,false,570.9999999998093,0.0,62.94299379647452,0,18,1,9,3,0,637328894412585625,12,14,332.099982802,637.3540759220001
0,1,5,817096,false,false,false,480.7999999998914,0.0,31.129851927625594,0,11,1,6,1,0,5295433457446200116,10,13,332.099982802,637.3540759220001
0,1,6,825015,true,false,false,461.7166666665754,0.25791625519148553,0.0,0,14,1,6,2,0,-6472853405301646303,10,12,332.099982802,637.3540759220001
0,1,7,832934,true,false,false,172.71666666669626,37.87534651490501,0.0,0,7,0,0,3,0,5786459081107812869,3,3,332.099982802,637.3540759220001
0,1,8,840853,true,false,false,117.61666666666127,87.00324015492906,0.0,0,7,0,1,0,0,-8820582292949212150,2,2,332.099982802,637.3540759220001
0,1,9,848772,false,false,false,534.2499999998428,0.0,38.28643648261195,0,13,1,7,4,0,834742909169194442,11,14,332.099982802,637.3540759220001
0,1,10,856691,false,false,false,372.7999999999896,0.0,47.651160491061304,0,13,1,5,2,0,6371955131937946683,8,10,332.099982802,637.3540759220001
0,1,11,864610,false,false,false,501.19999999987283,0.0,78.29107423708541,0,14,0,5,5,0,7776072345855450090,10,11,332.099982802,637.3540759220001
0,1,12,872529,false,false,false,322.60000000003527,0.0,98.16818755250804,0,8,0,1,3,0,4992377994589669213,7,8,332.099982802,637.3540759220001
0,1,13,880448,true,false,false,121.51666666666105,64.84209351986244,0.0,0,7,0,0,2,0,1461959402061900731,2,2,332.099982802,637.3540759220001
0,1,14,888367,false,false,false,261.683333333424,0.0,99.55950673965187,0,10,0,2,4,0,3828609118653985163,5,6,332.099982802,637.3540759220001
0,1,15,896286,false,false,false,190.2000000000435,0.0,76.4211476005962,0,9,0,1,2,0,8908783633169630746,3,3,332.099982802,637.3540759220001
0,1,16,904205,false,false,false,277.20000000007656,0.0,58.52206443179512,0,11,0,3,2,0,-1764282541539697816,6,7,332.099982802,637.3540759220001
0,1,17,912124,false,false,false,228.20000000007374,0.0,79.05641820309671,0,7,1,0,4,0,4852760683791243345,4,5,332.099982802,637.3540759220001
0,1,18,920043,false,false,false,237.80000000008138,0.0,100.0,0,7,0,0,3,0,5059795826605431613,5,6,332.099982802,637.3540759220001
0,1,19,927962,false,false,false,533.999999999843,0.0,99.2331452373416,0,10,0,5,5,0,-3111536653656029872,11,14,332.099982802,637.3540759220001
0,1,20,935881,false,true,false,600.0166666664496,66.19964689205155,42.3687944563031,0,15,0,7,2,0,6028931676206041356,13,17,332.099982802,637.3540759220001
0,1,21,943800,true,false,false,340.4166666666857,33.35336195931389,0.0,0,12,0,5,2,0,-8533502597385337266,7,8,332.099982802,637.3540759220001
0,1,22,951719,false,false,false,258.20000000009384,0.0,100.0,0,7,0,0,4,0,7605625165128189964,5,6,332.099982802,637.3540759220001
0,1,23,959638,false,false,false,105.59999999999529,0.0,23.507470441886387,0,7,0,0,1,0,2880259337644427626,2,2,332.099982802,637.3540759220001
0,1,24,967557,false,false,false,247.40000000008902,0.0,76.90916716246115,0,8,2,3,2,0,2788215099908085737,5,6,332.099982802,637.3540759220001
0,1,25,975476,false,true,false,600.0166666664496,58.35584535020612,10.095755578230978,0,17,0,8,4,0,1236728135719520294,13,16,332.099982802,637.3540759220001
0,1,26,983395,true,false,false,288.1166666667333,45.50201997772069,0.0,0,9,0,4,2,0,3693154868896555717,6,7,332.099982802,637.3540759220001
0,1,27,991314,true,false,false,78.91666666666347,79.2643500855348,0.0,0,7,0,0,1,0,5652934006684527000,1,1,332.099982802,637.3540759220001
0,1,28,999233,true,false,false,83.51666666666321,86.99895508402501,0.0,0,7,0,1,0,0,8584411025910690039,1,1,332.099982802,637.3540759220001
0,1,29,1007152,false,false,false,360.5666666666674,0.0,89.83092367332156,0,14,1,4,4,0,344172053534200711,7,9,332.099982802,637.3540759220001
0,1,30,1015071,true,false,false,499.91666666654066,32.41545933631994,0.0,0,15,0,6,1,0,-9199360439787936742,10,12,332.099982802,637.3540759220001
0,1,31,1022990,true,false,false,500.3166666665403,76.13002176976103,0.0,0,15,0,6,2,0,-4035816703579207702,10,12,332.099982802,637.3540759220001
0,1,32,1030909,false,false,false,323.5166666667011,0.0,88.18586612084383,0,8,0,2,5,0,2425489943272393144,7,8,332.099982802,637.3540759220001
0,1,33,1038828,false,false,false,113.39999999999485,0.0,2.627394999353324,0,7,0,0,0,0,-4013840288718635011,2,2,332.099982802,637.3540759220001
0,1,34,1046747,false,false,false,101.59999999999552,0.0,82.29019385607272,0,7,0,1,1,0,5712338297094934449,2,2,332.099982802,637.3540759220001
0,1,35,1054666,false,false,false,409.34999999995637,0.0,59.80411952682529,0,12,0,4,2,0,-3613141291686109740,8,10,332.099982802,637.3540759220001
0,1,36,1062585,false,true,false,600.0166666664496,18.045716339102157,43.766171896281406,0,15,0,8,4,0,-6990659778668674655,13,16,332.099982802,637.3540759220001
0,1,37,1070504,false,false,false,372.19999999999015,0.0,99.26261396932196,0,6,0,1,4,0,2951317855545777855,8,10,332.099982802,637.3540759220001
0,1,38,1078423,false,false,false,236.8000000000806,0.0,62.88245564763933,0,9,0,1,3,0,639193825570086917,5,6,332.099982802,637.3540759220001
0,1,39,1086342,false,false,false,425.7999999999414,0.0,90.93187839550835,0,15,3,4,4,0,3831843463227436937,9,11,332.099982802,637.3540759220001
0,1,40,1094261,false,false,false,248.13333333342294,0.0,96.56004895810656,0,9,0,1,4,0,3385266426603281136,4,4,332.099982802,637.3540759220001
0,1,41,1102180,false,false,false,154.0000000000147,0.0,43.7553979505534,0,8,1,1,2,0,3416088684687172870,2,2,332.099982802,637.3540759220001
0,1,42,1110099,false,true,false,600.0166666664496,33.93844201313304,100.0,0,9,0,5,8,0,-2961671441276997072,13,16,332.099982802,637.3540759220001
0,1,43,1118018,true,false,false,140.3666666666705,86.10319031256236,0.0,0,8,0,1,1,0,-7070098881521944290,2,2,332.099982802,637.3540759220001
0,1,44,1125937,false,false,false,116.39999999999468,0.0,54.827769556782954,0,7,0,1,1,0,-3680323154206197230,2,2,332.099982802,637.3540759220001
0,1,45,1133856,true,false,false,378.9166666666507,46.60936755701355,0.0,0,12,0,5,1,0,-5004414288574400538,8,10,332.099982802,637.3540759220001
0,1,46,1141775,false,false,false,258.6000000000935,0.0,83.55016583514583,0,10,0,1,4,0,-6788552941555919224,5,5,332.099982802,637.3540759220001
0,1,47,1149694,false,false,false,363.19999999999834,0.0,100.0,0,6,0,0,6,0,8782308699564030370,8,10,332.099982802,637.3540759220001
0,1,48,1157613,false,false,false,182.8000000000376,0.0,13.867450606170124,0,9,0,1,2,0,-5314975110671470027,3,3,332.099982802,637.3540759220001
0,1,49,1165532,false,false,false,110.31666666666169,0.0,88.43113227331331,0,7,1,1,1,0,1686118584624242460,2,2,332.099982802,637.3540759220001
0,1,50,1173451,true,false,false,101.51666666666219,30.04619427549287,0.0,0,7,0,1,0,0,-2285927932983125561,1,2,332.099982802,637.3540759220001
0,1,51,1181370,false,false,false,250.4000000000914,0.0,33.014424283187395,0,10,1,3,2,0,5480603010074016719,5,6,332.099982802,637.3540759220001
0,1,52,1189289,false,false,false,149.71666666667795,0.0,27.74649361070613,0,8,1,1,1,0,-7097011066433705663,2,2,332.099982802,637.3540759220001
0,1,53,1197208,false,false,false,189.7833333333765,0.0,94.2322429266705,0,5,1,0,2,0,1569715808754786994,4,5,332.099982802,637.3540759220001
0,1,54,1205127,false,false,false,253.50000000009388,0.0,96.05574880420906,0,8,0,3,3,0,7857865621019726382,5,6,332.099982802,637.3540759220001
0,1,55,1213046,true,false,false,300.1166666667224,40.40895383238109,0.0,0,12,0,3,0,0,2746544074418837214,6,7,332.099982802,637.3540759220001
0,1,56,1220965,false,false,false,303.60000000005255,0.0,13.589936650364388,0,12,0,3,1,0,-3346073471911258730,6,7,332.099982802,637.3540759220001
0,1,57,1228884,true,false,false,178.03333333336715,83.9405175752414,0.0,0,8,0,2,1,0,7879045339822116285,3,3,332.099982802,637.3540759220001
0,1,58,1236803,true,false,false,107.51666666666185,50.41169655317152,0.0,0,6,0,1,0,0,-419575792668423509,2,2,332.099982802,637.3540759220001
0,1,59,1244722,false,false,false,201.80000000005273,0.0,40.592675366720506,0,10,0,2,1,0,-1238259525930297228,4,5,332.099982802,637.3540759220001
0,1,60,1252641,false,false,false,133.79999999999862,0.0,73.47941818562195,0,7,0,0,2,0,-8102329754283313824,2,2,332.099982802,637.3540759220001
0,1,61,1260560,true,false,false,348.41666666667845,61.17657916979504,0.0,0,12,0,5,0,0,2300626493232730640,7,8,332.099982802,637.3540759220001
0,1,62,1268479,false,false,false,154.60000000001517,0.0,63.98767722695962,0,8,0,0,3,0,-3613311503707170682,3,3,332.099982802,637.3540759220001
0,1,63,1276398,false,false,false,268.6000000000844,0.0,57.05830799962583,0,11,0,2,3,0,6171517971946512510,5,6,332.099982802,637.3540759220001
0,1,64,1284317,false,false,false,127.6666666666607,0.0,5.364664296504952,0,8,0,2,0,0,-3269981888495385169,2,2,332.099982802,637.3540759220001
0,1,65,1292236,false,true,false,600.0166666664496,88.81990970744954,39.03887725115303,0,12,0,10,3,0,4945353731550256125,13,17,332.099982802,637.3540759220001
0,1,66,1300155,false,false,false,311.0000000000458,0.0,24.511484149497264,0,12,0,3,3,0,3115996532553896470,6,7,332.099982802,637.3540759220001
0,1,67,1308074,false,false,false,180.4000000000357,0.0,42.031444517786376,0,9,0,0,3,0,8876841541169631722,3,3,332.099982802,637.3540759220001
0,1,68,1315993,false,false,false,421.1999999999456,0.0,100.0,0,10,0,1,7,0,-505700606558073294,9,11,332.099982802,637.3540759220001
0,1,69,1323912,false,false,false,160.4000000000198,0.0,60.00248477654654,0,8,1,1,2,0,-2051277020226867395,3,3,332.099982802,637.3540759220001
0,1,70,1331831,true,false,false,276.71666666674366,34.83522201245535,0.0,0,11,1,4,0,0,-5520851845046938117,5,6,332.099982802,637.3540759220001
0,1,71,1339750,true,false,false,244.9166666667537,35.105563010759816,0.0,0,10,0,3,1,0,-1589389503314991844,5,6,332.099982802,637.3540759220001
0,1,72,1347669,false,false,false,355.3833333333388,0.0,92.07798041896056,0,6,1,0,4,0,3859990211556964883,8,10,332.099982802,637.3540759220001
0,1,73,1355588,true,false,false,69.81666666666399,91.8469543971588,0.0,0,6,0,1,0,0,-2433359073299025444,1,1,332.099982802,637.3540759220001
0,1,74,1363507,false,false,false,216.40000000006435,0.0,93.2719680135264,0,7,0,2,2,0,957225259080986122,4,5,332.099982802,637.3540759220001
0,1,75,1371426,false,false,false,397.39999999996724,0.0,12.206956717931718,0,13,0,5,1,0,-6378918364301233869,8,10,332.099982802,637.3540759220001
0,1,76,1379345,false,true,false,600.0166666664496,33.20448360273815,26.16826389795425,0,17,0,9,1,0,-1224006243589841445,13,16,332.099982802,637.3540759220001
0,1,77,1387264,false,true,false,600.0166666664496,26.55266090605105,100.0,0,12,0,3,8,0,-8120285940383367483,12,14,332.099982802,637.3540759220001
0,1,78,1395183,false,false,false,134.59999999999926,0.0,41.070144327600126,0,8,0,0,2,0,5324744407115614998,2,2,332.099982802,637.3540759220001
0,1,79,1403102,false,false,false,569.7999999998104,0.0,98.91844477820246,0,16,0,7,6,0,-4008240907144340208,12,15,332.099982802,637.3540759220001
0,1,80,1411021,true,false,false,167.51666666669212,55.20375886786634,0.0,0,8,0,2,1,0,5234161745828007173,3,3,332.099982802,637.3540759220001
0,1,81,1418940,true,false,false,505.016666666536,48.028425620524295,0.0,0,14,2,7,1,0,6017110843992292244,11,14,332.099982802,637.3540759220001
0,1,82,1426859,true,false,false,112.71666666666155,46.749129537268516,0.0,0,7,0,1,1,0,6467916357697768306,2,2,332.099982802,637.3540759220001
0,1,83,1434778,false,false,false,241.40000000008425,0.0,58.194855605951,0,10,0,1,3,0,-6888475464188654957,5,6,332.099982802,637.3540759220001
0,1,84,1442697,false,false,false,137.60000000000164,0.0,31.74055094458258,0,8,0,0,2,0,34299706018798124,2,2,332.099982802,637.3540759220001
0,1,85,1450616,true,false,false,548.7166666664963,20.75584770940118,0.0,0,17,0,7,2,0,5365617252609929295,11,13,332.099982802,637.3540759220001
0,1,86,1458535,false,true,false,600.0166666664496,44.1691236191308,38.44077854244384,0,15,0,8,4,0,8138690667372900988,13,16,332.099982802,637.3540759220001
0,1,87,1466454,false,false,false,446.9999999999221,0.0,99.96669663343498,0,9,0,3,6,0,2651799383613735448,9,11,332.099982802,637.3540759220001
0,1,88,1474373,false,false,false,239.80000000008297,0.0,30.932654767625543,0,10,0,0,3,0,-1169473559262429816,5,6,332.099982802,637.3540759220001
0,1,89,1482292,false,false,false,115.19999999999474,0.0,65.73128625440795,0,7,0,0,2,0,1014517752840156837,2,2,332.099982802,637.3540759220001
0,1,90,1490211,false,false,false,281.08333333340636,0.0,29.760310006118818,0,11,0,4,1,0,-3921392329600192560,6,7,332.099982802,637.3540759220001
0,1,91,1498130,false,true,false,600.0166666664496,100.0,61.582496596395124,0,15,0,10,2,0,-5126208416491257890,13,17,332.099982802,637.3540759220001
0,1,92,1506049,false,false,false,294.60000000006073,0.0,99.04135377258238,0,8,0,0,6,0,2684475734372287875,6,7,332.099982802,637.3540759220001
0,1,93,1513968,false,false,false,108.39999999999513,0.0,58.62727211502653,0,7,0,0,1,0,7950869451853914786,2,2,332.099982802,637.3540759220001
0,1,94,1521887,false,false,false,470.199999999901,0.0,65.50202106455356,0,15,0,6,4,0,-2313738834157902734,9,10,332.099982802,637.3540759220001
0,1,95,1529806,false,false,false,261.0000000000913,0.0,58.01776389630218,0,8,0,1,2,0,-6432423303545513979,5,6,332.099982802,637.3540759220001
0,1,96,1537725,true,false,false,251.3166666667588,41.07146020530736,0.0,0,9,0,4,0,0,613824009053441622,5,6,332.099982802,637.3540759220001
0,1,97,1545644,false,false,false,354.08333333333997,0.0,34.62486230966077,0,10,0,2,5,0,97947072003999362,7,8,332.099982802,637.3540759220001
0,1,98,1553563,true,false,false,75.81666666666365,81.10323180512597,0.0,0,7,0,1,0,0,-2785588107723198680,1,1,332.099982802,637.3540759220001
0,1,99,1561482,false,false,false,192.00000000004493,0.0,72.72323058619241,0,7,0,2,2,0,7488440193406451704,4,5,332.099982802,637.3540759220001
0,1,100,1569401,false,false,false,201.40000000005242,0.0,43.465806230762695,0,8,0,2,2,0,2738268174578213993,4,4,332.099982802,637.3540759220001
0,1,101,1577320,false,false,false,83.39999999999655,0.0,43.709601995334175,0,7,1,0,1,0,-4870455926178403368,1,1,332.099982802,637.3540759220001
0,1,102,1585239,true,false,false,173.5166666666969,31.57312782469756,0.0,0,9,0,1,2,0,8022635993078590208,3,3,332.099982802,637.3540759220001
0,1,103,1593158,true,false,false,156.71666666668352,22.046164509856474,0.0,0,7,0,1,2,0,8643982759279728974,3,3,332.099982802,637.3540759220001
0,1,104,1601077,false,false,false,232.70000000007732,0.0,55.497363114189106,0,10,0,1,3,0,-3071828950748438769,4,4,332.099982802,637.3540759220001
0,1,105,1608996,true,false,false,583.9166666664643,41.775176310255425,0.0,0,16,2,12,1,0,3320052433904503417,12,15,332.099982802,637.3540759220001
0,1,106,1616915,true,false,false,313.21666666671047,44.414432437755515,0.0,0,12,0,4,2,0,-6934202186846259954,6,7,332.099982802,637.3540759220001
0,1,107,1624834,false,false,false,305.6000000000507,0.0,48.77946431805615,0,8,0,3,4,0,3963345729490758147,6,7,332.099982802,637.3540759220001
0,1,108,1632753,false,false,false,186.60000000004064,0.0,99.32096489099087,0,6,0,0,1,0,3987253877986517471,4,5,332.099982802,637.3540759220001
0,1,109,1640672,false,false,false,237.2000000000809,0.0,67.18895497155144,0,11,1,2,2,0,7981679179976989153,5,6,332.099982802,637.3540759220001
0,1,110,1648591,false,false,false,127.64999999999404,0.0,8.434311442472184,0,8,0,0,1,0,7617004514580680579,2,2,332.099982802,637.3540759220001
0,1,111,1656510,true,false,false,387.9166666666425,3.0116805062589234,0.0,0,13,0,3,3,0,9215544619856299002,8,9,332.099982802,637.3540759220001
0,1,112,1664429,true,false,false,169.81666666669395,48.870512117616876,0.0,0,8,0,3,0,0,-5816737830616753742,3,3,332.099982802,637.3540759220001
0,1,113,1672348,false,false,false,372.9999999999894,0.0,100.0,0,9,0,0,6,0,6151156673810475103,8,10,332.099982802,637.3540759220001
0,1,114,1680267,false,false,false,112.59999999999489,0.0,82.41415972398538,0,7,1,1,1,0,4605006606266235289,2,2,332.099982802,637.3540759220001
0,1,115,1688186,true,false,false,550.4666666664947,39.36376593983688,0.0,0,14,0,8,1,0,9053903901723809433,12,15,332.099982802,637.3540759220001
0,1,116,1696105,false,false,false,279.20000000007474,0.0,47.7980409357054,0,10,1,3,3,0,-6177379866240741335,6,7,332.099982802,637.3540759220001
0,1,117,1704024,false,false,false,526.1999999998501,0.0,72.36214186035738,0,10,0,3,7,0,-907996101908572185,11,13,332.099982802,637.3540759220001
0,1,118,1711943,false,false,false,262.80000000008965,0.0,82.10820757820527,0,11,0,1,3,0,-3030519905011533375,5,6,332.099982802,637.3540759220001
0,1,119,1719862,false,false,false,102.39999999999547,0.0,68.27380070083647,0,7,0,1,1,0,9068654197641856007,2,2,332.099982802,637.3540759220001
0,1,120,1727781,false,true,false,600.0166666664496,81.7423192156673,8.889803279778697,0,15,1,9,2,0,-5457734909770856640,12,15,332.099982802,637.3540759220001
0,1,121,1735700,false,true,false,600.0166666664496,44.174764254631356,16.693237664275745,0,14,0,9,2,0,-7657318957707143502,13,16,332.099982802,637.3540759220001
0,1,122,1743619,false,false,false,132.99999999999798,0.0,34.466761337747734,0,7,0,1,1,0,8383422455340420482,2,2,332.099982802,637.3540759220001
0,1,123,1751538,true,false,false,129.9166666666622,47.72346388082334,0.0,0,8,0,0,1,0,7679347803279421310,2,2,332.099982802,637.3540759220001
0,1,124,1759457,false,false,false,367.59999999999434,0.0,93.40484711544542,0,12,1,5,4,0,-4267168618185964536,7,9,332.099982802,637.3540759220001
0,1,125,1767376,true,false,false,404.61666666662734,57.574081824120285,0.0,0,13,0,7,0,0,8399416429299866912,8,10,332.099982802,637.3540759220001
0,1,126,1775295,true,false,false,223.01666666673628,79.99848767416583,0.0,0,8,1,4,1,0,-264100771247017494,4,5,332.099982802,637.3540759220001
0,1,127,1783214,false,false,false,421.99999999994486,0.0,25.829310848326415,0,10,0,4,4,0,4944781997255407298,9,10,332.099982802,637.3540759220001
1,0,0,777501,true,false,false,110.19999999999503,60.53731349879782,0.0,0,10,0,1,1,0,4723736988062529180,2,2,332.099982802,637.3540759220001
1,0,1,785420,true,false,false,115.19999999999474,25.661393267366016,0.0,0,8,2,0,0,0,6441568594399298002,2,2,332.099982802,637.3540759220001
1,0,2,793339,false,false,false,163.616666666689,0.0,70.62449431293535,0,11,0,2,1,0,333439930755985212,3,3,332.099982802,637.3540759220001
1,0,3,801258,true,false,false,124.7999999999942,68.87999261647197,0.0,0,12,0,2,0,0,-4795924016312656977,2,2,332.099982802,637.3540759220001
1,0,4,809177,false,true,false,600.0166666664496,14.498422036508359,100.0,0,19,1,5,8,0,-6793109013137246937,13,16,332.099982802,637.3540759220001
1,0,5,817096,false,false,false,76.41666666666362,0.0,37.87539590214284,0,11,1,0,0,0,7279918852316060855,1,1,332.099982802,637.3540759220001
1,0,6,825015,true,false,false,121.99999999999436,16.968973921006206,0.0,0,11,1,2,0,0,-4599975462130124468,2,2,332.099982802,637.3540759220001
1,0,7,832934,false,false,false,414.2166666666186,0.0,78.86492573047619,0,17,0,6,3,0,2537926774727054914,9,11,332.099982802,637.3540759220001
1,0,8,840853,false,true,false,600.0166666664496,1.0914795371715171,48.87034189816229,0,26,0,6,7,0,-5551013719163073558,13,15,332.099982802,637.3540759220001
1,0,9,848772,false,true,false,600.0166666664496,94.38808353634545,100.0,0,20,0,8,7,0,4636788962299849057,13,16,332.099982802,637.3540759220001
1,0,10,856691,true,false,false,122.54999999999433,65.65156652719347,0.0,0,10,0,2,0,0,5545216811705116993,2,2,332.099982802,637.3540759220001
1,0,11,864610,false,false,false,233.36666666674452,0.0,98.36053945754486,0,12,0,0,4,0,-3652577204858793962,5,6,332.099982802,637.3540759220001
1,0,12,872529,false,false,false,418.2333333332816,0.0,25.594273318326543,0,18,2,6,1,0,8144125820662373282,9,11,332.099982802,637.3540759220001
1,0,13,880448,true,false,false,277.00000000007674,44.64082921232877,0.0,0,17,0,3,1,0,4893629404578548842,6,7,332.099982802,637.3540759220001
1,0,14,888367,false,false,false,280.8000000000733,0.0,89.09452080872211,0,14,1,3,4,0,-5136541881775709770,6,7,332.099982802,637.3540759220001
1,0,15,896286,false,false,false,223.61666666673676,0.0,68.81003389202051,0,14,0,1,3,0,1419609280446756903,4,4,332.099982802,637.3540759220001
1,0,16,904205,false,false,false,370.61666666665826,0.0,100.0,0,17,0,2,5,0,-6275218393365010778,8,10,332.099982802,637.3540759220001
1,0,17,912124,false,true,false,600.0166666664496,63.84876599612165,31.743549375544898,0,20,0,8,3,0,-7878669580527950077,13,16,332.099982802,637.3540759220001
1,0,18,920043,false,false,false,77.81666666666354,0.0,65.13573749836644,0,11,2,0,1,0,-5985328879064166341,1,1,332.099982802,637.3540759220001
1,0,19,927962,false,false,false,128.79999999999464,0.0,51.376211822208006,0,12,0,0,2,0,4676035093279751108,2,2,332.099982802,637.3540759220001
1,0,20,935881,false,false,false,390.21666666664044,0.0,100.0,0,12,0,1,5,0,8868505906052332473,9,11,332.099982802,637.3540759220001
1,0,21,943800,false,false,false,247.45000000008906,0.0,72.69849148083448,0,16,1,0,3,0,6917965835273722751,5,6,332.099982802,637.3540759220001
1,0,22,951719,true,false,false,125.39999999999417,71.25878731899427,0.0,0,12,0,2,0,0,-6490020969005631266,2,2,332.099982802,637.3540759220001
1,0,23,959638,false,false,false,283.1666666667378,0.0,65.94940835477225,0,13,1,4,2,0,3304330441588912426,6,7,332.099982802,637.3540759220001
1,0,24,967557,false,true,false,600.0166666664496,73.38525020888417,68.82797956010633,0,22,0,8,5,0,-866292531483937718,13,15,332.099982802,637.3540759220001
1,0,25,975476,false,false,false,321.2166666667032,0.0,87.623784484779,0,18,0,4,4,0,151151725075248427,7,8,332.099982802,637.3540759220001
1,0,26,983395,true,false,false,178.20000000003395,52.11142204970799,0.0,0,13,0,2,1,0,-2911301934286048519,3,3,332.099982802,637.3540759220001
1,0,27,991314,false,true,false,600.0166666664496,0.7749546017169493,42.44818771445971,0,24,1,7,5,0,-2238292019469601689,13,16,332.099982802,637.3540759220001
1,0,28,999233,false,true,false,600.0166666664496,100.0,39.52996219713133,0,23,2,10,4,0,-4230500861775982791,13,16,332.099982802,637.3540759220001
1,0,29,1007152,false,false,false,64.01666666666432,0.0,60.1571423284296,0,10,1,1,0,0,-245999278944516852,1,1,332.099982802,637.3540759220001
1,0,30,1015071,false,false,false,356.4166666666712,0.0,99.66248821969197,0,16,1,2,4,0,-7011901964061335726,7,8,332.099982802,637.3540759220001
1,0,31,1022990,true,false,false,114.79999999999477,55.98631840862952,0.0,0,10,0,0,1,0,-2311664552964341012,2,2,332.099982802,637.3540759220001
1,0,32,1030909,false,false,false,510.81666666653075,0.0,30.683107746208684,0,18,1,7,1,0,-5615781260192822683,11,14,332.099982802,637.3540759220001
1,0,33,1038828,true,false,false,317.80000000003963,53.747594489679784,0.0,0,17,0,5,1,0,6396090566784473893,6,7,332.099982802,637.3540759220001
1,0,34,1046747,false,false,false,122.81666666666098,0.0,49.91680134024701,0,12,1,0,2,0,-3969621568841907970,2,2,332.099982802,637.3540759220001
1,0,35,1054666,false,false,false,301.81666666672083,0.0,65.4169959606916,0,15,1,1,4,0,8718965681805715005,6,7,332.099982802,637.3540759220001
1,0,36,1062585,false,false,false,108.4166666666618,0.0,21.20058175142518,0,11,1,0,0,0,-2554882696586234759,2,2,332.099982802,637.3540759220001
1,0,37,1070504,false,false,false,260.4166666667585,0.0,80.01228171023297,0,13,0,4,1,0,-890430963464123499,5,6,332.099982802,637.3540759220001
1,0,38,1078423,false,true,false,600.0166666664496,60.06213211853096,16.95442370872442,0,26,0,8,1,0,-2781367911375419946,13,16,332.099982802,637.3540759220001
1,0,39,1086342,false,false,false,436.4166666665984,0.0,46.90939920035052,0,18,0,4,5,0,-5248222966401693104,9,10,332.099982802,637.3540759220001
1,0,40,1094261,true,false,false,134.99999999999957,94.14931285196202,0.0,0,12,0,3,0,0,3123166759408044526,2,2,332.099982802,637.3540759220001
1,0,41,1102180,false,false,false,240.58333333341693,0.0,100.0,0,10,0,1,3,0,1912328975896784409,5,6,332.099982802,637.3540759220001
1,0,42,1110099,false,false,false,304.21666666671865,0.0,30.2210625391335,0,16,0,3,2,0,6391860260550226521,6,7,332.099982802,637.3540759220001
1,0,43,1118018,false,true,false,600.0166666664496,98.69747584214943,38.050015058499625,0,25,1,10,2,0,1559741441824350331,13,17,332.099982802,637.3540759220001
1,0,44,1125937,false,true,false,600.0166666664496,53.12177692742804,99.33104118976144,0,16,0,6,8,0,6800062935760132476,14,17,332.099982802,637.3540759220001
1,0,45,1133856,true,false,false,164.60000000002313,15.778045718219541,0.0,0,12,0,1,1,0,2110579862807327773,3,3,332.099982802,637.3540759220001
1,0,46,1141775,false,false,false,176.7500000000328,0.0,88.60547558215991,0,8,1,0,1,0,4390032709894149359,4,5,332.099982802,637.3540759220001
1,0,47,1149694,false,false,false,364.01666666666426,0.0,3.610959588410057,0,17,1,5,2,0,-6612910747393221194,7,8,332.099982802,637.3540759220001
1,0,48,1157613,false,true,false,600.0166666664496,60.44148651881312,36.264749168702835,0,25,1,7,4,0,1912313901232147369,13,16,332.099982802,637.3540759220001
1,0,49,1165532,false,false,false,224.21666666673724,0.0,42.168041380344874,0,14,0,1,3,0,-4559925987938443129,4,4,332.099982802,637.3540759220001
1,0,50,1173451,false,false,false,153.90000000001461,0.0,0.24835648677367567,0,12,1,0,2,0,-7016582851288171068,2,2,332.099982802,637.3540759220001
1,0,51,1181370,false,false,false,241.41666666675093,0.0,83.4587984953834,0,14,0,1,3,0,-814257795252214614,5,6,332.099982802,637.3540759220001
1,0,52,1189289,false,false,false,215.41666666673024,0.0,100.0,0,15,0,1,2,0,7993234534400284177,4,5,332.099982802,637.3540759220001
1,0,53,1197208,false,false,false,372.61666666665644,0.0,29.546625144036625,0,18,0,4,3,0,-9204548008995547111,8,9,332.099982802,637.3540759220001
1,0,54,1205127,false,false,false,251.01666666675857,0.0,59.187080149167606,0,14,0,1,3,0,5844467994801960601,5,5,332.099982802,637.3540759220001
1,0,55,1213046,false,false,false,226.8166666667393,0.0,98.75836947255529,0,13,1,1,3,0,8339356872929396620,5,6,332.099982802,637.3540759220001
1,0,56,1220965,false,false,false,248.21666666675634,0.0,100.0,0,12,0,1,3,0,7179328803986908250,5,6,332.099982802,637.3540759220001
1,0,57,1228884,false,false,false,286.61666666673466,0.0,78.71497748940774,0,12,0,2,2,0,817915546295273547,6,7,332.099982802,637.3540759220001
1,0,58,1236803,false,false,false,253.41666666676048,0.0,69.0425856218699,0,16,0,3,3,0,7140072450739894440,5,6,332.099982802,637.3540759220001
1,0,59,1244722,true,false,false,117.39999999999462,9.563106408982836,0.0,0,10,0,1,1,0,9136475435966168388,2,2,332.099982802,637.3540759220001
1,0,60,1252641,false,false,false,311.0833333333791,0.0,74.34255293488891,0,18,0,2,5,0,5246215901487575831,7,8,332.099982802,637.3540759220001
1,0,61,1260560,false,false,false,186.81666666670748,0.0,99.04316950504159,0,10,0,0,2,0,4156584591593658206,4,5,332.099982802,637.3540759220001
1,0,62,1268479,false,false,false,133.41666666666498,0.0,58.12156727134404,0,11,1,0,2,0,-8444728493246283875,2,2,332.099982802,637.3540759220001
1,0,63,1276398,false,false,false,229.70000000007494,0.0,67.35276111788123,0,14,0,0,4,0,6179357454397373806,4,4,332.099982802,637.3540759220001
1,0,64,1284317,false,true,false,600.0166666664496,62.49771123608279,93.26294482381564,0,18,2,7,6,0,-3440958252251752071,13,16,332.099982802,637.3540759220001
1,0,65,1292236,false,false,false,327.61666666669737,0.0,95.806803543038,0,18,0,2,6,0,7156676031715393336,7,8,332.099982802,637.3540759220001
1,0,66,1300155,false,false,false,230.01666666674186,0.0,100.0,0,12,1,0,4,0,7890990318196016590,5,6,332.099982802,637.3540759220001
1,0,67,1308074,false,false,false,163.01666666668854,0.0,84.23804486387446,0,12,0,0,2,0,-3475479731281533860,3,3,332.099982802,637.3540759220001
1,0,68,1315993,true,false,false,157.4000000000174,41.6136070304708,0.0,0,12,0,2,0,0,-3012346666068670742,3,3,332.099982802,637.3540759220001
1,0,69,1323912,false,true,false,600.0166666664496,43.27756044588145,12.582171571355868,0,22,1,7,7,0,-5755793577164563141,13,15,332.099982802,637.3540759220001
1,0,70,1331831,false,false,false,279.81666666674084,0.0,99.07862686535447,0,11,0,0,5,0,3224195519793052267,6,7,332.099982802,637.3540759220001
1,0,71,1339750,false,false,false,244.1833333334198,0.0,91.85665356620108,0,12,0,0,4,0,2890040777922452106,5,6,332.099982802,637.3540759220001
1,0,72,1347669,false,false,false,351.7000000000088,0.0,81.50333689405204,0,15,0,6,2,0,8340779303178877088,7,9,332.099982802,637.3540759220001
1,0,73,1355588,true,false,false,222.80000000006945,16.738004125965237,0.0,0,13,0,3,0,0,2727213962202936690,4,4,332.099982802,637.3540759220001
1,0,74,1363507,false,true,false,600.0166666664496,99.6475937879032,100.0,0,20,2,10,5,0,7434784374702501272,13,16,332.099982802,637.3540759220001
1,0,75,1371426,true,false,false,178.93333333336787,11.890369624545958,0.0,0,13,0,2,0,0,-1910927439933226254,3,3,332.099982802,637.3540759220001
1,0,76,1379345,false,false,false,367.76666666666085,0.0,98.68888370961638,0,16,0,0,4,0,-8154824230882011706,8,10,332.099982802,637.3540759220001
1,0,77,1387264,false,false,false,146.016666666675,0.0,35.117920216977026,0,12,0,2,1,0,3296334171850726945,2,2,332.099982802,637.3540759220001
1,0,78,1395183,false,false,false,165.2166666666903,0.0,18.991670943412366,0,12,0,2,1,0,-4426579800367916238,3,3,332.099982802,637.3540759220001
1,0,79,1403102,false,true,false,600.0166666664496,63.28834155345026,88.76323033730809,0,22,0,8,8,0,-8504663334891577370,13,15,332.099982802,637.3540759220001
1,0,80,1411021,false,false,false,283.8166666667372,0.0,33.80218954049778,0,14,0,2,3,0,-3797510073166158484,5,5,332.099982802,637.3540759220001
1,0,81,1418940,false,false,false,218.0166666667323,0.0,67.06467083331384,0,9,0,1,1,0,2310074146222501757,5,6,332.099982802,637.3540759220001
1,0,82,1426859,true,false,false,319.20000000003836,28.88706452295887,0.0,0,16,0,4,3,0,649322602271592147,6,7,332.099982802,637.3540759220001
1,0,83,1434778,false,false,false,129.8333333333288,0.0,13.90547018337106,0,12,0,1,1,0,-8377065990614818274,2,2,332.099982802,637.3540759220001
1,0,84,1442697,true,false,false,433.79999999993413,45.76658267676117,0.0,0,19,1,6,4,0,6113364391033272981,9,10,332.099982802,637.3540759220001
1,0,85,1450616,false,false,false,263.8166666667554,0.0,71.20607158934035,0,17,0,0,4,0,-8946899237223640773,6,7,332.099982802,637.3540759220001
1,0,86,1458535,true,false,false,143.80000000000658,62.471537017938374,0.0,0,11,0,2,1,0,-264189012780088413,2,2,332.099982802,637.3540759220001
1,0,87,1466454,false,false,false,126.81666666666075,0.0,70.78667594356074,0,9,2,1,1,0,-6656664937099506090,2,2,332.099982802,637.3540759220001
1,0,88,1474373,false,true,false,600.0166666664496,26.92117508716983,55.52800198859801,0,29,0,8,4,0,-6830205762258550099,13,16,332.099982802,637.3540759220001
1,0,89,1482292,false,false,false,431.21666666660315,0.0,0.23980265739718765,0,18,1,5,3,0,-3577659793642787595,9,10,332.099982802,637.3540759220001
1,0,90,1490211,false,false,false,386.8166666666435,0.0,73.11506425090784,0,17,0,1,3,0,6254002128450936508,9,11,332.099982802,637.3540759220001
1,0,91,1498130,false,false,false,99.71666666666229,0.0,57.06724719972156,0,10,1,1,1,0,5458626555716766586,2,2,332.099982802,637.3540759220001
1,0,92,1506049,false,true,false,600.0166666664496,52.83866391147657,29.02820677227428,0,20,1,11,2,0,3789521627387730483,13,15,332.099982802,637.3540759220001
1,0,93,1513968,false,false,false,182.41666666670397,0.0,78.4577811837755,0,13,1,1,3,0,-3398827824136130409,3,3,332.099982802,637.3540759220001
1,0,94,1521887,false,true,false,600.0166666664496,28.03265518422508,63.63799971194897,0,18,0,6,4,0,-3213684375289688416,14,17,332.099982802,637.3540759220001
1,0,95,1529806,false,false,false,315.8166666667081,0.0,74.30944327695471,0,17,0,1,4,0,5225219284130773676,7,8,332.099982802,637.3540759220001
1,0,96,1537725,false,false,false,133.61666666666514,0.0,31.083842836881292,0,11,0,0,2,0,-1766209077757493720,2,2,332.099982802,637.3540759220001
1,0,97,1545644,true,false,false,577.1999999998037,23.553143989287946,0.0,0,21,2,7,2,0,9131792248656812151,12,15,332.099982802,637.3540759220001
1,0,98,1553563,false,false,false,542.0166666665024,0.0,33.93154373373609,0,25,0,9,3,0,-1158270150652273635,12,14,332.099982802,637.3540759220001
1,0,99,1561482,false,true,false,600.0166666664496,82.2632237674073,93.44246217555383,0,19,2,9,5,0,8002567924206000720,14,17,332.099982802,637.3540759220001
1,0,100,1569401,false,false,false,278.4833333334087,0.0,76.30776384108681,0,14,0,1,3,0,-335113808539588092,6,7,332.099982802,637.3540759220001
1,0,101,1577320,false,false,false,136.2166666666672,0.0,5.179808438209542,0,11,0,0,1,0,-6241566852608088559,2,2,332.099982802,637.3540759220001
1,0,102,1585239,true,false,false,150.40000000001183,34.60400759907319,0.0,0,12,0,3,0,0,5568002738059238727,2,2,332.099982802,637.3540759220001
1,0,103,1593158,false,true,false,600.0166666664496,100.0,33.13274060695454,0,19,1,11,1,0,-8778225956585853934,13,17,332.099982802,637.3540759220001
1,0,104,1601077,false,false,false,329.0166666666961,0.0,45.17404846138929,0,13,0,2,3,0,2553594747614960244,7,8,332.099982802,637.3540759220001
1,0,105,1608996,false,false,false,302.6166666667201,0.0,74.40746290898254,0,18,0,2,4,0,-1441452626060150865,6,7,332.099982802,637.3540759220001
1,0,106,1616915,false,false,false,294.6166666667274,0.0,44.64511471204757,0,16,1,0,6,0,4020928932582995317,6,7,332.099982802,637.3540759220001
1,0,107,1624834,false,false,false,294.5333333333941,0.0,23.113692923108317,0,16,1,3,3,0,2403796943726262528,6,7,332.099982802,637.3540759220001
1,0,108,1632753,true,false,false,392.5999999999716,73.7989389518635,0.0,0,19,1,7,0,0,1361440527834294481,8,10,332.099982802,637.3540759220001
1,0,109,1640672,false,true,false,600.0166666664496,45.156265764173824,46.62771298654914,0,19,0,8,7,0,7077812593992674752,13,15,332.099982802,637.3540759220001
1,0,110,1648591,false,false,false,209.61666666672562,0.0,31.66875899284829,0,13,1,1,3,0,5311686482226630494,4,4,332.099982802,637.3540759220001
1,0,111,1656510,false,false,false,340.81666666668536,0.0,100.0,0,14,0,2,6,0,-17574810119013927,7,8,332.099982802,637.3540759220001
1,0,112,1664429,false,false,false,259.4166666667594,0.0,36.79642727055812,0,14,0,1,3,0,4816843978856539723,5,5,332.099982802,637.3540759220001
1,0,113,1672348,false,true,false,600.0166666664496,80.01160381388758,76.0019363555392,0,24,1,8,5,0,-5555841173205757039,13,16,332.099982802,637.3540759220001
1,0,114,1680267,false,true,false,600.0166666664496,56.56476077142889,100.0,0,18,0,7,7,0,36325409932346439,13,16,332.099982802,637.3540759220001
1,0,115,1688186,true,false,false,203.80000000005433,43.053089499731485,0.0,0,13,0,2,2,0,-3818539944774967392,4,4,332.099982802,637.3540759220001
1,0,116,1696105,false,false,false,124.81666666666086,0.0,38.069665293832834,0,10,1,1,0,0,-8620208371394692910,2,2,332.099982802,637.3540759220001
1,0,117,1704024,true,false,false,427.9999999999394,71.86809188573066,0.0,0,20,1,7,1,0,-3173822294129054876,9,11,332.099982802,637.3540759220001
1,0,118,1711943,false,false,false,232.81666666674408,0.0,60.056557968456644,0,13,0,4,1,0,-6385133878200901039,5,6,332.099982802,637.3540759220001
1,0,119,1719862,false,false,false,171.21666666669506,0.0,24.815920004856665,0,13,0,2,1,0,5174480621610692157,3,3,332.099982802,637.3540759220001
1,0,120,1727781,false,false,false,371.2166666666577,0.0,100.0,0,9,0,0,4,0,-6976610789472612769,8,10,332.099982802,637.3540759220001
1,0,121,1735700,false,false,false,228.9000000000743,0.0,85.5573345467141,0,12,0,1,2,0,-8089374587739534272,5,6,332.099982802,637.3540759220001
1,0,122,1743619,true,false,false,263.80000000008874,62.391205228599866,0.0,0,16,0,3,0,0,-469175102711560648,5,6,332.099982802,637.3540759220001
1,0,123,1751538,false,false,false,299.4833333333896,0.0,51.92693101769408,0,18,0,4,2,0,9118076750013971592,6,7,332.099982802,637.3540759220001
1,0,124,1759457,false,false,false,317.21666666670683,0.0,23.453963184151757,0,15,0,3,4,0,-1300299813477953755,7,8,332.099982802,637.3540759220001
1,0,125,1767376,true,false,false,214.60000000006292,28.01480973335873,0.0,0,12,0,1,2,0,609222568997407065,4,4,332.099982802,637.3540759220001
1,0,126,1775295,false,false,false,86.61666666666304,0.0,57.36544444570717,0,7,0,0,1,0,1973239204700191510,1,1,332.099982802,637.3540759220001
1,0,127,1783214,false,false,false,213.41666666672864,0.0,31.831448913168174,0,13,0,3,1,0,-5496014485850424218,4,4,332.099982802,637.3540759220001
1,1,0,777501,false,false,false,249.0000000000903,0.0,81.38712240782608,0,12,0,2,1,0,-283454446607197712,5,6,332.099982802,637.3540759220001
1,1,1,785420,true,false,false,273.21666666674685,25.01802885785887,0.0,0,17,0,4,0,0,8616595524784821755,6,7,332.099982802,637.3540759220001
1,1,2,793339,false,false,false,119.13333333332785,0.0,46.2312604825785,0,11,0,1,1,0,3950977404173611867,2,2,332.099982802,637.3540759220001
1,1,3,801258,false,false,false,214.60000000006292,0.0,92.68425590503293,0,14,0,0,2,0,-5078091296268882801,5,6,332.099982802,637.3540759220001
1,1,4,809177,false,false,false,252.6500000000932,0.0,95.92727279064985,0,14,0,1,3,0,-3738719526631716731,5,6,332.099982802,637.3540759220001
1,1,5,817096,true,false,false,411.8166666666208,50.901787058253596,0.0,0,21,1,7,0,0,-3580837519042136693,9,11,332.099982802,637.3540759220001
1,1,6,825015,true,false,false,376.14999999998656,98.97467065860049,0.0,0,19,1,6,2,0,5235557204766968008,8,9,332.099982802,637.3540759220001
1,1,7,832934,false,false,false,319.600000000038,0.0,99.22907997528444,0,12,1,1,4,0,-5674086665673511748,7,8,332.099982802,637.3540759220001
1,1,8,840853,true,false,false,103.31666666666209,92.63685626682957,0.0,0,8,0,2,0,0,-3421570546812742041,1,1,332.099982802,637.3540759220001
1,1,9,848772,false,false,false,185.80000000004,0.0,45.40654048291514,0,12,0,2,1,0,-4648309207262197114,3,3,332.099982802,637.3540759220001
1,1,10,856691,false,true,false,600.0166666664496,44.05723316728637,92.82182519854376,0,22,0,9,3,0,4836547774363590882,13,17,332.099982802,637.3540759220001
1,1,11,864610,false,false,false,496.99999999987665,0.0,65.3526736809655,0,25,1,7,3,0,7887488288529313643,11,13,332.099982802,637.3540759220001
1,1,12,872529,false,false,false,363.39999999999816,0.0,89.6509419630882,0,14,0,2,5,0,2978195695271025193,7,8,332.099982802,637.3540759220001
1,1,13,880448,false,false,false,433.79999999993413,0.0,100.0,0,16,0,2,5,0,3596162241039298033,9,11,332.099982802,637.3540759220001
1,1,14,888367,true,false,false,150.21666666667835,69.06737775373709,0.0,0,11,0,3,0,0,-3122076247319057612,2,2,332.099982802,637.3540759220001
1,1,15,896286,false,false,false,469.19999999990193,0.0,37.051157336706474,0,20,1,6,4,0,-3178732399320388308,10,11,332.099982802,637.3540759220001
1,1,16,904205,false,false,false,77.3999999999969,0.0,64.22604212124611,0,9,1,0,1,0,2277507203022074108,1,1,332.099982802,637.3540759220001
1,1,17,912124,false,false,false,279.20000000007474,0.0,54.513206182304614,0,12,0,1,3,0,-4154925599626185887,6,7,332.099982802,637.3540759220001
1,1,18,920043,false,false,false,260.0000000000922,0.0,43.05499399222866,0,16,1,0,4,0,7437560120380685602,5,6,332.099982802,637.3540759220001
1,1,19,927962,false,false,false,381.99999999998124,0.0,98.75879815048334,0,13,1,4,5,0,3133397555683416908,8,10,332.099982802,637.3540759220001
1,1,20,935881,false,false,false,277.20000000007656,0.0,58.03363783301126,0,15,1,2,1,0,-4972537920333706851,6,7,332.099982802,637.3540759220001
1,1,21,943800,false,true,false,600.0166666664496,100.0,12.547363557196991,0,21,1,9,1,0,-9168384256621554707,13,16,332.099982802,637.3540759220001
1,1,22,951719,false,false,false,133.78333333333194,0.0,56.33690976056911,0,12,0,0,3,0,2440628868395255291,2,2,332.099982802,637.3540759220001
1,1,23,959638,false,false,false,265.00000000008765,0.0,77.3074684659891,0,14,0,1,1,0,5539626099408805510,6,7,332.099982802,637.3540759220001
1,1,24,967557,false,false,false,280.60000000007346,0.0,60.19138408983918,0,15,1,4,2,0,9220610791761304064,6,7,332.099982802,637.3540759220001
1,1,25,975476,false,true,false,600.0166666664496,49.93536972415158,74.45980268460735,0,25,0,9,6,0,-360841929427403719,13,16,332.099982802,637.3540759220001
1,1,26,983395,false,false,false,128.59999999999448,0.0,60.49600758818199,0,12,0,0,1,0,4110369185169285605,2,2,332.099982802,637.3540759220001
1,1,27,991314,false,false,false,387.9999999999758,0.0,100.0,0,10,0,1,3,0,9152969173061201042,9,11,332.099982802,637.3540759220001
1,1,28,999233,false,false,false,298.78333333339026,0.0,70.05150277501292,0,15,1,0,4,0,5199855596256054151,6,7,332.099982802,637.3540759220001
1,1,29,1007152,false,false,false,549.2833333331624,0.0,69.20235152800416,0,21,2,7,5,0,8129657414170002003,12,15,332.099982802,637.3540759220001
1,1,30,1015071,false,false,false,589.4166666664593,0.0,2.712011941625316,0,23,1,8,3,0,-2586408484680694083,12,14,332.099982802,637.3540759220001
1,1,31,1022990,false,false,false,157.03333333335044,0.0,59.568217713992745,0,12,1,0,3,0,-5590387835401837576,3,3,332.099982802,637.3540759220001
1,1,32,1030909,false,false,false,262.40000000009,0.0,99.20290144909795,0,13,2,1,3,0,-6094339586091563001,6,7,332.099982802,637.3540759220001
1,1,33,1038828,true,false,false,177.61666666670016,31.51121990712873,0.0,0,13,0,2,1,0,3566191561719824917,3,3,332.099982802,637.3540759220001
1,1,34,1046747,false,false,false,201.60000000005257,0.0,81.1884165931298,0,12,0,1,2,0,-7034080537499036146,4,5,332.099982802,637.3540759220001
1,1,35,1054666,false,false,false,113.39999999999485,0.0,51.909813784884484,0,11,1,1,1,0,8816868864753912260,2,2,332.099982802,637.3540759220001
1,1,36,1062585,false,true,false,600.0166666664496,85.55474815564267,17.72411790836327,0,23,2,9,3,0,-828624622616756967,13,16,332.099982802,637.3540759220001
1,1,37,1070504,false,false,false,388.9999999999749,0.0,95.2224795526157,0,16,1,2,5,0,6981123542790357712,8,9,332.099982802,637.3540759220001
1,1,38,1078423,false,false,false,250.4000000000914,0.0,34.24292923612035,0,15,0,0,3,0,8821079915656853945,5,6,332.099982802,637.3540759220001
1,1,39,1086342,false,false,false,254.00000000009427,0.0,74.5730095564266,0,14,1,3,2,0,6618923388615365494,5,6,332.099982802,637.3540759220001
1,1,40,1094261,false,false,false,593.5999999997888,0.0,19.47128622056463,0,27,0,9,1,0,6621320864041700424,13,16,332.099982802,637.3540759220001
1,1,41,1102180,true,false,false,286.216666666735,6.210327194293604,0.0,0,17,1,3,1,0,-3354552712902147825,6,7,332.099982802,637.3540759220001
1,1,42,1110099,true,false,false,88.61666666666292,70.01001531817862,0.0,0,11,0,1,0,0,6881774518408390859,1,1,332.099982802,637.3540759220001
1,1,43,1118018,false,false,false,224.0000000000704,0.0,67.76729645216619,0,14,1,1,2,0,-2529109082233919070,5,6,332.099982802,637.3540759220001
1,1,44,1125937,false,false,false,191.60000000004462,0.0,91.90981342884827,0,8,1,2,1,0,-3148149932114115843,4,5,332.099982802,637.3540759220001
1,1,45,1133856,true,false,false,196.21666666671496,55.45193494720635,0.0,0,13,0,3,1,0,4007648539111842129,3,3,332.099982802,637.3540759220001
1,1,46,1141775,true,false,false,160.81666666668679,71.09710059302212,0.0,0,12,0,3,0,0,-1440439713017053402,3,3,332.099982802,637.3540759220001
1,1,47,1149694,false,false,false,97.59999999999575,0.0,34.06875518502784,0,11,0,0,0,0,5706150521865464928,1,1,332.099982802,637.3540759220001
1,1,48,1157613,false,false,false,63.583333333331005,0.0,24.966316923984923,0,10,0,0,0,0,-4884439733662049992,1,1,332.099982802,637.3540759220001
1,1,49,1165532,false,false,false,262.0000000000904,0.0,86.86609536990272,0,16,0,4,3,0,2566900948967243076,5,6,332.099982802,637.3540759220001
1,1,50,1173451,false,false,false,290.8000000000642,0.0,55.75059532728234,0,18,0,1,2,0,-5188428066176078515,6,7,332.099982802,637.3540759220001
1,1,51,1181370,true,false,false,343.416666666683,25.00384449311592,0.0,0,19,0,5,2,0,4503908407573753973,7,8,332.099982802,637.3540759220001
1,1,52,1189289,false,false,false,154.8333333333487,0.0,14.972051553961458,0,12,0,1,1,0,5934937518690813853,3,3,332.099982802,637.3540759220001
1,1,53,1197208,false,false,false,75.79999999999698,0.0,19.339705062805923,0,11,0,0,0,0,-3778283202997506487,1,1,332.099982802,637.3540759220001
1,1,54,1205127,false,false,false,101.7999999999955,0.0,67.43366562467351,0,11,0,0,1,0,3800459218049232303,2,2,332.099982802,637.3540759220001
1,1,55,1213046,false,false,false,263.6000000000889,0.0,55.48840885129827,0,14,0,2,1,0,645901018690275567,5,6,332.099982802,637.3540759220001
1,1,56,1220965,false,false,false,246.40000000008823,0.0,32.105017575211335,0,14,0,2,3,0,-6954357455308039761,5,5,332.099982802,637.3540759220001
1,1,57,1228884,false,false,false,215.2000000000634,0.0,99.22234509759112,0,10,0,0,2,0,-4356652010019421637,5,6,332.099982802,637.3540759220001
1,1,58,1236803,false,false,false,212.00000000006085,0.0,99.74731618432317,0,12,0,0,2,0,-4229361452783448907,4,5,332.099982802,637.3540759220001
1,1,59,1244722,false,false,false,310.0000000000467,0.0,65.35125900013645,0,16,0,3,3,0,-2727319633052149338,6,7,332.099982802,637.3540759220001
1,1,60,1252641,false,false,false,195.20000000004748,0.0,70.00072398406567,0,13,0,1,3,0,3708388777877680501,3,3,332.099982802,637.3540759220001
1,1,61,1260560,false,true,false,600.0166666664496,3.7321828057564304,37.74472150008511,0,28,0,10,3,0,6695321651363808129,13,15,332.099982802,637.3540759220001
1,1,62,1268479,false,false,false,147.40000000000944,0.0,89.26632978180913,0,12,0,1,2,0,5425084279326997460,2,2,332.099982802,637.3540759220001
1,1,63,1276398,true,false,false,200.61666666671846,39.33684030557582,0.0,0,13,0,2,2,0,-415385875496373176,3,3,332.099982802,637.3540759220001
1,1,64,1284317,false,false,false,97.19999999999577,0.0,60.1774546884842,0,11,1,1,0,0,-8592431235141202097,1,1,332.099982802,637.3540759220001
1,1,65,1292236,false,false,false,326.63333333336493,0.0,0.8172240892993415,0,18,3,6,1,0,6811759147210468166,7,8,332.099982802,637.3540759220001
1,1,66,1300155,true,false,false,560.9499999998185,53.29526113727524,0.0,0,27,0,10,0,0,-4061278779334092273,13,16,332.099982802,637.3540759220001
1,1,67,1308074,false,false,false,283.2000000000711,0.0,81.33310174890971,0,13,0,0,2,0,-4417727764981963526,6,7,332.099982802,637.3540759220001
1,1,68,1315993,false,false,false,539.1999999998383,0.0,100.0,0,10,1,0,5,0,7507659185791491659,12,15,332.099982802,637.3540759220001
1,1,69,1323912,false,false,false,206.4000000000564,0.0,69.36086832958789,0,11,0,1,2,0,27325370418575903,4,5,332.099982802,637.3540759220001
1,1,70,1331831,false,false,false,320.40000000003727,0.0,44.654904567502754,0,15,1,3,2,0,110930852877584988,7,8,332.099982802,637.3540759220001
1,1,71,1339750,false,false,false,153.80000000001453,0.0,37.327140179061885,0,11,0,3,0,0,-136751317430001206,3,3,332.099982802,637.3540759220001
1,1,72,1347669,false,false,false,262.0000000000904,0.0,83.9330507643947,0,14,0,0,2,0,6054098958259578492,6,7,332.099982802,637.3540759220001
1,1,73,1355588,true,false,false,126.21666666666079,76.1617312871304,0.0,0,11,0,1,1,0,-5913026913355530821,2,2,332.099982802,637.3540759220001
1,1,74,1363507,false,false,false,302.000000000054,0.0,72.8487967687178,0,16,2,4,3,0,-549518375544485957,6,7,332.099982802,637.3540759220001
1,1,75,1371426,false,true,false,600.0166666664496,37.60663317274316,53.61391324786993,0,24,1,10,3,0,-3109178491493274378,13,16,332.099982802,637.3540759220001
1,1,76,1379345,false,false,false,103.5999999999954,0.0,23.122241893347727,0,10,1,0,1,0,-4669868245639651879,2,2,332.099982802,637.3540759220001
1,1,77,1387264,true,false,false,109.81666666666172,61.35821646767771,0.0,0,10,0,1,0,0,410556617930371671,2,2,332.099982802,637.3540759220001
1,1,78,1395183,false,false,false,54.399999999998194,0.0,55.41344027534312,0,10,0,0,0,0,-8748840347797911393,1,1,332.099982802,637.3540759220001
1,1,79,1403102,false,false,false,150.20000000001167,0.0,52.33565188980337,0,11,1,2,1,0,867570196257265788,3,3,332.099982802,637.3540759220001
1,1,80,1411021,false,false,false,177.20000000003316,0.0,27.54652190371771,0,12,1,3,0,0,5334365871473250858,3,3,332.099982802,637.3540759220001
1,1,81,1418940,false,false,false,400.79999999996414,0.0,32.27040435330457,0,21,1,4,1,0,3648387844673343762,9,11,332.099982802,637.3540759220001
1,1,82,1426859,true,false,false,216.81666666673135,30.304062507221595,0.0,0,14,0,2,2,0,-7614232209229102034,4,4,332.099982802,637.3540759220001
1,1,83,1434778,false,false,false,243.00000000008552,0.0,99.88523641295787,0,13,2,0,3,0,-7741779222928337001,5,6,332.099982802,637.3540759220001
1,1,84,1442697,false,false,false,381.48333333331504,0.0,100.0,0,15,1,4,5,0,-4613447454601197641,8,10,332.099982802,637.3540759220001
1,1,85,1450616,false,false,false,286.00000000006855,0.0,36.86626587461696,0,17,1,3,2,0,1412824104350397325,6,7,332.099982802,637.3540759220001
1,1,86,1458535,false,false,false,458.7999999999114,0.0,22.23677165052392,0,22,4,6,4,0,7014390305518306499,10,12,332.099982802,637.3540759220001
1,1,87,1466454,false,false,false,133.79999999999862,0.0,17.264824661644084,0,12,0,0,1,0,3517521128649288248,2,2,332.099982802,637.3540759220001
1,1,88,1474373,false,false,false,109.19999999999509,0.0,42.672059836601726,0,11,0,1,1,0,-4934698599093630291,2,2,332.099982802,637.3540759220001
1,1,89,1482292,false,false,false,405.53333333329317,0.0,26.821013087908767,0,19,0,5,4,0,7467114465349021153,8,9,332.099982802,637.3540759220001
1,1,90,1490211,true,false,false,321.81666666670264,28.194510164768193,0.0,0,14,0,6,1,0,7952815174432912851,7,8,332.099982802,637.3540759220001
1,1,91,1498130,false,true,false,600.0166666664496,100.0,5.81350688597226,0,18,1,9,1,0,9016663896917139319,14,17,332.099982802,637.3540759220001
1,1,92,1506049,true,false,false,274.0166666667461,35.933607287044644,0.0,0,11,0,2,1,0,-341087304597276486,6,7,332.099982802,637.3540759220001
1,1,93,1513968,false,false,false,239.30000000008258,0.0,54.360421863703664,0,16,2,0,3,0,4724116380780282231,5,6,332.099982802,637.3540759220001
1,1,94,1521887,false,false,false,475.5333333332295,0.0,59.29981856722445,0,19,1,5,5,0,-7798514242844490574,10,12,332.099982802,637.3540759220001
1,1,95,1529806,false,false,false,420.3999999999463,0.0,1.424532748523452,0,20,0,7,1,0,-4829762464644913718,9,10,332.099982802,637.3540759220001
1,1,96,1537725,false,false,false,531.799999999845,0.0,50.5478660964246,0,23,2,5,3,0,395692831622687217,12,15,332.099982802,637.3540759220001
1,1,97,1545644,false,false,false,552.3999999998263,0.0,66.26242283233327,0,19,0,2,6,0,859657176102465210,12,14,332.099982802,637.3540759220001
1,1,98,1553563,false,false,false,202.0000000000529,0.0,99.2132957867383,0,10,0,0,2,0,-1588385152456400264,4,5,332.099982802,637.3540759220001
1,1,99,1561482,false,false,false,105.79999999999528,0.0,41.69425797580682,0,11,1,1,1,0,857060854566777193,2,2,332.099982802,637.3540759220001
1,1,100,1569401,false,false,false,229.60000000007486,0.0,44.21953299459596,0,13,0,3,1,0,-5097394316967899665,5,6,332.099982802,637.3540759220001
1,1,101,1577320,true,false,false,595.8333333331201,63.10346392089873,0.0,0,29,1,11,0,0,-1578671450057871928,13,16,332.099982802,637.3540759220001
1,1,102,1585239,false,false,false,215.6166666667304,0.0,48.093512300987044,0,13,0,1,3,0,3428001762530426429,4,4,332.099982802,637.3540759220001
1,1,103,1593158,false,false,false,99.99999999999561,0.0,47.81362230900374,0,10,1,0,1,0,-8838113774806086696,2,2,332.099982802,637.3540759220001
1,1,104,1601077,false,false,false,166.00000000002424,0.0,50.614303317479106,0,12,0,1,2,0,-8721579175048982876,3,3,332.099982802,637.3540759220001
1,1,105,1608996,false,false,false,251.0000000000919,0.0,63.394643709223324,0,11,0,1,2,0,-5664197660302222535,5,6,332.099982802,637.3540759220001
1,1,106,1616915,true,false,false,301.616666666721,29.361835777207254,0.0,0,14,0,3,1,0,8712659363092343462,6,7,332.099982802,637.3540759220001
1,1,107,1624834,false,true,false,600.0166666664496,24.3695939441408,100.0,0,17,0,2,5,0,5414146758476001657,14,17,332.099982802,637.3540759220001
1,1,108,1632753,false,false,false,132.88333333333122,0.0,44.238725570394045,0,12,0,0,2,0,-8289672354843802521,2,2,332.099982802,637.3540759220001
1,1,109,1640672,false,false,false,540.0499999998375,0.0,85.95430872994183,0,20,0,7,5,0,-8200941698181770588,12,15,332.099982802,637.3540759220001
1,1,110,1648591,false,false,false,493.1999999998801,0.0,96.17898472494997,0,23,0,7,5,0,8902936967027223416,11,13,332.099982802,637.3540759220001
1,1,111,1656510,true,false,false,232.01666666674345,46.491290183918316,0.0,0,14,1,3,1,0,1620512660185851578,4,4,332.099982802,637.3540759220001
1,1,112,1664429,false,false,false,182.60000000003745,0.0,41.70757442870638,0,13,0,1,2,0,-5999390708324094388,3,3,332.099982802,637.3540759220001
1,1,113,1672348,false,false,false,244.48333333342003,0.0,100.0,0,10,0,0,3,0,-5541134949464211887,5,6,332.099982802,637.3540759220001
1,1,114,1680267,false,false,false,489.7999999998832,0.0,47.04682750905662,0,19,0,6,3,0,-1997786252423867973,10,12,332.099982802,637.3540759220001
1,1,115,1688186,true,false,false,515.2166666665267,72.87762013349388,0.0,0,24,0,10,1,0,-4372981709067883555,11,13,332.099982802,637.3540759220001
1,1,116,1696105,false,true,false,600.0166666664496,78.11105696291533,41.3634082076504,0,28,1,9,4,0,6184200374802976454,14,17,332.099982802,637.3540759220001
1,1,117,1704024,false,false,false,336.5833333333559,0.0,78.77794675648298,0,15,1,1,6,0,-2117928271771674092,7,8,332.099982802,637.3540759220001
1,1,118,1711943,false,false,false,156.80000000001692,0.0,12.043915146915499,0,12,0,1,2,0,6670597535265900356,3,3,332.099982802,637.3540759220001
1,1,119,1719862,false,false,false,133.3999999999983,0.0,60.12600957553382,0,11,0,0,1,0,4427258259189171969,2,2,332.099982802,637.3540759220001
1,1,120,1727781,false,false,false,545.3999999998326,0.0,31.930191361428015,0,21,1,8,3,0,5473735171553097176,12,14,332.099982802,637.3540759220001
1,1,121,1735700,true,false,false,507.0166666665342,69.60831027583399,0.0,0,25,0,8,2,0,8792222723272751615,11,13,332.099982802,637.3540759220001
1,1,122,1743619,false,false,false,317.40000000004,0.0,100.0,0,13,0,2,4,0,6613865393054485451,7,8,332.099982802,637.3540759220001
1,1,123,1751538,false,false,false,202.0000000000529,0.0,96.134815154117,0,12,0,0,2,0,-8528700763435069610,4,5,332.099982802,637.3540759220001
1,1,124,1759457,false,false,false,286.7333333334012,0.0,87.50806006943279,0,15,0,1,5,0,-9141946454196718291,6,7,332.099982802,637.3540759220001
1,1,125,1767376,false,false,false,255.60000000009555,0.0,84.85670692059283,0,17,0,2,3,0,-7490628815339307872,5,6,332.099982802,637.3540759220001
1,1,126,1775295,false,true,false,600.0166666664496,100.0,4.277351301664549,0,21,1,10,1,0,218581187713859417,13,16,332.099982802,637.3540759220001
1,1,127,1783214,false,false,false,232.20000000007693,0.0,100.0,0,11,1,1,3,0,-739217858398854860,5,6,332.099982802,637.3540759220001
2,0,0,777501,false,false,false,282.01666666673884,0.0,53.973211700199755,0,15,0,0,2,0,-1934294021714424517,6,7,332.099982802,637.3540759220001
2,0,1,785420,false,false,false,158.61666666668503,0.0,31.431570815388675,0,12,0,0,3,0,-6385416519139856070,3,3,332.099982802,637.3540759220001
2,0,2,793339,false,false,false,128.11666666666076,0.0,35.1214650537556,0,12,0,2,0,0,7479491411404777515,2,2,332.099982802,637.3540759220001
2,0,3,801258,true,false,false,184.26666666670545,11.080201296654517,0.0,0,13,1,2,1,0,7657088747256930873,3,3,332.099982802,637.3540759220001
2,0,4,809177,false,false,false,565.8166666664807,0.0,28.711013832461404,0,21,0,8,5,0,6978298436589467178,12,13,332.099982802,637.3540759220001
2,0,5,817096,true,false,false,81.46666666666333,86.48728590362379,0.0,0,8,0,1,0,0,2508480501716244443,1,1,332.099982802,637.3540759220001
2,0,6,825015,false,false,false,114.61666666666144,0.0,52.12676295623588,0,11,0,1,1,0,-4835837087063701579,2,2,332.099982802,637.3540759220001
2,0,7,832934,false,false,false,449.2166666665868,0.0,98.63950576614003,0,18,0,5,4,0,-3297521446713341643,10,12,332.099982802,637.3540759220001
2,0,8,840853,false,false,false,319.7666666667045,0.0,27.300744617584286,0,17,0,3,3,0,1715083835629531859,7,8,332.099982802,637.3540759220001
2,0,9,848772,false,false,false,254.61666666676143,0.0,77.71299124897648,0,10,0,2,1,0,-4224450477316601620,6,7,332.099982802,637.3540759220001
2,0,10,856691,false,false,false,428.6166666666055,0.0,58.85477381023834,0,20,1,3,5,0,2167606543170719399,9,10,332.099982802,637.3540759220001
2,0,11,864610,false,false,false,226.61666666673915,0.0,100.0,0,9,1,0,3,0,-7496580906070791519,5,6,332.099982802,637.3540759220001
2,0,12,872529,false,false,false,253.21666666676032,0.0,71.61419820452079,0,15,2,2,2,0,-4323087306161986983,5,6,332.099982802,637.3540759220001
2,0,13,880448,false,false,false,232.41666666674377,0.0,45.629341446556026,0,14,0,2,3,0,7613894245460524979,4,4,332.099982802,637.3540759220001
2,0,14,888367,false,false,false,321.6166666667028,0.0,88.13137949513609,0,16,0,4,4,0,8316319363005883091,7,8,332.099982802,637.3540759220001
2,0,15,896286,false,false,false,421.21666666661224,0.0,23.057546718795958,0,17,1,2,3,0,5198330510259462246,9,10,332.099982802,637.3540759220001
2,0,16,904205,false,false,false,304.41666666671847,0.0,73.77167380746661,0,17,1,2,4,0,-1159879888115384131,6,7,332.099982802,637.3540759220001
2,0,17,912124,false,false,false,521.4166666665211,0.0,17.19126661037425,0,22,0,8,2,0,1815048979283812999,11,13,332.099982802,637.3540759220001
2,0,18,920043,true,false,false,459.8333333332438,13.649811287416686,0.0,0,21,0,6,2,0,772759924972051884,10,12,332.099982802,637.3540759220001
2,0,19,927962,false,true,false,600.0166666664496,14.353935811259332,100.0,0,19,2,6,6,0,7021882444938201260,14,16,332.099982802,637.3540759220001
2,0,20,935881,false,false,false,466.81666666657077,0.0,80.20911136002609,0,21,1,2,2,0,-6965453788968479343,11,13,332.099982802,637.3540759220001
2,0,21,943800,false,false,false,209.61666666672562,0.0,99.56906816747325,0,10,0,0,1,0,350529323795324624,5,6,332.099982802,637.3540759220001
2,0,22,951719,false,false,false,443.8166666665917,0.0,75.8800558124458,0,16,0,6,2,0,-3972302678003790473,10,12,332.099982802,637.3540759220001
2,0,23,959638,false,true,false,600.0166666664496,26.071536765463875,68.4848490610284,0,22,0,8,3,0,-8072673125138270565,14,17,332.099982802,637.3540759220001
2,0,24,967557,false,true,false,600.0166666664496,12.109370336363218,100.0,0,19,2,5,7,0,-995557282852114163,14,17,332.099982802,637.3540759220001
2,0,25,975476,false,false,false,406.81666666662534,0.0,99.23000119118495,0,16,0,1,7,0,4108355178379888146,9,10,332.099982802,637.3540759220001
2,0,26,983395,false,false,false,239.21666666674918,0.0,84.71704608406681,0,13,1,1,2,0,-1889339619157331674,5,6,332.099982802,637.3540759220001
2,0,27,991314,true,false,false,155.80000000001613,37.488507355669384,0.0,0,11,0,1,0,0,1853625624978738108,3,3,332.099982802,637.3540759220001
2,0,28,999233,false,false,false,192.88333333337897,0.0,25.60173381307014,0,12,0,2,2,0,-3853741497267543261,3,3,332.099982802,637.3540759220001
2,0,29,1007152,false,false,false,497.61666666654276,0.0,60.74118776668886,0,16,1,4,3,0,2446321088208520538,12,14,332.099982802,637.3540759220001
2,0,30,1015071,false,false,false,355.3500000000055,0.0,63.285752198369,0,17,0,4,2,0,8689692233524002303,8,9,332.099982802,637.3540759220001
2,0,31,1022990,false,false,false,291.7833333333966,0.0,75.19491296276627,0,18,2,3,3,0,6610123616611371743,6,7,332.099982802,637.3540759220001
2,0,32,1030909,false,false,false,294.21666666672775,0.0,29.772449355033295,0,14,1,2,2,0,-3218638667773071373,6,7,332.099982802,637.3540759220001
2,0,33,1038828,false,false,false,116.81666666666132,0.0,23.777595068518163,0,11,0,1,1,0,3604925513845790907,2,2,332.099982802,637.3540759220001
2,0,34,1046747,false,false,false,154.816666666682,0.0,94.30679528497109,0,12,1,0,3,0,8155349952866187534,3,3,332.099982802,637.3540759220001
2,0,35,1054666,false,false,false,176.4166666666992,0.0,65.60146387420541,0,13,0,1,2,0,-5154598420465828549,3,3,332.099982802,637.3540759220001
2,0,36,1062585,false,false,false,255.2166666667619,0.0,54.28721622783605,0,11,0,0,2,0,8650748842924293894,6,6,332.099982802,637.3540759220001
2,0,37,1070504,false,false,false,226.01666666673867,0.0,88.30320953722372,0,11,1,3,1,0,-4282071047071897457,5,6,332.099982802,637.3540759220001
2,0,38,1078423,true,false,false,132.19999999999735,43.22100421244568,0.0,0,12,0,1,0,0,-2680312147688983489,2,2,332.099982802,637.3540759220001
2,0,39,1086342,false,true,false,600.0166666664496,44.42679382921649,75.12082678949523,0,20,0,7,5,0,-5086226916803938154,14,16,332.099982802,637.3540759220001
2,0,40,1094261,true,false,false,154.5000000000151,64.38729650624298,0.0,0,12,0,3,0,0,4341875124837037572,3,3,332.099982802,637.3540759220001
2,0,41,1102180,true,false,false,105.96666666666194,82.37108269245238,0.0,0,8,0,1,1,0,2981771123923018609,2,2,332.099982802,637.3540759220001
2,0,42,1110099,false,true,false,600.0166666664496,100.0,85.45277342068326,0,17,0,10,3,0,-7476661909213987122,13,16,332.099982802,637.3540759220001
2,0,43,1118018,false,false,false,213.41666666672864,0.0,73.51648475043866,0,12,1,2,1,0,-9128467808397652011,5,6,332.099982802,637.3540759220001
2,0,44,1125937,false,true,false,600.0166666664496,34.26878472879147,100.0,0,15,1,5,8,0,-1535413399894873627,14,17,332.099982802,637.3540759220001
2,0,45,1133856,false,false,false,477.9333333332273,0.0,60.48567696835072,0,15,1,1,3,0,-8623266601150607313,11,13,332.099982802,637.3540759220001
2,0,46,1141775,false,false,false,231.01666666674265,0.0,63.92085889099498,0,14,0,1,2,0,-7795627503687448484,5,6,332.099982802,637.3540759220001
2,0,47,1149694,false,true,false,600.0166666664496,78.56480070334867,27.84189308334963,0,19,1,11,0,0,1115356550392736856,13,16,332.099982802,637.3540759220001
2,0,48,1157613,true,false,false,123.46666666666094,51.56412477309615,0.0,0,12,1,2,0,0,9154452078103834264,2,2,332.099982802,637.3540759220001
2,0,49,1165532,false,false,false,122.01666666666102,0.0,34.33465391199926,0,12,1,1,1,0,3886980159171795583,2,2,332.099982802,637.3540759220001
2,0,50,1173451,false,false,false,595.216666666454,0.0,63.88173783937467,0,26,2,5,7,0,-6799619570467918863,13,15,332.099982802,637.3540759220001
2,0,51,1181370,false,false,false,116.99999999999464,0.0,26.289218895495555,0,11,0,1,1,0,-7880550137966646349,2,2,332.099982802,637.3540759220001
2,0,52,1189289,false,false,false,415.2166666666177,0.0,65.06445491784018,0,15,1,5,1,0,-4895435200633535603,9,11,332.099982802,637.3540759220001
2,0,53,1197208,true,false,false,361.06666666666695,14.348514181447497,0.0,0,18,0,7,0,0,2111393644170755545,8,9,332.099982802,637.3540759220001
2,0,54,1205127,false,false,false,557.2166666664885,0.0,64.79512935181998,0,19,1,6,5,0,165659917523569357,13,15,332.099982802,637.3540759220001
2,0,55,1213046,false,false,false,308.81666666671447,0.0,98.97265362033295,0,15,0,2,3,0,3817857609692020839,7,8,332.099982802,637.3540759220001
2,0,56,1220965,false,false,false,388.6166666666419,0.0,58.18601311590218,0,15,1,1,2,0,7499394853962406270,9,11,332.099982802,637.3540759220001
2,0,57,1228884,false,false,false,335.8166666666899,0.0,83.94066849252478,0,17,0,3,4,0,2822735734333224522,7,8,332.099982802,637.3540759220001
2,0,58,1236803,false,false,false,129.39999999999512,0.0,53.951480852560756,0,12,1,0,2,0,-7585157951549542785,2,2,332.099982802,637.3540759220001
2,0,59,1244722,false,false,false,96.81666666666246,0.0,59.26166248843029,0,11,0,0,1,0,393620939539135683,2,1,332.099982802,637.3540759220001
2,0,60,1252641,false,false,false,417.4166666666157,0.0,99.88788655486508,0,12,1,2,3,0,5566621589957150084,10,12,332.099982802,637.3540759220001
2,0,61,1260560,false,false,false,362.61666666666554,0.0,91.45924777717761,0,18,0,1,5,0,4651196736518194270,8,9,332.099982802,637.3540759220001
2,0,62,1268479,false,false,false,465.41666666657204,0.0,21.4687761515631,0,19,0,5,2,0,1695770500944342447,10,12,332.099982802,637.3540759220001
2,0,63,1276398,false,false,false,170.75000000002802,0.0,22.20116083411627,0,13,0,1,2,0,-2325500956697591209,3,3,332.099982802,637.3540759220001
2,0,64,1284317,false,true,false,600.0166666664496,100.0,100.0,0,16,1,7,6,0,8797799260940669357,14,17,332.099982802,637.3540759220001
2,0,65,1292236,false,false,false,478.4166666665602,0.0,79.05015763099502,0,22,0,2,4,0,-8773915899144885578,11,13,332.099982802,637.3540759220001
2,0,66,1300155,false,false,false,444.0166666665915,0.0,93.30153650075508,0,18,0,3,5,0,2309775774606590283,10,12,332.099982802,637.3540759220001
2,0,67,1308074,false,false,false,182.41666666670397,0.0,4.044179573710143,0,12,0,1,2,0,-6528210733608690882,3,3,332.099982802,637.3540759220001
2,0,68,1315993,false,false,false,145.30000000000777,0.0,53.82723596955201,0,12,1,1,2,0,332140674352588784,2,2,332.099982802,637.3540759220001
2,0,69,1323912,false,false,false,361.61666666666645,0.0,63.8901127338806,0,16,1,5,4,0,5665964828407016160,8,9,332.099982802,637.3540759220001
2,0,70,1331831,false,false,false,325.6166666666992,0.0,33.21664073652999,0,19,0,1,2,0,989076317900943982,7,8,332.099982802,637.3540759220001
2,0,71,1339750,false,false,false,366.21666666666226,0.0,100.0,0,15,3,3,3,0,6208440915641099131,8,10,332.099982802,637.3540759220001
2,0,72,1347669,false,false,false,239.6166666667495,0.0,85.83584368089939,0,11,0,3,1,0,-2603994821218978026,5,6,332.099982802,637.3540759220001
2,0,73,1355588,false,false,false,315.01666666670883,0.0,8.164722107767556,0,17,1,3,2,0,-2420228671461616867,7,8,332.099982802,637.3540759220001
2,0,74,1363507,true,false,false,82.0666666666633,85.46387607514069,0.0,0,8,0,1,0,0,-336742308080124180,1,1,332.099982802,637.3540759220001
2,0,75,1371426,false,false,false,453.8166666665826,0.0,99.14377319047868,0,18,1,4,3,0,8013170688756101243,11,13,332.099982802,637.3540759220001
2,0,76,1379345,false,false,false,100.49999999999558,0.0,73.61077970838852,0,11,0,0,2,0,-4216505856521444615,2,2,332.099982802,637.3540759220001
2,0,77,1387264,false,true,false,600.0166666664496,100.0,86.68720656482346,0,22,1,9,5,0,6909460804760182438,13,16,332.099982802,637.3540759220001
2,0,78,1395183,false,false,false,155.61666666668265,0.0,25.94298512926426,0,12,0,1,2,0,2623426079742694483,3,3,332.099982802,637.3540759220001
2,0,79,1403102,false,false,false,243.61666666675268,0.0,63.09810098820869,0,14,0,2,3,0,-7888843927042516899,4,4,332.099982802,637.3540759220001
2,0,80,1411021,false,false,false,258.81666666675994,0.0,99.40580244769731,0,12,0,1,3,0,2288501537516260481,6,7,332.099982802,637.3540759220001
2,0,81,1418940,false,false,false,156.50000000001668,0.0,17.50579510081721,0,11,0,1,1,0,-1809220864580690798,3,3,332.099982802,637.3540759220001
2,0,82,1426859,false,true,false,600.0166666664496,100.0,100.0,0,18,0,8,5,0,-8701794969547392211,13,16,332.099982802,637.3540759220001
2,0,83,1434778,true,false,false,289.9333333333983,33.42246118971375,0.0,0,16,0,3,1,0,1070049044039140864,6,7,332.099982802,637.3540759220001
2,0,84,1442697,false,false,false,280.01666666674066,0.0,60.319593136321856,0,12,1,1,3,0,3006729770502310385,6,7,332.099982802,637.3540759220001
2,0,85,1450616,false,true,false,600.0166666664496,34.207530208737516,100.0,0,22,1,5,8,0,3029325757151720592,13,15,332.099982802,637.3540759220001
2,0,86,1458535,true,false,false,99.84999999999562,87.48164204513641,0.0,0,9,0,2,0,0,-7523925545424975287,1,1,332.099982802,637.3540759220001
2,0,87,1466454,false,false,false,228.71666666674082,0.0,14.690782586044563,0,14,1,2,2,0,2895014898754299233,4,4,332.099982802,637.3540759220001
2,0,88,1474373,false,false,false,437.19999999993104,0.0,10.482981278197185,0,20,0,6,3,0,1879345467838437688,9,10,332.099982802,637.3540759220001
2,0,89,1482292,false,true,false,600.0166666664496,5.492314438535669,26.489658020805898,0,19,0,6,5,0,2120341925491881812,13,14,332.099982802,637.3540759220001
2,0,90,1490211,false,false,false,423.41666666661024,0.0,9.578680166592484,0,19,1,4,3,0,5840438251526380989,9,10,332.099982802,637.3540759220001
2,0,91,1498130,false,false,false,340.00000000001944,0.0,75.552500050676,0,15,1,2,6,0,-1306663401943176547,7,8,332.099982802,637.3540759220001
2,0,92,1506049,false,false,false,159.01666666668535,0.0,69.08273824033586,0,11,0,1,2,0,7378997169468337837,3,3,332.099982802,637.3540759220001
2,0,93,1513968,false,false,false,432.48333333326866,0.0,14.547178901335622,0,19,0,4,3,0,4548905350923157535,9,10,332.099982802,637.3540759220001
2,0,94,1521887,false,false,false,329.0166666666961,0.0,41.473680301256685,0,15,0,2,2,0,5115563599362979332,7,8,332.099982802,637.3540759220001
2,0,95,1529806,false,false,false,204.58333333338828,0.0,54.45229725459652,0,13,0,0,4,0,-7289745519021487089,4,4,332.099982802,637.3540759220001
2,0,96,1537725,true,false,false,116.06666666666136,24.43336756508686,0.0,0,11,0,2,0,0,-8894339741702978106,2,2,332.099982802,637.3540759220001
2,0,97,1545644,false,false,false,251.68333333342576,0.0,100.0,0,13,0,3,3,0,1434787577836188923,5,6,332.099982802,637.3540759220001
2,0,98,1553563,true,false,false,333.8666666666917,43.48406878026383,0.0,0,18,0,4,1,0,-7014019864614027981,7,8,332.099982802,637.3540759220001
2,0,99,1561482,false,true,false,600.0166666664496,23.827422169341144,91.00236075229552,0,22,0,9,8,0,8988497994625194499,14,16,332.099982802,637.3540759220001
2,0,100,1569401,false,false,false,154.01666666668137,0.0,35.38302193734114,0,12,0,1,2,0,-1197714419334733770,3,3,332.099982802,637.3540759220001
2,0,101,1577320,false,false,false,233.61666666674472,0.0,99.94206922662856,0,11,0,0,3,0,7613487267053923354,5,6,332.099982802,637.3540759220001
2,0,102,1585239,true,false,false,140.66666666667075,70.04468414925068,0.0,0,10,0,3,0,0,9041606919130376964,2,2,332.099982802,637.3540759220001
2,0,103,1593158,false,false,false,341.216666666685,0.0,45.52130625671608,0,17,0,5,1,0,-7123380382820680474,7,8,332.099982802,637.3540759220001
2,0,104,1601077,false,false,false,104.44999999999536,0.0,15.651049667339453,0,11,0,0,1,0,-7355995384204660832,2,2,332.099982802,637.3540759220001
2,0,105,1608996,false,false,false,330.65000000002794,0.0,56.3422837232327,0,14,1,2,3,0,-930914692630359909,7,8,332.099982802,637.3540759220001
2,0,106,1616915,false,false,false,258.6166666667601,0.0,19.21212265949883,0,10,0,1,1,0,5322454924042106941,6,7,332.099982802,637.3540759220001
2,0,107,1624834,false,false,false,77.21666666666357,0.0,59.08940246530367,0,11,0,1,0,0,6562953899650281689,1,1,332.099982802,637.3540759220001
2,0,108,1632753,false,false,false,104.61666666666201,0.0,70.60477355787012,0,11,0,0,2,0,-8669110861600680118,2,2,332.099982802,637.3540759220001
2,0,109,1640672,false,true,false,600.0166666664496,88.57203618868792,100.0,0,16,1,8,6,0,-8791945649494156645,14,17,332.099982802,637.3540759220001
2,0,110,1648591,false,true,false,600.0166666664496,55.30012920132728,100.0,0,20,0,7,7,0,2216644855870774605,13,15,332.099982802,637.3540759220001
2,0,111,1656510,false,false,false,257.0166666667616,0.0,71.61724887035248,0,11,1,0,3,0,-1166673165418679596,6,7,332.099982802,637.3540759220001
2,0,112,1664429,false,false,false,226.01666666673867,0.0,98.11954656888139,0,10,1,2,2,0,-5261405739020894121,5,6,332.099982802,637.3540759220001
2,0,113,1672348,false,false,false,378.41666666665117,0.0,6.4766785847079635,0,17,0,6,2,0,-3601736344760634881,8,9,332.099982802,637.3540759220001
2,0,114,1680267,false,false,false,217.616666666732,0.0,14.19916078661186,0,14,0,2,2,0,-2726586736815236152,4,4,332.099982802,637.3540759220001
2,0,115,1688186,false,false,false,297.41666666672484,0.0,71.02671087187272,0,15,0,2,4,0,-4327613645732352760,5,5,332.099982802,637.3540759220001
2,0,116,1696105,false,false,false,127.6166666666607,0.0,15.236793025461903,0,12,0,0,1,0,6229149032368353861,2,2,332.099982802,637.3540759220001
2,0,117,1704024,false,false,false,73.81666666666376,0.0,63.78419576058457,0,9,1,1,0,0,-1010301508141291287,1,1,332.099982802,637.3540759220001
2,0,118,1711943,true,false,false,158.7333333333518,85.34747672791462,0.0,0,12,0,2,0,0,-8308910885114317077,3,3,332.099982802,637.3540759220001
2,0,119,1719862,false,false,false,99.21666666666232,0.0,53.06607293941162,0,11,0,1,1,0,-4962906392087855094,2,2,332.099982802,637.3540759220001
2,0,120,1727781,false,false,false,160.81666666668679,0.0,80.18334564179092,0,11,1,1,2,0,1275169180377692963,3,3,332.099982802,637.3540759220001
2,0,121,1735700,false,false,false,265.1833333334208,0.0,76.02660440881851,0,16,0,0,5,0,347574052799612485,6,7,332.099982802,637.3540759220001
2,0,122,1743619,false,false,false,299.2166666667232,0.0,21.101913755340536,0,16,0,4,2,0,-4544219862712483231,6,7,332.099982802,637.3540759220001
2,0,123,1751538,false,false,false,533.4166666665102,0.0,55.967053519170896,0,23,1,6,4,0,5068500569992667577,12,14,332.099982802,637.3540759220001
2,0,124,1759457,false,true,false,600.0166666664496,31.445991547675312,100.0,0,14,0,3,6,0,1266466549518818426,14,17,332.099982802,637.3540759220001
2,0,125,1767376,false,false,false,115.21666666666141,0.0,35.075813502985426,0,11,0,0,1,0,-3929452636362999943,2,2,332.099982802,637.3540759220001
2,0,126,1775295,false,false,false,169.66666666669383,0.0,20.49824189903196,0,11,0,1,1,0,-2367187633489842313,3,3,332.099982802,637.3540759220001
2,0,127,1783214,false,false,false,290.78333333339754,0.0,60.59646649101852,0,15,0,4,2,0,-8857680928776404791,6,7,332.099982802,637.3540759220001
2,1,0,777501,false,false,false,155.20000000001565,0.0,79.8267708193608,0,12,0,0,3,0,-439705281145318993,3,3,332.099982802,637.3540759220001
2,1,1,785420,true,false,false,440.46666666659473,51.88635998250933,0.0,0,23,0,7,1,0,-1438340764613547509,10,12,332.099982802,637.3540759220001
2,1,2,793339,false,false,false,568.4666666664783,0.0,45.95419019249498,0,18,0,4,5,0,-1085800487053122538,13,15,332.099982802,637.3540759220001
2,1,3,801258,false,false,false,124.19999999999423,0.0,3.1549688123096105,0,12,1,1,0,0,5855313103732576610,2,2,332.099982802,637.3540759220001
2,1,4,809177,false,false,false,273.0000000000804,0.0,86.9145000984683,0,15,2,4,3,0,-4705845453798275348,6,7,332.099982802,637.3540759220001
2,1,5,817096,false,true,false,600.0166666664496,100.0,13.209485525455355,0,22,0,12,1,0,2434886432530564020,13,16,332.099982802,637.3540759220001
2,1,6,825015,false,false,false,533.5999999998434,0.0,82.95154346805946,0,25,2,6,3,0,7350036651412538245,12,14,332.099982802,637.3540759220001
2,1,7,832934,false,false,false,260.583333333425,0.0,88.78345684716085,0,9,1,0,2,0,5458582789532864941,6,7,332.099982802,637.3540759220001
2,1,8,840853,false,false,false,337.6000000000216,0.0,39.852416206259136,0,18,1,2,4,0,-4149782232241557517,7,8,332.099982802,637.3540759220001
2,1,9,848772,false,false,false,169.40000000002695,0.0,29.132836150324508,0,13,1,2,1,0,3043045477738181797,3,3,332.099982802,637.3540759220001
2,1,10,856691,false,false,false,76.8166666666636,0.0,55.07360195546328,0,11,1,0,1,0,3912137005557714403,1,1,332.099982802,637.3540759220001
2,1,11,864610,false,false,false,156.4000000000166,0.0,60.58671319582903,0,11,0,1,2,0,-4927780453587846757,3,3,332.099982802,637.3540759220001
2,1,12,872529,true,false,false,452.21666666658405,46.18001129254727,0.0,0,18,0,5,2,0,7218196043916613850,10,11,332.099982802,637.3540759220001
2,1,13,880448,false,false,false,290.60000000006437,0.0,89.57095434464689,0,16,0,0,4,0,-2689628922897528474,6,7,332.099982802,637.3540759220001
2,1,14,888367,false,false,false,86.79999999999636,0.0,55.697694912453414,0,11,0,1,1,0,3672703988254484861,1,1,332.099982802,637.3540759220001
2,1,15,896286,true,false,false,235.3000000000794,50.68750420117155,0.0,0,15,1,3,0,0,514266934249287682,5,6,332.099982802,637.3540759220001
2,1,16,904205,true,false,false,519.1499999998565,47.21460798626579,0.0,0,21,2,8,1,0,6036656083822951688,12,14,332.099982802,637.3540759220001
2,1,17,912124,false,false,false,303.80000000005236,0.0,30.4434822205232,0,10,1,1,2,0,7023001874453870690,7,8,332.099982802,637.3540759220001
2,1,18,920043,false,false,false,62.59999999999773,0.0,35.09743557607225,0,10,0,0,0,0,-824190851032317256,1,1,332.099982802,637.3540759220001
2,1,19,927962,false,false,false,202.20000000005305,0.0,45.01515094788498,0,13,1,1,3,0,-8236192741736759026,4,4,332.099982802,637.3540759220001
2,1,20,935881,false,true,false,600.0166666664496,60.70976619371651,10.970627498627902,0,25,0,6,2,0,4323655355591906051,13,15,332.099982802,637.3540759220001
2,1,21,943800,false,true,false,600.0166666664496,76.03398643547624,38.666443334738176,0,20,1,9,0,0,-4221413127290535071,14,16,332.099982802,637.3540759220001
2,1,22,951719,false,false,false,265.8000000000869,0.0,79.25841178121314,0,13,1,0,2,0,-6900970211349922839,6,7,332.099982802,637.3540759220001
2,1,23,959638,false,false,false,271.80000000008147,0.0,100.0,0,11,0,0,4,0,5938160689392966043,6,7,332.099982802,637.3540759220001
2,1,24,967557,false,false,false,123.99999999999424,0.0,62.26636554961461,0,10,0,1,1,0,291334228373221398,2,2,332.099982802,637.3540759220001
2,1,25,975476,false,true,false,600.0166666664496,100.0,87.21651487600789,0,19,0,9,4,0,-1070532073153697619,14,17,332.099982802,637.3540759220001
2,1,26,983395,false,false,false,144.18333333334022,0.0,33.67204711539254,0,12,0,0,1,0,1968272045629697159,2,2,332.099982802,637.3540759220001
2,1,27,991314,true,false,false,181.61666666670334,16.095272685217843,0.0,0,13,0,1,2,0,-2848795642249920006,3,3,332.099982802,637.3540759220001
2,1,28,999233,false,false,false,73.19999999999713,0.0,28.46387580720232,0,11,0,1,0,0,-4248348215430819937,1,1,332.099982802,637.3540759220001
2,1,29,1007152,false,false,false,376.1999999999865,0.0,9.771802105722497,0,17,0,5,4,0,951877406755260021,8,9,332.099982802,637.3540759220001
2,1,30,1015071,false,false,false,99.19999999999565,0.0,28.567845818675632,0,10,2,2,0,0,-2110378768165303408,1,1,332.099982802,637.3540759220001
2,1,31,1022990,false,false,false,482.79999999988956,0.0,33.02725947015008,0,18,0,4,1,0,7256025597415207397,11,13,332.099982802,637.3540759220001
2,1,32,1030909,false,false,false,497.5999999998761,0.0,82.4006585464766,0,17,2,4,4,0,6023358634945486750,12,14,332.099982802,637.3540759220001
2,1,33,1038828,false,false,false,221.20000000006817,0.0,99.43113583663364,0,12,0,0,2,0,555032329524971161,5,6,332.099982802,637.3540759220001
2,1,34,1046747,false,false,false,537.5999999998397,0.0,41.71116292844546,0,19,0,8,4,0,-8970643397564554786,12,14,332.099982802,637.3540759220001
2,1,35,1054666,false,false,false,559.7999999998195,0.0,77.7462755913904,0,24,2,8,5,0,-2162552208279529777,12,14,332.099982802,637.3540759220001
2,1,36,1062585,true,false,false,283.6166666667374,28.91851291558236,0.0,0,18,1,4,0,0,1650017612860586304,6,7,332.099982802,637.3540759220001
2,1,37,1070504,false,false,false,421.0333333332791,0.0,20.08850670217281,0,14,0,3,4,0,-6424348552338769763,9,10,332.099982802,637.3540759220001
2,1,38,1078423,false,false,false,282.0000000000722,0.0,60.84726518067771,0,15,0,1,3,0,9025371078580172124,6,7,332.099982802,637.3540759220001
2,1,39,1086342,false,false,false,105.59999999999529,0.0,67.03800119908257,0,11,0,0,1,0,2786506272132948650,2,2,332.099982802,637.3540759220001
2,1,40,1094261,false,false,false,433.79999999993413,0.0,84.77582551453945,0,17,1,6,3,0,2772387990468428652,10,12,332.099982802,637.3540759220001
2,1,41,1102180,false,true,false,600.0166666664496,73.32951024045713,33.785082780504226,0,17,1,8,2,0,-6389089370339373086,14,17,332.099982802,637.3540759220001
2,1,42,1110099,false,false,false,529.6333333331803,0.0,69.82184437126949,0,16,0,2,4,0,5968424894343158508,12,14,332.099982802,637.3540759220001
2,1,43,1118018,false,false,false,369.79999999999234,0.0,50.33151033749438,0,21,0,4,3,0,-5923929534650979418,8,9,332.099982802,637.3540759220001
2,1,44,1125937,false,false,false,117.99999999999459,0.0,62.899676129764124,0,11,0,1,1,0,6289427904895191582,2,2,332.099982802,637.3540759220001
2,1,45,1133856,false,false,false,137.00000000000117,0.0,33.83678667670865,0,12,0,1,2,0,2913652341127079164,2,2,332.099982802,637.3540759220001
2,1,46,1141775,false,false,false,165.80000000002408,0.0,62.726633711570315,0,13,0,2,1,0,6205489868475226427,3,3,332.099982802,637.3540759220001
2,1,47,1149694,true,false,false,124.81666666666086,50.02859363583433,0.0,0,10,1,1,1,0,6363982046953221914,2,2,332.099982802,637.3540759220001
2,1,48,1157613,false,false,false,141.60000000000483,0.0,14.070768245623615,0,12,0,2,1,0,-1213842474848491605,2,2,332.099982802,637.3540759220001
2,1,49,1165532,false,false,false,551.3999999998272,0.0,99.43461214131331,0,18,3,8,6,0,6669752017584939633,12,14,332.099982802,637.3540759220001
2,1,50,1173451,false,false,false,460.39999999990994,0.0,32.8761642486558,0,19,0,7,3,0,5698821747974477543,10,11,332.099982802,637.3540759220001
2,1,51,1181370,true,false,false,512.433333333196,46.627794499565745,0.0,0,25,1,8,2,0,-6417962131411417552,12,14,332.099982802,637.3540759220001
2,1,52,1189289,true,false,false,105.31666666666197,75.33379168644267,0.0,0,8,0,1,0,0,9221407359876674396,2,2,332.099982802,637.3540759220001
2,1,53,1197208,true,false,false,123.88333333332758,42.604521185118905,0.0,0,11,0,1,1,0,7433493056691181284,2,2,332.099982802,637.3540759220001
2,1,54,1205127,false,false,false,313.000000000044,0.0,85.01631467005171,0,16,0,3,4,0,6430274614189597288,6,7,332.099982802,637.3540759220001
2,1,55,1213046,false,true,false,600.0166666664496,33.36253160580003,50.607270328932415,0,25,0,9,4,0,8788654906506166879,13,15,332.099982802,637.3540759220001
2,1,56,1220965,false,true,false,600.0166666664496,99.68662325420982,49.86551815605713,0,20,0,9,3,0,9042693255204166345,13,16,332.099982802,637.3540759220001
2,1,57,1228884,false,false,false,59.5999999999979,0.0,99.03527134730295,0,10,1,0,1,0,2553252086456125302,1,1,332.099982802,637.3540759220001
2,1,58,1236803,false,false,false,263.6000000000889,0.0,71.11156787604807,0,15,0,1,2,0,-6106030014855940528,6,7,332.099982802,637.3540759220001
2,1,59,1244722,false,false,false,513.8999999998613,0.0,43.19587594246286,0,21,0,6,4,0,-7709095846202990732,11,13,332.099982802,637.3540759220001
2,1,60,1252641,false,true,false,600.0166666664496,39.13898924576316,81.95131235643099,0,23,1,8,4,0,3474668961802653288,14,17,332.099982802,637.3540759220001
2,1,61,1260560,false,false,false,47.39999999999859,0.0,85.57759732469853,0,10,1,0,1,0,-4483026582841116686,0,0,332.099982802,637.3540759220001
2,1,62,1268479,false,false,false,122.61666666666099,0.0,37.25632128651937,0,12,0,1,1,0,3458167683346950008,2,2,332.099982802,637.3540759220001
2,1,63,1276398,true,false,false,322.2166666667023,15.337294920964865,0.0,0,19,1,2,2,0,6339270665591540579,7,8,332.099982802,637.3540759220001
2,1,64,1284317,false,false,false,81.23333333333001,0.0,17.740731386188184,0,11,0,0,0,0,-7049979773008353941,1,1,332.099982802,637.3540759220001
2,1,65,1292236,true,false,false,528.4166666665147,73.41631689219285,0.0,0,23,0,9,3,0,-3399911504359060675,12,14,332.099982802,637.3540759220001
2,1,66,1300155,true,false,false,267.81666666675176,35.55054646636599,0.0,0,17,0,3,1,0,-5286898906412353977,6,7,332.099982802,637.3540759220001
2,1,67,1308074,true,false,false,140.91666666667095,25.938739153317513,0.0,0,12,2,3,0,0,-95118742523895912,2,2,332.099982802,637.3540759220001
2,1,68,1315993,true,false,false,89.5499999999962,22.94683858788371,0.0,0,11,0,1,0,0,-4025163782302563041,1,1,332.099982802,637.3540759220001
2,1,69,1323912,false,false,false,354.40000000000634,0.0,81.69098642982124,0,14,1,4,3,0,-2730551276055305353,7,8,332.099982802,637.3540759220001
2,1,70,1331831,true,false,false,85.34999999999644,46.42624796784178,0.0,0,9,0,1,0,0,-8097820752378045085,1,1,332.099982802,637.3540759220001
2,1,71,1339750,false,true,false,600.0166666664496,66.43538870877559,51.58471429017379,0,24,0,9,3,0,-4909026120435651626,14,16,332.099982802,637.3540759220001
2,1,72,1347669,false,false,false,114.9333333333281,0.0,66.95673988222899,0,11,1,0,2,0,212917472664258997,2,2,332.099982802,637.3540759220001
2,1,73,1355588,false,false,false,331.6000000000271,0.0,21.94353503962773,0,17,1,1,3,0,-9096995363392946195,7,8,332.099982802,637.3540759220001
2,1,74,1363507,false,true,false,600.0166666664496,88.07540856326474,100.0,0,21,0,9,7,0,-8041930396467651548,13,16,332.099982802,637.3540759220001
2,1,75,1371426,false,false,false,326.4000000000318,0.0,19.096984719002958,0,17,1,4,2,0,8862216059440026376,7,8,332.099982802,637.3540759220001
2,1,76,1379345,false,false,false,98.3999999999957,0.0,34.651156718105234,0,11,0,1,0,0,-381056005406581270,2,2,332.099982802,637.3540759220001
2,1,77,1387264,false,false,false,148.00000000000992,0.0,77.02293036839863,0,12,0,0,3,0,-298720253429293339,3,3,332.099982802,637.3540759220001
2,1,78,1395183,false,false,false,220.20000000006738,0.0,99.13882119873477,0,11,1,0,1,0,-3711229019520323026,5,6,332.099982802,637.3540759220001
2,1,79,1403102,false,false,false,120.19999999999446,0.0,40.89841891884486,0,10,1,2,0,0,-1426032417259412817,2,2,332.099982802,637.3540759220001
2,1,80,1411021,true,false,false,599.7166666664499,68.10469369784543,0.0,0,21,1,11,1,0,838192600688294307,14,17,332.099982802,637.3540759220001
2,1,81,1418940,true,false,false,129.61666666666196,48.215992728015806,0.0,0,12,0,2,0,0,6530031330228995365,2,2,332.099982802,637.3540759220001
2,1,82,1426859,false,false,false,304.60000000005164,0.0,90.22960036383061,0,15,1,2,3,0,803363179520210822,7,8,332.099982802,637.3540759220001
2,1,83,1434778,false,false,false,95.99999999999584,0.0,65.37783952870213,0,11,1,0,1,0,1658255994332766223,1,1,332.099982802,637.3540759220001
2,1,84,1442697,false,false,false,162.20000000002122,0.0,28.982437402223667,0,11,1,2,1,0,-5920101243501147567,3,3,332.099982802,637.3540759220001
2,1,85,1450616,false,false,false,176.80000000003284,0.0,12.794852047683342,0,13,0,1,2,0,-8865435474491817437,3,3,332.099982802,637.3540759220001
2,1,86,1458535,false,false,false,113.39999999999485,0.0,61.1404208382252,0,11,0,0,2,0,8956452014453220684,2,2,332.099982802,637.3540759220001
2,1,87,1466454,false,false,false,141.80000000000499,0.0,89.35747601127062,0,11,0,0,3,0,-8799532418305732583,2,2,332.099982802,637.3540759220001
2,1,88,1474373,false,false,false,281.2000000000729,0.0,64.98733653735184,0,14,0,1,3,0,1769715618750139203,6,7,332.099982802,637.3540759220001
2,1,89,1482292,false,false,false,343.23333333334983,0.0,61.30636337781019,0,18,1,4,3,0,-1170593715617005767,7,8,332.099982802,637.3540759220001
2,1,90,1490211,false,false,false,152.40000000001342,0.0,33.560759596014265,0,12,0,1,2,0,-1014924508674860921,3,3,332.099982802,637.3540759220001
2,1,91,1498130,false,true,false,600.0166666664496,24.83380713239404,20.512786613829316,0,26,0,7,5,0,-3355473822322526396,13,15,332.099982802,637.3540759220001
2,1,92,1506049,false,false,false,310.800000000046,0.0,47.32604744684894,0,15,1,1,3,0,-5717304437958314480,7,8,332.099982802,637.3540759220001
2,1,93,1513968,false,false,false,120.79999999999443,0.0,10.98241355259852,0,11,1,0,1,0,8900822265273213557,2,2,332.099982802,637.3540759220001
2,1,94,1521887,false,false,false,283.80000000007055,0.0,44.36138245108441,0,16,1,4,1,0,6596355953822921977,6,7,332.099982802,637.3540759220001
2,1,95,1529806,true,false,false,338.28333333335434,42.50651839538062,0.0,0,18,2,7,0,0,3935035183538617735,7,8,332.099982802,637.3540759220001
2,1,96,1537725,true,false,false,131.33333333333,19.79785671108261,0.0,0,12,0,1,0,0,-838970056150679685,2,2,332.099982802,637.3540759220001
2,1,97,1545644,false,false,false,451.79999999991776,0.0,99.36514557987599,0,9,0,1,2,0,-501570708682681700,11,13,332.099982802,637.3540759220001
2,1,98,1553563,false,false,false,129.9999999999956,0.0,18.637765727983115,0,12,0,0,1,0,8382066249096296306,2,2,332.099982802,637.3540759220001
2,1,99,1561482,false,false,false,307.00000000004945,0.0,99.03879646209097,0,17,0,3,4,0,8738349632576113592,6,7,332.099982802,637.3540759220001
2,1,100,1569401,true,false,false,109.21666666666175,63.45489185485769,0.0,0,10,0,2,0,0,-3214705010539538800,2,2,332.099982802,637.3540759220001
2,1,101,1577320,false,false,false,157.20000000001724,0.0,46.42888711082376,0,12,0,1,2,0,-6403126250301829953,3,3,332.099982802,637.3540759220001
2,1,102,1585239,false,false,false,547.3999999998308,0.0,99.13122690890843,0,14,1,4,5,0,-4359530889399660218,13,15,332.099982802,637.3540759220001
2,1,103,1593158,false,false,false,284.80000000006964,0.0,26.875357091616237,0,16,0,0,3,0,8180833146241947371,6,7,332.099982802,637.3540759220001
2,1,104,1601077,false,false,false,131.61666666666355,0.0,34.33905970960112,0,12,0,1,1,0,6931915104458061479,2,2,332.099982802,637.3540759220001
2,1,105,1608996,false,true,false,600.0166666664496,74.30076254304674,100.0,0,23,2,8,6,0,-8160333186436981815,13,16,332.099982802,637.3540759220001
2,1,106,1616915,false,true,false,600.0166666664496,60.284755403586836,35.344477841463416,0,19,0,9,2,0,-6680394252917321953,13,15,332.099982802,637.3540759220001
2,1,107,1624834,false,false,false,207.66666666672407,0.0,20.352681267069645,0,13,0,2,2,0,5822539667077895173,4,4,332.099982802,637.3540759220001
2,1,108,1632753,false,false,false,281.0000000000731,0.0,99.26630839101186,0,14,0,1,4,0,5537818465952390539,6,7,332.099982802,637.3540759220001
2,1,109,1640672,false,true,false,600.0166666664496,39.18441471256728,98.81782299341462,0,21,2,11,3,0,-1285430829550093472,13,16,332.099982802,637.3540759220001
2,1,110,1648591,true,false,false,264.1500000000884,58.23547033230172,0.0,0,15,1,4,1,0,2209121007646704657,5,6,332.099982802,637.3540759220001
2,1,111,1656510,false,false,false,420.1999999999465,0.0,60.995426781305646,0,20,1,4,5,0,-5845272967726949865,9,10,332.099982802,637.3540759220001
2,1,112,1664429,false,false,false,319.600000000038,0.0,96.2167314021415,0,14,0,2,3,0,5673148634817365329,7,8,332.099982802,637.3540759220001
2,1,113,1672348,false,false,false,307.6000000000489,0.0,84.6567433328007,0,18,0,3,3,0,-9183203076814072834,7,8,332.099982802,637.3540759220001
2,1,114,1680267,false,false,false,124.7999999999942,0.0,49.06943081931882,0,10,1,0,2,0,920549334274878143,2,2,332.099982802,637.3540759220001
2,1,115,1688186,true,false,false,447.94999999992126,50.52155385827563,0.0,0,18,0,5,1,0,5104495249398452584,10,12,332.099982802,637.3540759220001
2,1,116,1696105,false,false,false,297.8000000000578,0.0,37.78985825531278,0,19,1,5,1,0,8651562243083968459,6,7,332.099982802,637.3540759220001
2,1,117,1704024,false,false,false,451.3999999999181,0.0,63.52085236800912,0,18,0,4,7,0,-6155016442101589431,10,11,332.099982802,637.3540759220001
2,1,118,1711943,false,false,false,157.60000000001756,0.0,11.737886045401677,0,12,1,2,1,0,-9174021570354080626,3,3,332.099982802,637.3540759220001
2,1,119,1719862,false,false,false,484.5666666665546,0.0,99.83379401611947,0,11,1,7,3,0,-5357598439928715099,11,14,332.099982802,637.3540759220001
2,1,120,1727781,false,false,false,289.8000000000651,0.0,48.939954985341345,0,17,1,4,2,0,-4952374866926572630,6,7,332.099982802,637.3540759220001
2,1,121,1735700,false,false,false,104.19999999999537,0.0,74.46319992922865,0,11,1,0,2,0,6279561622397729016,2,2,332.099982802,637.3540759220001
2,1,122,1743619,false,false,false,154.26666666668157,0.0,39.31883009462886,0,12,0,0,2,0,-3223353018101907144,3,3,332.099982802,637.3540759220001
2,1,123,1751538,true,false,false,156.68333333335016,12.984049542793677,0.0,0,12,0,2,1,0,-3607139914885693821,3,3,332.099982802,637.3540759220001
2,1,124,1759457,false,false,false,192.46666666671197,0.0,68.98585138247672,0,11,0,1,1,0,-85503115813314280,4,5,332.099982802,637.3540759220001
2,1,125,1767376,false,false,false,232.60000000007724,0.0,9.516992765858095,0,14,1,2,2,0,-7800326530149405458,4,4,332.099982802,637.3540759220001
2,1,126,1775295,false,false,false,481.2666666665576,0.0,42.66730526933575,0,26,2,6,2,0,7014095203565395346,11,13,332.099982802,637.3540759220001
2,1,127,1783214,true,false,false,112.21666666666158,8.290772638330251,0.0,0,11,0,1,0,0,8227551661102305861,2,2,332.099982802,637.3540759220001
