skill,rotation,sample,seed,win,draw,early,seconds,hp,bossHp,dispatches,mineShots,mineHits,repairs,bossRepairs,oneShots,hash,laps,bossLaps,rigPR,bossPR
0,0,0,777501,false,false,false,251.61666666675904,0.0,50.34983520498998,45,53,2,2,3,0,2719558873728953665,5,6,332.099982802,637.3540759220001
0,0,1,785420,false,false,false,134.41666666666578,0.0,14.260043557947636,25,32,1,0,1,0,-6176407696271041445,2,2,332.099982802,637.3540759220001
0,0,2,793339,false,false,false,240.41666666675013,0.0,89.14011116398626,43,53,0,3,2,0,5069392134507471776,5,6,332.099982802,637.3540759220001
0,0,3,801258,false,true,false,600.0166666664496,41.11766655701325,47.659942116483016,107,123,5,8,4,0,2478511406955067166,13,16,332.099982802,637.3540759220001
0,0,4,809177,true,false,false,406.91666666662525,44.41441565583555,0.0,73,84,4,6,4,0,7907189251800205025,8,9,332.099982802,637.3540759220001
0,0,5,817096,true,false,false,72.99999999999714,64.94793044567864,0.0,14,21,0,1,0,0,7604949337637218001,1,1,332.099982802,637.3540759220001
0,0,6,825015,true,false,false,275.7000000000779,32.71690648718039,0.0,50,59,3,1,4,0,2944200125383589687,5,6,332.099982802,637.3540759220001
0,0,7,832934,false,false,false,178.8166666667011,0.0,6.3302180753828585,32,40,0,1,2,0,7555667529858007811,3,3,332.099982802,637.3540759220001
0,0,8,840853,false,false,false,116.81666666666132,0.0,39.215458547187644,21,28,0,1,1,0,7011538422736510607,2,2,332.099982802,637.3540759220001
0,0,9,848772,false,false,false,162.81666666668838,0.0,67.6443551271754,30,37,0,2,1,0,-2932991428901710798,3,3,332.099982802,637.3540759220001
0,0,10,856691,false,false,false,287.41666666673393,0.0,70.63018780774497,52,62,1,3,3,0,-1143819517864136057,6,7,332.099982802,637.3540759220001
0,0,11,864610,false,false,false,259.81666666675903,0.0,61.83517610624752,47,57,3,0,5,0,-8161831775386249560,5,6,332.099982802,637.3540759220001
0,0,12,872529,true,false,false,106.69999999999523,68.52017086612,0.0,20,27,1,2,0,0,1677306781942581633,2,2,332.099982802,637.3540759220001
0,0,13,880448,false,false,false,371.0166666666579,0.0,50.78369260328022,66,79,0,4,3,0,-384983842181919860,7,8,332.099982802,637.3540759220001
0,0,14,888367,false,false,false,395.01666666663607,0.0,74.1500672801245,71,81,1,2,7,0,351784878044604484,8,9,332.099982802,637.3540759220001
0,0,15,896286,false,false,false,108.21666666666181,0.0,41.42204923432339,20,27,0,0,1,0,-2376335420899252388,2,2,332.099982802,637.3540759220001
0,0,16,904205,false,false,false,77.04999999999691,0.0,60.291192061109896,14,20,0,0,1,0,6690287381284582660,1,1,332.099982802,637.3540759220001
0,0,17,912124,false,false,false,190.81666666671066,0.0,78.6842397515934,35,43,1,0,4,0,5301912754101738008,3,3,332.099982802,637.3540759220001
0,0,18,920043,true,false,false,483.783333333222,29.725907893723544,0.0,86,99,4,6,3,0,-7941578513293580129,10,12,332.099982802,637.3540759220001
0,0,19,927962,false,false,false,332.01666666669337,0.0,86.4415853774081,60,68,2,4,3,0,-7427256116558886758,7,8,332.099982802,637.3540759220001
0,0,20,935881,true,false,false,333.60000000002526,42.84529016381427,0.0,60,71,1,3,2,0,-2829616882160358427,7,8,332.099982802,637.3540759220001
0,0,21,943800,false,false,false,102.81666666666212,0.0,37.86520348272977,19,25,0,0,1,0,533025697628664769,2,2,332.099982802,637.3540759220001
0,0,22,951719,false,false,false,531.7666666665117,0.0,18.439116990853307,95,113,5,7,4,0,8737290913464910835,11,13,332.099982802,637.3540759220001
0,0,23,959638,true,false,false,436.7999999999314,42.995820699784645,0.0,78,90,3,6,2,0,-1638225200892291271,9,11,332.099982802,637.3540759220001
0,0,24,967557,false,false,false,442.8166666665926,0.0,36.53216997798544,79,86,2,4,5,0,1072398835700466030,9,11,332.099982802,637.3540759220001
0,0,25,975476,true,false,false,301.7000000000543,23.106224777280346,0.0,54,66,3,3,3,0,-6671064356100762049,6,7,332.099982802,637.3540759220001
0,0,26,983395,false,false,false,288.75000000006605,0.0,89.83250932434224,52,59,2,0,5,0,-2765564105971438742,6,7,332.099982802,637.3540759220001
0,0,27,991314,false,false,false,292.21666666672957,0.0,50.785021241338335,52,62,3,3,2,0,-7841198962291910102,6,7,332.099982802,637.3540759220001
0,0,28,999233,false,true,false,600.0166666664496,87.17004574351142,35.766995699849154,107,122,5,7,2,0,-7889404908420055042,13,17,332.099982802,637.3540759220001
0,0,29,1007152,false,false,false,266.0166666667534,0.0,79.45438289295137,48,56,0,3,4,0,-6937707683663631217,5,6,332.099982802,637.3540759220001
0,0,30,1015071,false,false,false,365.2166666666632,0.0,77.44403382704563,65,74,1,1,3,0,1935328965855111761,8,10,332.099982802,637.3540759220001
0,0,31,1022990,false,false,false,216.81666666673135,0.0,39.23675761478289,39,45,2,0,2,0,3790986023153252595,4,5,332.099982802,637.3540759220001
0,0,32,1030909,false,true,false,600.0166666664496,32.88859258521403,42.50811252501081,107,122,6,10,3,0,6143496478677447012,13,17,332.099982802,637.3540759220001
0,0,33,1038828,false,true,false,600.0166666664496,100.0,59.55892569565175,107,121,3,8,4,0,3925210917459227943,13,17,332.099982802,637.3540759220001
0,0,34,1046747,true,false,false,324.50000000003354,80.16020045468744,0.0,58,67,2,6,2,0,-6958226005673587061,6,7,332.099982802,637.3540759220001
0,0,35,1054666,true,false,false,167.1166666666918,27.542815534664044,0.0,30,37,0,1,2,0,-1595532522654761489,3,3,332.099982802,637.3540759220001
0,0,36,1062585,false,false,false,413.48333333328594,0.0,90.64,74,85,3,1,8,0,-5031179460785968515,9,11,332.099982802,637.3540759220001
0,0,37,1070504,true,false,false,262.7500000000897,5.861628526327104,0.0,47,58,2,5,0,0,-2682370513176201641,5,6,332.099982802,637.3540759220001
0,0,38,1078423,true,false,false,392.3999999999718,14.472201602243253,0.0,70,83,3,5,0,0,2030805259853980954,8,10,332.099982802,637.3540759220001
0,0,39,1086342,true,false,false,445.5999999999234,62.983426789797456,0.0,80,90,1,5,4,0,-5008228045296989168,9,10,332.099982802,637.3540759220001
0,0,40,1094261,false,false,false,287.2166666667341,0.0,90.36598845849576,52,59,2,0,6,0,-8814553990043771990,6,7,332.099982802,637.3540759220001
0,0,41,1102180,true,false,false,95.29999999999588,65.79689774295964,0.0,18,24,1,2,0,0,-3749677845655381801,1,1,332.099982802,637.3540759220001
0,0,42,1110099,false,false,false,372.4166666666566,0.0,35.08554934560056,67,79,4,5,2,0,5117710888104141139,8,9,332.099982802,637.3540759220001
0,0,43,1118018,false,false,false,136.4666666666674,0.0,66.11789503550035,25,33,2,1,2,0,8232198738900139053,2,2,332.099982802,637.3540759220001
0,0,44,1125937,true,false,false,485.99999999988665,70.49374616771094,0.0,87,95,6,6,5,0,6525352387969396249,10,12,332.099982802,637.3540759220001
0,0,45,1133856,false,false,false,85.6166666666631,0.0,76.45812804209717,16,22,1,1,1,0,-4443844948861373475,1,1,332.099982802,637.3540759220001
0,0,46,1141775,false,false,false,187.20000000004111,0.0,64.22586954816418,34,35,2,0,1,0,-5308822414672512767,4,5,332.099982802,637.3540759220001
0,0,47,1149694,false,false,false,111.8166666666616,0.0,98.44332823716715,21,26,0,0,2,0,-994638831257196208,2,2,332.099982802,637.3540759220001
0,0,48,1157613,false,false,false,292.816666666729,0.0,48.41761592737314,53,59,2,4,0,0,1504786753826473547,6,8,332.099982802,637.3540759220001
0,0,49,1165532,false,false,false,581.0166666664669,0.0,42.98474112452776,104,115,2,5,7,0,6518765626702288899,12,14,332.099982802,637.3540759220001
0,0,50,1173451,false,false,false,349.1500000000111,0.0,27.445422397451974,63,74,2,3,5,0,-6983113115067290787,7,8,332.099982802,637.3540759220001
0,0,51,1181370,true,false,false,127.79999999999403,27.40420334990047,0.0,23,31,1,0,2,0,6770715175768908373,2,2,332.099982802,637.3540759220001
0,0,52,1189289,false,false,false,461.6166666665755,0.0,30.979958413600976,82,98,3,6,3,0,-2241132916966301984,9,11,332.099982802,637.3540759220001
0,0,53,1197208,false,false,false,316.41666666670756,0.0,68.89655576130117,57,68,1,4,3,0,6836485499078009835,6,7,332.099982802,637.3540759220001
0,0,54,1205127,false,true,false,600.0166666664496,23.913851962609897,75.6904846322152,107,118,2,6,8,0,9214889602717994829,12,14,332.099982802,637.3540759220001
0,0,55,1213046,false,false,false,372.81666666665626,0.0,100.0,67,76,1,0,5,0,2161123498045827557,8,10,332.099982802,637.3540759220001
0,0,56,1220965,true,false,false,97.89999999999573,54.65290171066041,0.0,18,25,0,1,1,0,7628959150385089935,1,1,332.099982802,637.3540759220001
0,0,57,1228884,true,false,false,560.6166666664855,76.85223948688807,0.0,100,115,4,11,0,0,538900948378848765,11,14,332.099982802,637.3540759220001
0,0,58,1236803,true,false,false,282.1000000000721,70.55968400605659,0.0,51,62,1,4,1,0,-2708497990442984493,6,7,332.099982802,637.3540759220001
0,0,59,1244722,false,false,false,121.39999999999439,0.0,7.379023971886653,22,30,3,1,1,0,5300969946821017816,2,2,332.099982802,637.3540759220001
0,0,60,1252641,false,false,false,505.016666666536,0.0,28.644356154892392,90,104,2,4,6,0,4885738261510611392,10,11,332.099982802,637.3540759220001
0,0,61,1260560,false,false,false,194.58333333338032,0.0,86.5473779631187,35,40,2,0,2,0,175837703635335367,4,5,332.099982802,637.3540759220001
0,0,62,1268479,false,true,false,600.0166666664496,28.932318886970968,19.215874471048874,107,124,2,8,2,0,-9191006727302382689,12,14,332.099982802,637.3540759220001
0,0,63,1276398,false,true,false,600.0166666664496,52.73781421425262,29.095915916196244,107,121,0,7,4,0,-6346649778236705877,12,15,332.099982802,637.3540759220001
0,0,64,1284317,false,false,false,339.41666666668664,0.0,44.40106619635451,61,68,3,3,4,0,-2207977691420028144,7,8,332.099982802,637.3540759220001
0,0,65,1292236,false,false,false,407.4166666666248,0.0,71.83120732782903,73,83,4,4,6,0,4972549766660508755,8,9,332.099982802,637.3540759220001
0,0,66,1300155,false,false,false,181.63333333337002,0.0,48.05396433488526,33,35,2,0,1,0,-5533209780478660591,4,5,332.099982802,637.3540759220001
0,0,67,1308074,false,false,false,154.1500000000148,0.0,52.88002608004701,28,35,1,1,1,0,338251318939986502,3,3,332.099982802,637.3540759220001
0,0,68,1315993,true,false,false,367.9166666666607,78.10267874353093,0.0,66,75,4,5,1,0,4185653850817549371,8,10,332.099982802,637.3540759220001
0,0,69,1323912,false,true,false,600.0166666664496,65.13873745364913,44.78836725408812,107,114,3,6,7,0,-8431838643819645431,13,16,332.099982802,637.3540759220001
0,0,70,1331831,false,false,false,307.6333333333822,0.0,70.06221498320942,55,67,1,1,6,0,1170514919986471395,6,7,332.099982802,637.3540759220001
0,0,71,1339750,false,false,false,323.4166666667012,0.0,75.56262730522064,58,64,2,0,4,0,-1084166007248269769,7,9,332.099982802,637.3540759220001
0,0,72,1347669,false,false,false,354.416666666673,0.0,30.030349362407744,63,75,1,4,3,0,8775784971030095075,7,8,332.099982802,637.3540759220001
0,0,73,1355588,true,false,false,295.00000000006037,32.27569044335548,0.0,53,64,0,3,1,0,-2330241434633756230,6,7,332.099982802,637.3540759220001
0,0,74,1363507,true,false,false,294.80000000006055,6.852353711349804,0.0,53,62,2,2,3,0,9121692738704489163,6,7,332.099982802,637.3540759220001
0,0,75,1371426,false,false,false,250.8333333334251,0.0,46.91235623486517,45,53,1,0,3,0,-2557710766131728580,5,6,332.099982802,637.3540759220001
0,0,76,1379345,true,false,false,149.20000000001087,47.60653807160178,0.0,27,35,0,1,2,0,7541910490603573108,2,2,332.099982802,637.3540759220001
0,0,77,1387264,false,false,false,533.8166666665098,0.0,23.951824065182063,95,108,3,10,1,0,81184397098675478,11,13,332.099982802,637.3540759220001
0,0,78,1395183,false,false,false,246.4166666667549,0.0,39.04154725383335,44,54,1,3,1,0,-5138341036432886291,5,6,332.099982802,637.3540759220001
0,0,79,1403102,true,false,false,160.00000000001947,63.72061943360728,0.0,29,37,0,2,1,0,-2627342027814923732,3,3,332.099982802,637.3540759220001
0,0,80,1411021,false,false,false,136.26666666666725,0.0,31.650708864127587,25,32,2,0,2,0,-5199994247948899345,2,2,332.099982802,637.3540759220001
0,0,81,1418940,false,false,false,350.5666666666765,0.0,58.80190080053996,63,70,2,0,4,0,-8348811996375150363,7,9,332.099982802,637.3540759220001
0,0,82,1426859,false,false,false,153.01666666668058,0.0,78.69420268878994,28,35,1,2,1,0,5583211104465763723,3,3,332.099982802,637.3540759220001
0,0,83,1434778,false,true,false,600.0166666664496,71.92476065254279,0.7883795521231827,107,124,3,9,2,0,-1202577270701190019,12,15,332.099982802,637.3540759220001
0,0,84,1442697,true,false,false,213.30000000006189,5.715629052279447,0.0,39,47,0,1,2,0,-5975960819315782594,4,4,332.099982802,637.3540759220001
0,0,85,1450616,false,false,false,208.2166666667245,0.0,26.314440373402338,38,46,0,0,4,0,-7213703005516477328,4,4,332.099982802,637.3540759220001
0,0,86,1458535,true,false,false,353.50000000000716,53.50330155481916,0.0,63,75,1,3,4,0,-3327117789112255605,7,8,332.099982802,637.3540759220001
0,0,87,1466454,true,false,false,114.69999999999477,0.9439446961487938,0.0,21,28,1,2,0,0,5527584794478547706,2,2,332.099982802,637.3540759220001
0,0,88,1474373,false,false,false,433.2166666666013,0.0,28.528541338440647,77,90,4,6,3,0,-5864241885566554328,9,11,332.099982802,637.3540759220001
0,0,89,1482292,false,false,false,392.61666666663825,0.0,89.736123786272,70,80,1,4,5,0,2562561085777629957,8,9,332.099982802,637.3540759220001
0,0,90,1490211,false,false,false,526.2166666665167,0.0,89.90842725356191,94,106,2,5,8,0,6058209043531716770,11,13,332.099982802,637.3540759220001
0,0,91,1498130,false,false,false,182.01666666670366,0.0,41.43293297421748,33,38,5,0,2,0,1905066260325779969,3,4,332.099982802,637.3540759220001
0,0,92,1506049,false,false,false,271.8166666667481,0.0,45.8170661572968,49,61,2,3,3,0,587388301087611611,5,6,332.099982802,637.3540759220001
0,0,93,1513968,false,true,false,600.0166666664496,26.27725723115558,51.768504842742715,107,122,4,8,5,0,-4049316094939375693,12,15,332.099982802,637.3540759220001
0,0,94,1521887,false,false,false,564.2166666664822,0.0,74.91137700123112,101,107,5,6,7,0,6146985833973525338,12,15,332.099982802,637.3540759220001
0,0,95,1529806,false,false,false,355.4166666666721,0.0,31.726360166313523,64,77,1,2,3,0,4541055555013119713,7,8,332.099982802,637.3540759220001
0,0,96,1537725,true,false,false,144.90000000000745,62.29710078326301,0.0,26,34,0,3,0,0,6210555213886945451,2,2,332.099982802,637.3540759220001
0,0,97,1545644,false,false,false,220.61666666673437,0.0,38.03812247704675,40,51,1,1,1,0,-5641490176154790281,4,5,332.099982802,637.3540759220001
0,0,98,1553563,true,false,false,184.8000000000392,82.58068862223958,0.0,33,40,1,2,1,0,-5926926697497003382,3,3,332.099982802,637.3540759220001
0,0,99,1561482,false,false,false,63.816666666664325,0.0,68.8442227043632,12,17,1,0,1,0,5046982259367506176,1,1,332.099982802,637.3540759220001
0,0,100,1569401,false,false,false,306.41666666671665,0.0,37.79718279290534,55,66,0,3,3,0,-4919499883972196949,6,6,332.099982802,637.3540759220001
0,0,101,1577320,false,false,false,225.4166666667382,0.0,99.19213663905565,41,47,0,0,4,0,1711154954653423132,4,5,332.099982802,637.3540759220001
0,0,102,1585239,false,false,false,179.21666666670143,0.0,55.7767472724516,32,40,0,1,2,0,-3268498037679408883,3,3,332.099982802,637.3540759220001
0,0,103,1593158,false,false,false,253.61666666676064,0.0,53.98286497631933,46,55,2,1,2,0,-6877501117414047201,5,6,332.099982802,637.3540759220001
0,0,104,1601077,false,false,false,265.2166666667541,0.0,65.35804382375042,48,56,2,2,3,0,-468187729399475766,5,6,332.099982802,637.3540759220001
0,0,105,1608996,false,true,false,600.0166666664496,17.31038848056087,100.0,107,123,4,4,10,0,-2446511650921286064,12,13,332.099982802,637.3540759220001
0,0,106,1616915,false,false,false,260.01666666675885,0.0,39.05678057380013,47,56,2,1,4,0,5807456663024759871,5,6,332.099982802,637.3540759220001
0,0,107,1624834,true,false,false,396.29999999996824,64.96946154623785,0.0,71,87,3,5,2,0,-4179740955340001405,8,10,332.099982802,637.3540759220001
0,0,108,1632753,false,false,false,342.6166666666837,0.0,18.46863918416744,61,76,3,4,1,0,7003628028740495147,7,9,332.099982802,637.3540759220001
0,0,109,1640672,true,false,false,191.50000000004454,88.7404760397373,0.0,35,41,4,2,2,0,6707718233281258805,4,5,332.099982802,637.3540759220001
0,0,110,1648591,false,false,false,234.4666666667454,0.0,65.17214231840852,42,51,1,1,4,0,4905245212717512047,5,6,332.099982802,637.3540759220001
0,0,111,1656510,true,false,false,162.90000000002178,78.29317599621127,0.0,30,37,0,3,0,0,-2836222367064094441,3,3,332.099982802,637.3540759220001
0,0,112,1664429,false,false,false,106.41666666666191,0.0,54.50642436718875,20,25,1,1,1,0,-6109031208550163904,2,2,332.099982802,637.3540759220001
0,0,113,1672348,true,false,false,374.39999999998815,73.9547553786629,0.0,67,79,2,4,1,0,-5373642528097600231,8,10,332.099982802,637.3540759220001
0,0,114,1680267,true,false,false,292.0000000000631,28.454221792484717,0.0,52,60,3,3,3,0,-6192012642655050980,6,7,332.099982802,637.3540759220001
0,0,115,1688186,false,false,false,223.4166666667366,0.0,90.10390846045388,40,47,2,1,4,0,4807792685717650419,4,5,332.099982802,637.3540759220001
0,0,116,1696105,false,false,false,392.2166666666386,0.0,67.56729079589424,70,81,3,1,6,0,-3862994607321550770,8,10,332.099982802,637.3540759220001
0,0,117,1704024,false,false,false,329.2166666666959,0.0,57.3953806930409,59,72,1,3,4,0,-3114206625717029731,6,7,332.099982802,637.3540759220001
0,0,118,1711943,false,false,false,402.2166666666295,0.0,16.602820795844362,72,85,2,3,3,0,-6207894208574957284,8,10,332.099982802,637.3540759220001
0,0,119,1719862,false,false,false,403.8999999999613,0.0,15.85392259317316,72,83,3,6,3,0,-6761288127645248016,8,9,332.099982802,637.3540759220001
0,0,120,1727781,true,false,false,122.89999999999431,67.03875010609032,0.0,23,29,0,2,0,0,-4664750005925870073,2,2,332.099982802,637.3540759220001
0,0,121,1735700,false,false,false,210.98333333339338,0.0,66.26110112389196,38,44,2,0,2,0,3309979396998275018,4,5,332.099982802,637.3540759220001
0,0,122,1743619,true,false,false,285.48333333340236,81.93110561197533,0.0,51,61,1,4,0,0,2357034520742644409,6,7,332.099982802,637.3540759220001
0,0,123,1751538,true,false,false,272.80000000008056,81.67924976832026,0.0,49,58,0,5,0,0,-7703426268134230990,5,6,332.099982802,637.3540759220001
0,0,124,1759457,false,true,false,600.0166666664496,84.39099662608535,100.0,107,114,4,8,8,0,-6262179566131891392,13,16,332.099982802,637.3540759220001
0,0,125,1767376,false,false,false,595.216666666454,0.0,80.78953617202988,106,119,3,5,8,0,6507419702084186317,12,13,332.099982802,637.3540759220001
0,0,126,1775295,false,false,false,471.01666666656695,0.0,90.35026927965413,84,98,2,3,7,0,-7194063888324360828,10,12,332.099982802,637.3540759220001
0,0,127,1783214,false,false,false,145.21666666667437,0.0,69.27520748128913,26,34,1,2,1,0,2186232641157045175,2,2,332.099982802,637.3540759220001
0,1,0,777501,false,false,false,112.99999999999487,0.0,64.39965666640475,21,27,1,0,2,0,-6051778389702792078,2,2,332.099982802,637.3540759220001
0,1,1,785420,true,false,false,120.31666666666112,61.17654613215101,0.0,22,29,0,1,0,0,-5348993548534095679,2,2,332.099982802,637.3540759220001
0,1,2,793339,false,false,false,559.5999999998197,0.0,90.50653300681783,100,106,3,2,6,0,4785303646511825645,12,15,332.099982802,637.3540759220001
0,1,3,801258,false,false,false,397.39999999996724,0.0,98.81847789152822,71,82,1,1,7,0,7559739275369743994,8,10,332.099982802,637.3540759220001
0,1,4,809177,false,false,false,271.80000000008147,0.0,82.79687085638922,49,60,1,1,4,0,78375395855334644,5,6,332.099982802,637.3540759220001
0,1,5,817096,false,false,false,224.51666666673748,0.0,51.781477373958204,41,49,2,1,1,0,7897110229761811843,4,5,332.099982802,637.3540759220001
0,1,6,825015,true,false,false,368.73333333332664,100.0,0.0,66,76,2,5,1,0,-3746046975463907832,8,10,332.099982802,637.3540759220001
0,1,7,832934,true,false,false,172.71666666669626,37.87534651490501,0.0,31,38,0,0,3,0,5673798293372211133,3,3,332.099982802,637.3540759220001
0,1,8,840853,true,false,false,117.61666666666127,87.00324015492906,0.0,22,28,0,1,0,0,-5801364976932583940,2,2,332.099982802,637.3540759220001
0,1,9,848772,false,false,false,462.9999999999076,0.0,40.04888308323058,83,96,6,4,5,0,-4081118181173807625,10,13,332.099982802,637.3540759220001
0,1,10,856691,true,false,false,398.5166666666329,26.391717533926325,0.0,71,84,3,6,1,0,-1139988022771599717,8,10,332.099982802,637.3540759220001
0,1,11,864610,false,true,false,600.0166666664496,0.5518068359564133,85.72825119982173,107,125,2,6,7,0,2828112432211616852,12,14,332.099982802,637.3540759220001
0,1,12,872529,false,false,false,316.00000000004127,0.0,97.56127659154374,57,65,0,1,3,0,-8060392940399186959,6,7,332.099982802,637.3540759220001
0,1,13,880448,true,false,false,121.51666666666105,64.84209351986244,0.0,22,29,0,0,2,0,2996547222131904807,2,2,332.099982802,637.3540759220001
0,1,14,888367,false,false,false,351.6000000000089,0.0,89.43965182789015,63,73,3,4,5,0,-1762590068142679846,7,9,332.099982802,637.3540759220001
0,1,15,896286,false,false,false,190.2000000000435,0.0,76.4211476005962,34,43,0,1,2,0,-2849416482328743529,3,3,332.099982802,637.3540759220001
0,1,16,904205,true,false,false,295.51666666672656,52.526346929069724,0.0,53,64,1,5,0,0,400859997629401530,6,7,332.099982802,637.3540759220001
0,1,17,912124,false,false,false,233.00000000007756,0.0,64.35771031017299,42,50,1,0,4,0,57701413231137709,5,6,332.099982802,637.3540759220001
0,1,18,920043,false,false,false,239.40000000008266,0.0,90.40428587055074,43,50,1,0,3,0,8757757284568541572,5,6,332.099982802,637.3540759220001
0,1,19,927962,false,false,false,407.39999999995814,0.0,23.66586955385901,73,87,4,3,4,0,3696768595936273819,8,10,332.099982802,637.3540759220001
0,1,20,935881,true,false,false,190.21666666671018,72.31008364519744,0.0,34,40,4,2,0,0,6886248023271861205,4,5,332.099982802,637.3540759220001
0,1,21,943800,true,false,false,391.1166666666396,35.53736287886624,0.0,70,82,3,4,2,0,-3990341352006559845,8,10,332.099982802,637.3540759220001
0,1,22,951719,false,false,false,277.800000000076,0.0,86.02304868852598,50,57,0,0,4,0,1544465483045751642,6,7,332.099982802,637.3540759220001
0,1,23,959638,false,false,false,105.59999999999529,0.0,23.507470441886387,19,26,0,0,1,0,6311086808430311573,2,2,332.099982802,637.3540759220001
0,1,24,967557,false,false,false,517.7999999998577,0.0,72.21723047654878,92,105,6,7,5,0,9035617621497208439,11,14,332.099982802,637.3540759220001
0,1,25,975476,false,false,false,300.40000000005546,0.0,68.05639212016816,54,64,1,1,3,0,-5598009211608707786,6,7,332.099982802,637.3540759220001
0,1,26,983395,true,false,false,527.8999999998485,84.68607434940537,0.0,94,106,3,9,2,0,15508460788546035,11,14,332.099982802,637.3540759220001
0,1,27,991314,true,false,false,78.91666666666347,79.2643500855348,0.0,15,22,0,0,1,0,2097840553872994389,1,1,332.099982802,637.3540759220001
0,1,28,999233,true,false,false,83.51666666666321,86.99895508402501,0.0,16,22,0,1,0,0,8419454529362832460,1,1,332.099982802,637.3540759220001
0,1,29,1007152,false,false,false,267.6000000000853,0.0,87.25621015112362,48,59,2,3,3,0,-8872891529545291661,5,6,332.099982802,637.3540759220001
0,1,30,1015071,false,false,false,263.80000000008874,0.0,40.76735161306019,47,58,1,2,1,0,-1126924994600502127,5,6,332.099982802,637.3540759220001
0,1,31,1022990,true,false,false,296.7166666667255,28.21777175348493,0.0,53,64,1,3,2,0,-8823880871107120215,6,7,332.099982802,637.3540759220001
0,1,32,1030909,false,false,false,347.80000000001235,0.0,66.93965308184089,62,71,1,2,5,0,-2790314020641988189,7,8,332.099982802,637.3540759220001
0,1,33,1038828,false,false,false,113.39999999999485,0.0,2.627394999353324,21,28,0,0,0,0,-4126905605046839868,2,2,332.099982802,637.3540759220001
0,1,34,1046747,false,false,false,101.59999999999552,0.0,82.29019385607272,19,26,0,1,1,0,889373244095539686,2,2,332.099982802,637.3540759220001
0,1,35,1054666,false,true,false,600.0166666664496,67.53399640701001,37.80123386291566,107,122,6,8,5,0,-362659377057078678,12,15,332.099982802,637.3540759220001
0,1,36,1062585,false,true,false,600.0166666664496,29.057515345419667,32.94635537915269,107,122,3,9,4,0,2363807762333695927,13,16,332.099982802,637.3540759220001
0,1,37,1070504,true,false,false,331.6000000000271,41.813936484307746,0.0,59,68,1,1,5,0,7507893341158846670,6,7,332.099982802,637.3540759220001
0,1,38,1078423,false,false,false,379.5999999999834,0.0,90.30024112267387,68,77,3,0,5,0,-4332921190392631970,8,10,332.099982802,637.3540759220001
0,1,39,1086342,false,false,false,291.2166666667305,0.0,98.30968763729591,52,63,0,1,4,0,7149656840114058096,6,7,332.099982802,637.3540759220001
0,1,40,1094261,false,false,false,248.13333333342294,0.0,96.56004895810656,45,54,0,1,4,0,2231474510379766981,4,4,332.099982802,637.3540759220001
0,1,41,1102180,false,false,false,154.0000000000147,0.0,43.7553979505534,28,36,1,1,2,0,-4491277010566133901,2,2,332.099982802,637.3540759220001
0,1,42,1110099,false,false,false,273.86666666674626,0.0,83.78232642510396,49,56,1,2,3,0,-4726243568651090443,6,7,332.099982802,637.3540759220001
0,1,43,1118018,true,false,false,140.3666666666705,86.10319031256236,0.0,26,33,0,1,1,0,-3600450681212822184,2,2,332.099982802,637.3540759220001
0,1,44,1125937,false,false,false,116.39999999999468,0.0,54.827769556782954,21,28,0,1,1,0,907169285681666547,2,2,332.099982802,637.3540759220001
0,1,45,1133856,false,false,false,241.6000000000844,0.0,29.694783579402113,44,52,2,2,1,0,4861574109765947274,5,6,332.099982802,637.3540759220001
0,1,46,1141775,false,false,false,258.6000000000935,0.0,83.55016583514583,47,56,0,1,4,0,-3802171848540946467,5,5,332.099982802,637.3540759220001
0,1,47,1149694,false,false,false,229.20000000007454,0.0,86.67686008081307,41,47,1,0,5,0,4277169769013195434,5,6,332.099982802,637.3540759220001
0,1,48,1157613,false,false,false,182.8000000000376,0.0,13.867450606170124,33,42,0,1,2,0,1763500290122254802,3,3,332.099982802,637.3540759220001
0,1,49,1165532,false,false,false,105.99999999999527,0.0,89.330786540484,20,26,2,1,1,0,-1980103800311215214,2,2,332.099982802,637.3540759220001
0,1,50,1173451,true,false,false,101.51666666666219,16.942194275492874,0.0,19,26,1,1,0,0,-5360323288747695738,1,2,332.099982802,637.3540759220001
0,1,51,1181370,true,false,false,272.31666666674766,61.29972461007832,0.0,49,60,0,4,2,0,-881548128489848874,5,6,332.099982802,637.3540759220001
0,1,52,1189289,false,false,false,149.71666666667795,0.0,27.74649361070613,27,35,1,1,1,0,-4767071284205998784,2,2,332.099982802,637.3540759220001
0,1,53,1197208,false,false,false,189.00000000004255,0.0,90.3898524198751,34,38,2,0,2,0,-858279903448316986,4,5,332.099982802,637.3540759220001
0,1,54,1205127,false,false,false,531.9999999998448,0.0,98.90797072082093,95,112,2,6,6,0,894781850789054020,11,13,332.099982802,637.3540759220001
0,1,55,1213046,false,true,false,600.0166666664496,45.58474814719885,29.08110517859971,107,125,2,8,2,0,2354887938091303953,13,16,332.099982802,637.3540759220001
0,1,56,1220965,true,false,false,419.6166666666137,81.77899930464451,0.0,75,89,3,7,0,0,-3544826785138032387,9,11,332.099982802,637.3540759220001
0,1,57,1228884,true,false,false,178.03333333336715,83.9405175752414,0.0,32,40,0,2,1,0,8726523345767693971,3,3,332.099982802,637.3540759220001
0,1,58,1236803,true,false,false,107.51666666666185,37.30769655317152,0.0,20,26,1,1,0,0,4335834754395562329,2,2,332.099982802,637.3540759220001
0,1,59,1244722,false,false,false,585.9999999997957,0.0,52.800879705501835,104,124,4,6,5,0,-2070428191320577198,12,15,332.099982802,637.3540759220001
0,1,60,1252641,false,false,false,133.79999999999862,0.0,73.47941818562195,24,31,0,0,2,0,-1385551403561061071,2,2,332.099982802,637.3540759220001
0,1,61,1260560,true,false,false,317.86666666670624,100.0,0.0,57,66,1,5,0,0,5244568057832753676,6,7,332.099982802,637.3540759220001
0,1,62,1268479,false,false,false,154.60000000001517,0.0,63.98767722695962,28,36,0,0,3,0,2059447410536113210,3,3,332.099982802,637.3540759220001
0,1,63,1276398,false,false,false,447.0166666665888,0.0,67.65464587997575,80,95,3,2,7,0,-4291924292007626503,9,11,332.099982802,637.3540759220001
0,1,64,1284317,false,false,false,127.6666666666607,0.0,5.364664296504952,23,31,0,2,0,0,5429203934994798991,2,2,332.099982802,637.3540759220001
0,1,65,1292236,false,false,false,546.7999999998314,0.0,14.228865114071837,98,113,7,5,6,0,1078416899568444771,12,15,332.099982802,637.3540759220001
0,1,66,1300155,true,false,false,483.8166666665553,19.581861098081596,0.0,86,100,3,6,4,0,-3095823501095647001,10,12,332.099982802,637.3540759220001
0,1,67,1308074,false,false,false,180.4000000000357,0.0,42.031444517786376,33,42,0,0,3,0,7248784548930926195,3,3,332.099982802,637.3540759220001
0,1,68,1315993,false,false,false,356.5166666666711,0.0,38.323502807080644,64,76,2,2,5,0,3085437597951566329,7,8,332.099982802,637.3540759220001
0,1,69,1323912,false,false,false,142.40000000000546,0.0,61.23120910606424,26,34,2,1,2,0,3285380956683278800,2,2,332.099982802,637.3540759220001
0,1,70,1331831,false,true,false,600.0166666664496,82.92185525755625,26.217999076631013,107,123,3,8,2,0,7119909846852197329,13,17,332.099982802,637.3540759220001
0,1,71,1339750,false,false,false,297.8000000000578,0.0,27.372030287578646,53,64,2,3,2,0,-8642167302292082308,6,7,332.099982802,637.3540759220001
0,1,72,1347669,false,false,false,372.5999999999898,0.0,81.28,67,74,6,0,5,0,-9006864811980028576,8,10,332.099982802,637.3540759220001
0,1,73,1355588,true,false,false,69.81666666666399,91.8469543971588,0.0,13,19,0,1,0,0,9035386162396316474,1,1,332.099982802,637.3540759220001
0,1,74,1363507,false,false,false,215.25000000006344,0.0,63.47754298548517,39,49,2,2,2,0,-8261619327963528590,4,5,332.099982802,637.3540759220001
0,1,75,1371426,true,false,false,459.26666666657763,100.0,0.0,82,94,3,9,0,0,-2317698663999408499,9,11,332.099982802,637.3540759220001
0,1,76,1379345,true,false,false,335.6166666666901,14.30379408659266,0.0,60,70,4,4,1,0,-3508266653368189546,7,9,332.099982802,637.3540759220001
0,1,77,1387264,false,false,false,560.5999999998188,0.0,71.70498471140095,100,112,2,3,8,0,8765138857655104720,12,14,332.099982802,637.3540759220001
0,1,78,1395183,false,false,false,134.59999999999926,0.0,41.070144327600126,25,32,0,0,2,0,-7452791527429135159,2,2,332.099982802,637.3540759220001
0,1,79,1403102,false,true,false,600.0166666664496,11.123146991053206,99.064,107,124,4,7,9,0,1238647872411834890,12,15,332.099982802,637.3540759220001
0,1,80,1411021,true,false,false,167.51666666669212,55.20375886786634,0.0,30,38,0,2,1,0,3946808290335174418,3,3,332.099982802,637.3540759220001
0,1,81,1418940,true,false,false,345.9166666666807,72.55897047291451,0.0,62,72,5,6,0,0,-859076474329399118,7,9,332.099982802,637.3540759220001
0,1,82,1426859,true,false,false,112.71666666666155,33.64512953726852,0.0,21,28,1,1,1,0,6196247414820655165,2,2,332.099982802,637.3540759220001
0,1,83,1434778,false,false,false,329.20000000002926,0.0,81.28,59,66,4,0,4,0,-7918431632984669262,7,9,332.099982802,637.3540759220001
0,1,84,1442697,false,false,false,137.60000000000164,0.0,31.74055094458258,25,33,0,0,2,0,-76757849724377896,2,2,332.099982802,637.3540759220001
0,1,85,1450616,true,false,false,498.51666666654194,92.91337574595443,0.0,89,101,3,7,0,0,-7436738920560333325,11,13,332.099982802,637.3540759220001
0,1,86,1458535,true,false,false,425.4166666666084,45.47498837339553,0.0,76,86,1,5,2,0,1935150515406216301,9,11,332.099982802,637.3540759220001
0,1,87,1466454,false,false,false,329.00000000002944,0.0,36.32564646281772,59,68,1,1,5,0,-5511083566907221029,7,8,332.099982802,637.3540759220001
0,1,88,1474373,false,false,false,211.00000000006006,0.0,47.2806951435038,38,48,1,0,2,0,-8527316766788010262,4,5,332.099982802,637.3540759220001
0,1,89,1482292,false,false,false,115.19999999999474,0.0,65.73128625440795,21,28,0,0,2,0,6546158137975633390,2,2,332.099982802,637.3540759220001
0,1,90,1490211,false,false,false,548.3999999998299,0.0,27.128234536686122,98,114,4,7,3,0,7500182311421243783,12,15,332.099982802,637.3540759220001
0,1,91,1498130,true,false,false,261.9166666667571,9.834752425358332,0.0,47,55,1,2,3,0,-2762773202858602014,5,6,332.099982802,637.3540759220001
0,1,92,1506049,false,false,false,310.0000000000467,0.0,70.59085954427309,56,63,1,0,6,0,-3107514937941624423,6,7,332.099982802,637.3540759220001
0,1,93,1513968,false,false,false,108.39999999999513,0.0,58.62727211502653,20,27,0,0,1,0,-1240241782793489430,2,2,332.099982802,637.3540759220001
0,1,94,1521887,true,false,false,452.6166666665837,14.885203600698913,0.0,81,96,4,6,3,0,-7578508325259230428,9,10,332.099982802,637.3540759220001
0,1,95,1529806,false,false,false,317.80000000003963,0.0,55.391494745984524,57,67,5,3,1,0,2972959643459958123,7,9,332.099982802,637.3540759220001
0,1,96,1537725,true,false,false,229.41666666674138,74.05118446185622,0.0,41,48,1,4,0,0,6749790141929202369,4,5,332.099982802,637.3540759220001
0,1,97,1545644,false,false,false,405.39999999995996,0.0,81.28,73,80,3,1,7,0,-4257339381570502249,9,11,332.099982802,637.3540759220001
0,1,98,1553563,true,false,false,75.81666666666365,81.10323180512597,0.0,14,21,0,1,0,0,2251297134030711610,1,1,332.099982802,637.3540759220001
0,1,99,1561482,false,false,false,334.40000000002453,0.0,74.56942088307153,60,69,9,3,5,0,8709671914294798174,7,9,332.099982802,637.3540759220001
0,1,100,1569401,false,false,false,187.11666666670772,0.0,43.465806230762695,34,42,1,2,2,0,-6736096890886131590,3,3,332.099982802,637.3540759220001
0,1,101,1577320,false,false,false,83.39999999999655,0.0,43.709601995334175,16,22,1,0,1,0,-6767786935097153800,1,1,332.099982802,637.3540759220001
0,1,102,1585239,true,false,false,173.5166666666969,31.57312782469756,0.0,31,40,0,1,2,0,-4287484281019472948,3,3,332.099982802,637.3540759220001
0,1,103,1593158,true,false,false,156.71666666668352,22.046164509856474,0.0,29,35,0,1,2,0,763197992217967570,3,3,332.099982802,637.3540759220001
0,1,104,1601077,false,false,false,232.70000000007732,0.0,55.497363114189106,42,52,0,1,3,0,278477319117085511,4,4,332.099982802,637.3540759220001
0,1,105,1608996,true,false,false,302.60000000005346,17.30476248273973,0.0,54,65,4,6,0,0,8753040798153770501,6,7,332.099982802,637.3540759220001
0,1,106,1616915,true,false,false,425.1166666666087,78.23521353135034,0.0,76,87,2,5,3,0,4784067912254140290,9,11,332.099982802,637.3540759220001
0,1,107,1624834,false,false,false,475.79999999989593,0.0,54.26930175804609,85,93,2,5,7,0,-6713753204259169080,10,12,332.099982802,637.3540759220001
0,1,108,1632753,false,false,false,187.11666666670772,0.0,90.16503015274291,34,41,2,0,1,0,-6745054277420987859,4,5,332.099982802,637.3540759220001
0,1,109,1640672,false,false,false,188.00000000004175,0.0,94.21668692262067,34,40,5,1,3,0,-980107923907356124,4,5,332.099982802,637.3540759220001
0,1,110,1648591,false,false,false,127.64999999999404,0.0,8.434311442472184,23,31,0,0,1,0,-3673675463781218011,2,2,332.099982802,637.3540759220001
0,1,111,1656510,true,false,false,303.6166666667192,57.397317135221115,0.0,55,64,1,3,1,0,3940660783661412845,6,7,332.099982802,637.3540759220001
0,1,112,1664429,true,false,false,169.81666666669395,48.870512117616876,0.0,31,39,0,3,0,0,-72325025782375003,3,3,332.099982802,637.3540759220001
0,1,113,1672348,false,false,false,364.19999999999743,0.0,90.64,65,72,2,0,6,0,1328949232341832590,8,10,332.099982802,637.3540759220001
0,1,114,1680267,false,false,false,112.59999999999489,0.0,82.41415972398538,21,28,1,1,1,0,-3232976719778021727,2,2,332.099982802,637.3540759220001
0,1,115,1688186,true,false,false,534.6166666665091,39.605671116977284,0.0,95,111,5,11,0,0,2022307633512719224,11,14,332.099982802,637.3540759220001
0,1,116,1696105,true,false,false,402.41666666662934,100.0,0.0,72,82,2,7,2,0,6209577018816533943,8,10,332.099982802,637.3540759220001
0,1,117,1704024,false,true,false,600.0166666664496,31.9337857501257,100.0,107,115,2,4,9,0,-1823046406382124804,13,16,332.099982802,637.3540759220001
0,1,118,1711943,false,false,false,486.7999999998859,0.0,44.96790070546937,87,103,0,4,6,0,1905536099208105098,10,12,332.099982802,637.3540759220001
0,1,119,1719862,false,false,false,102.39999999999547,0.0,58.91380070083647,19,26,1,1,1,0,3605785936226235042,2,2,332.099982802,637.3540759220001
0,1,120,1727781,false,true,false,600.0166666664496,58.70394452033269,6.7458282460967105,107,122,5,10,3,0,-3390944576246020207,12,15,332.099982802,637.3540759220001
0,1,121,1735700,true,false,false,452.41666666658386,15.606810222608228,0.0,81,94,2,6,1,0,984494728866843110,9,11,332.099982802,637.3540759220001
0,1,122,1743619,false,false,false,132.99999999999798,0.0,25.10676133774773,24,31,1,1,1,0,-6274112302394173317,2,2,332.099982802,637.3540759220001
0,1,123,1751538,true,false,false,129.9166666666622,47.72346388082334,0.0,24,32,0,0,1,0,-3517240928370340302,2,2,332.099982802,637.3540759220001
0,1,124,1759457,false,false,false,339.8000000000196,0.0,52.98579170587865,61,74,3,4,4,0,-1221108669797926061,7,8,332.099982802,637.3540759220001
0,1,125,1767376,true,false,false,414.2166666666186,59.881262386182705,0.0,74,88,4,6,1,0,-7159742225068128617,9,11,332.099982802,637.3540759220001
0,1,126,1775295,true,false,false,234.41666666674536,42.49929531449712,0.0,42,51,3,3,1,0,-5997148007410680233,4,5,332.099982802,637.3540759220001
0,1,127,1783214,false,false,false,299.40000000005637,0.0,69.02233898702127,54,62,2,2,3,0,-2903495694064511824,6,7,332.099982802,637.3540759220001
1,0,0,777501,true,false,false,110.19999999999503,60.53731349879782,0.0,20,30,0,1,1,0,-2653405885826958739,2,2,332.099982802,637.3540759220001
1,0,1,785420,true,false,false,115.19999999999474,25.661393267366016,0.0,21,29,2,0,0,0,-1894265293438680479,2,2,332.099982802,637.3540759220001
1,0,2,793339,false,false,false,163.616666666689,0.0,70.62449431293535,30,41,0,2,1,0,5025858775391267267,3,3,332.099982802,637.3540759220001
1,0,3,801258,true,false,false,124.7999999999942,68.87999261647197,0.0,23,35,0,2,0,0,3917653056627973028,2,2,332.099982802,637.3540759220001
1,0,4,809177,false,true,false,600.0166666664496,82.94328345928284,8.609339241453549,107,128,4,8,4,0,7113152128017358993,13,15,332.099982802,637.3540759220001
1,0,5,817096,false,false,false,76.41666666666362,0.0,37.87539590214284,14,25,1,0,0,0,5145382776383807326,1,1,332.099982802,637.3540759220001
1,0,6,825015,true,false,false,121.99999999999436,16.968973921006206,0.0,22,33,1,2,0,0,-6996484895022316912,2,2,332.099982802,637.3540759220001
1,0,7,832934,false,false,false,313.01666666671065,0.0,48.256344474560535,56,71,1,3,3,0,2851206466036159180,6,7,332.099982802,637.3540759220001
1,0,8,840853,false,false,false,499.2166666665413,0.0,76.56893160988888,89,113,2,6,5,0,-1875566201672560887,11,13,332.099982802,637.3540759220001
1,0,9,848772,false,true,false,600.0166666664496,39.790226194600066,48.980719006250126,107,130,3,7,7,0,-1215793351248031288,13,15,332.099982802,637.3540759220001
1,0,10,856691,true,false,false,122.54999999999433,65.65156652719347,0.0,22,32,0,2,0,0,-2358896497568477755,2,2,332.099982802,637.3540759220001
1,0,11,864610,false,false,false,243.0166666667522,0.0,72.12539198783891,44,58,3,0,5,0,6066192713284140603,5,6,332.099982802,637.3540759220001
1,0,12,872529,false,false,false,233.61666666674472,0.0,75.877885430073,42,57,3,1,2,0,2731055236255931383,5,6,332.099982802,637.3540759220001
1,0,13,880448,true,false,false,319.20000000003836,79.0686166243538,0.0,57,71,3,4,0,0,9202966735384973969,7,9,332.099982802,637.3540759220001
1,0,14,888367,false,false,false,356.5833333333377,0.0,36.381526201945675,64,80,2,5,4,0,-1435000802682341181,7,8,332.099982802,637.3540759220001
1,0,15,896286,false,false,false,223.61666666673676,0.0,68.81003389202051,40,54,0,1,3,0,8761653752214673206,4,4,332.099982802,637.3540759220001
1,0,16,904205,false,false,false,342.10000000001753,0.0,100.0,61,74,10,1,7,0,5191253401865288333,8,10,332.099982802,637.3540759220001
1,0,17,912124,true,false,false,316.8500000000405,58.760454998344485,0.0,57,74,1,4,2,0,7014272450353158783,6,7,332.099982802,637.3540759220001
1,0,18,920043,false,false,false,77.81666666666354,0.0,65.13573749836644,15,25,2,0,1,0,-5872223698420285548,1,1,332.099982802,637.3540759220001
1,0,19,927962,false,false,false,128.79999999999464,0.0,51.376211822208006,24,35,0,0,2,0,8319376347048600662,2,2,332.099982802,637.3540759220001
1,0,20,935881,false,false,false,400.0166666666315,0.0,90.4448418624882,72,85,3,1,5,0,2104735654344664179,9,11,332.099982802,637.3540759220001
1,0,21,943800,false,false,false,333.81666666669173,0.0,81.02288485956814,60,72,7,0,4,0,8517255511687476869,7,9,332.099982802,637.3540759220001
1,0,22,951719,true,false,false,125.39999999999417,71.25878731899427,0.0,23,35,0,2,0,0,-4820255827881404462,2,2,332.099982802,637.3540759220001
1,0,23,959638,false,false,false,136.2166666666672,0.0,66.90846450757299,25,37,2,1,2,0,5598534742257617325,2,2,332.099982802,637.3540759220001
1,0,24,967557,false,false,false,523.9499999998521,0.0,51.44686906462475,93,113,2,5,6,0,-5307755309626370824,11,12,332.099982802,637.3540759220001
1,0,25,975476,false,false,false,371.41666666665753,0.0,39.45499817827694,67,85,2,4,4,0,3021025561168371868,8,9,332.099982802,637.3540759220001
1,0,26,983395,true,false,false,178.20000000003395,52.11142204970799,0.0,32,45,0,2,1,0,-5634626338774016132,3,3,332.099982802,637.3540759220001
1,0,27,991314,false,false,false,282.8166666667381,0.0,44.23683905551085,51,67,2,3,2,0,8109242262098280731,6,7,332.099982802,637.3540759220001
1,0,28,999233,true,false,false,328.68333333336307,100.0,0.0,59,71,3,6,1,0,961193740359871479,7,9,332.099982802,637.3540759220001
1,0,29,1007152,false,false,false,64.01666666666432,0.0,60.1571423284296,12,22,1,1,0,0,-1928874308884655761,1,1,332.099982802,637.3540759220001
1,0,30,1015071,false,false,false,368.6166666666601,0.0,84.42946862456044,66,83,2,2,4,0,-8494290918964000129,8,9,332.099982802,637.3540759220001
1,0,31,1022990,true,false,false,114.79999999999477,55.98631840862952,0.0,21,31,0,0,1,0,8114462738879660823,2,2,332.099982802,637.3540759220001
1,0,32,1030909,true,false,false,448.7999999999205,86.8012012539592,0.0,80,94,7,9,1,0,3065547810251131845,9,11,332.099982802,637.3540759220001
1,0,33,1038828,false,false,false,325.01666666669973,0.0,24.411335365822545,58,76,0,4,2,0,2540324642691679838,7,8,332.099982802,637.3540759220001
1,0,34,1046747,false,false,false,108.4166666666618,0.0,56.90011860172039,20,31,2,0,2,0,3428226315771418520,2,2,332.099982802,637.3540759220001
1,0,35,1054666,false,false,false,484.41666666655476,0.0,90.4351987972682,87,103,6,3,6,0,-2808504941928366557,11,13,332.099982802,637.3540759220001
1,0,36,1062585,false,false,false,108.4166666666618,0.0,21.20058175142518,20,31,1,0,0,0,-7741299461514629987,2,2,332.099982802,637.3540759220001
1,0,37,1070504,false,false,false,340.61666666668555,0.0,34.094319886378536,61,75,0,5,1,0,2207557637432752763,7,8,332.099982802,637.3540759220001
1,0,38,1078423,false,true,false,600.0166666664496,76.57842076150328,28.188505908912276,107,128,2,9,2,0,6256385028339407858,13,16,332.099982802,637.3540759220001
1,0,39,1086342,false,true,false,600.0166666664496,39.65742182794155,100.0,107,125,4,6,7,0,6759569830065099055,14,16,332.099982802,637.3540759220001
1,0,40,1094261,true,false,false,134.99999999999957,94.14931285196202,0.0,25,37,0,3,0,0,-6211036604371538126,2,2,332.099982802,637.3540759220001
1,0,41,1102180,false,false,false,240.683333333417,0.0,81.28,43,52,3,1,3,0,2084691173916926780,5,6,332.099982802,637.3540759220001
1,0,42,1110099,false,false,false,291.01666666673066,0.0,43.329064520448135,52,67,1,3,3,0,-7016463699315814795,6,7,332.099982802,637.3540759220001
1,0,43,1118018,true,false,false,583.499999999798,57.550817301510804,0.0,104,128,5,8,2,0,-306686059726589222,13,16,332.099982802,637.3540759220001
1,0,44,1125937,false,true,false,600.0166666664496,44.59305303667934,83.96745913498944,107,126,7,6,10,0,5447261816543124322,13,16,332.099982802,637.3540759220001
1,0,45,1133856,true,false,false,164.60000000002313,15.778045718219541,0.0,30,42,0,1,1,0,8043130936044397362,3,3,332.099982802,637.3540759220001
1,0,46,1141775,false,false,false,186.60000000004064,0.0,60.907023965411,34,45,4,0,1,0,-1291959474197932170,4,5,332.099982802,637.3540759220001
1,0,47,1149694,false,false,false,561.2166666664849,0.0,7.403602723057579,100,122,4,8,4,0,-3398555556206175856,12,14,332.099982802,637.3540759220001
1,0,48,1157613,false,false,false,261.21666666675776,0.0,60.32572355252074,47,64,3,2,3,0,-3524971092524172408,5,6,332.099982802,637.3540759220001
1,0,49,1165532,false,false,false,224.21666666673724,0.0,42.168041380344874,40,54,0,1,3,0,2518523363241230475,4,4,332.099982802,637.3540759220001
1,0,50,1173451,false,false,false,153.90000000001461,0.0,0.24835648677367567,28,40,1,0,2,0,-5085094099290026286,2,2,332.099982802,637.3540759220001
1,0,51,1181370,false,false,false,240.41666666675013,0.0,90.34980727821922,43,57,1,1,3,0,-140180961522673426,5,6,332.099982802,637.3540759220001
1,0,52,1189289,false,false,false,186.216666666707,0.0,85.00510999724345,34,45,3,2,1,0,3879178097784852641,4,5,332.099982802,637.3540759220001
1,0,53,1197208,true,false,false,574.7999999998059,83.34810840650127,0.0,102,129,4,10,2,0,-283143140376341078,13,16,332.099982802,637.3540759220001
1,0,54,1205127,false,false,false,251.01666666675857,0.0,54.039080149167596,45,59,1,1,3,0,-1417029544406177095,5,5,332.099982802,637.3540759220001
1,0,55,1213046,false,false,false,290.88333333339745,0.0,24.991844318853957,52,70,2,1,3,0,-7270864990118311913,6,7,332.099982802,637.3540759220001
1,0,56,1220965,false,false,false,250.8166666667584,0.0,81.14299233897722,45,58,2,1,3,0,-1526248433115072459,5,6,332.099982802,637.3540759220001
1,0,57,1228884,true,false,false,514.9999999998603,35.03667497524598,0.0,92,112,4,6,2,0,6598617050857660690,11,14,332.099982802,637.3540759220001
1,0,58,1236803,true,false,false,252.00000000009268,51.30438843583869,0.0,45,61,1,5,1,0,6606051137698462054,5,6,332.099982802,637.3540759220001
1,0,59,1244722,true,false,false,117.39999999999462,9.563106408982836,0.0,22,31,0,1,1,0,5421884755854763023,2,2,332.099982802,637.3540759220001
1,0,60,1252641,false,false,false,289.4166666667321,0.0,77.50158021413502,52,70,1,1,5,0,-8065108998358986065,6,7,332.099982802,637.3540759220001
1,0,61,1260560,false,false,false,222.0166666667355,0.0,85.14239686009236,40,55,2,0,4,0,4560313365351840881,5,6,332.099982802,637.3540759220001
1,0,62,1268479,false,false,false,133.41666666666498,0.0,58.12156727134404,24,35,1,0,2,0,-3136720972951781363,2,2,332.099982802,637.3540759220001
1,0,63,1276398,false,false,false,229.70000000007494,0.0,67.35276111788123,41,55,0,0,4,0,-4962204961253879667,4,4,332.099982802,637.3540759220001
1,0,64,1284317,false,true,false,600.0166666664496,64.73685623980994,66.01552927922171,107,125,8,8,5,0,-1993957583487918227,14,17,332.099982802,637.3540759220001
1,0,65,1292236,false,false,false,344.01666666668245,0.0,34.80241351242805,62,81,6,2,6,0,2598828914147899273,7,8,332.099982802,637.3540759220001
1,0,66,1300155,false,false,false,230.3166666667421,0.0,90.64,42,52,3,0,4,0,8684094809344176267,5,6,332.099982802,637.3540759220001
1,0,67,1308074,false,false,false,163.01666666668854,0.0,84.23804486387446,30,41,0,0,2,0,2346171563861115665,3,3,332.099982802,637.3540759220001
1,0,68,1315993,true,false,false,157.4000000000174,41.6136070304708,0.0,29,40,0,2,0,0,-1363444727962989666,3,3,332.099982802,637.3540759220001
1,0,69,1323912,true,false,false,351.61666666667554,0.16960849139753864,0.0,63,80,5,3,5,0,-2900769358680856331,7,8,332.099982802,637.3540759220001
1,0,70,1331831,false,false,false,287.58333333340045,0.0,75.99928746972486,52,65,2,0,5,0,5995565506258972005,6,7,332.099982802,637.3540759220001
1,0,71,1339750,false,false,false,240.06666666674985,0.0,72.69121366811822,43,55,1,0,4,0,-2485264796990547306,5,6,332.099982802,637.3540759220001
1,0,72,1347669,false,false,false,425.0166666666088,0.0,27.709282275152233,76,93,2,5,3,0,-5873119113860022604,9,11,332.099982802,637.3540759220001
1,0,73,1355588,true,false,false,222.80000000006945,16.738004125965237,0.0,40,53,0,3,0,0,-64973012640174919,4,4,332.099982802,637.3540759220001
1,0,74,1363507,false,false,false,397.6166666666337,0.0,53.67537665645181,71,89,3,5,5,0,-1254514500829132048,8,9,332.099982802,637.3540759220001
1,0,75,1371426,true,false,false,178.93333333336787,11.890369624545958,0.0,32,45,0,2,0,0,-7983339404562895700,3,3,332.099982802,637.3540759220001
1,0,76,1379345,true,false,false,275.00000000007856,34.59427715458594,0.0,49,65,1,2,1,0,5561541047439944238,6,7,332.099982802,637.3540759220001
1,0,77,1387264,false,false,false,146.016666666675,0.0,35.117920216977026,27,38,0,2,1,0,-8027412359442225842,2,2,332.099982802,637.3540759220001
1,0,78,1395183,false,false,false,165.2166666666903,0.0,18.991670943412366,30,42,0,2,1,0,281093393562355437,3,3,332.099982802,637.3540759220001
1,0,79,1403102,false,true,false,600.0166666664496,53.12708836211228,77.43158835783495,107,128,4,8,7,0,2484598057795659435,13,15,332.099982802,637.3540759220001
1,0,80,1411021,false,false,false,283.8166666667372,0.0,33.80218954049778,51,65,0,2,3,0,7546877617823165767,5,5,332.099982802,637.3540759220001
1,0,81,1418940,false,false,false,209.81666666672578,0.0,66.90028937870085,38,45,2,0,1,0,5313789560737865886,5,6,332.099982802,637.3540759220001
1,0,82,1426859,true,false,false,490.7999999998823,36.51138479169231,0.0,88,107,4,7,4,0,-3914401376304464855,10,12,332.099982802,637.3540759220001
1,0,83,1434778,false,false,false,129.8333333333288,0.0,13.90547018337106,24,36,0,1,1,0,11090651532940306,2,2,332.099982802,637.3540759220001
1,0,84,1442697,false,false,false,394.43333333330327,0.0,16.81125047396064,71,88,3,4,5,0,-171150444136020382,8,9,332.099982802,637.3540759220001
1,0,85,1450616,false,false,false,430.8166666666035,0.0,90.64,77,95,2,1,6,0,8846248024640385926,10,12,332.099982802,637.3540759220001
1,0,86,1458535,true,false,false,143.80000000000658,62.471537017938374,0.0,26,37,0,2,1,0,-4985977753357351805,2,2,332.099982802,637.3540759220001
1,0,87,1466454,false,false,false,126.81666666666075,0.0,70.78667594356074,23,32,2,1,1,0,-1662667433154726347,2,2,332.099982802,637.3540759220001
1,0,88,1474373,false,false,false,417.4166666666157,0.0,62.85168551343117,75,98,4,5,3,0,-7831603659922091177,9,11,332.099982802,637.3540759220001
1,0,89,1482292,true,false,false,310.91666666671256,48.72444558509716,0.0,56,71,2,5,1,0,2923580575380602010,7,8,332.099982802,637.3540759220001
1,0,90,1490211,false,false,false,479.4166666665593,0.0,57.12331727950281,86,105,4,1,7,0,6785353897307223734,11,13,332.099982802,637.3540759220001
1,0,91,1498130,false,false,false,99.71666666666229,0.0,57.06724719972156,18,28,1,1,1,0,1598325322298659152,2,2,332.099982802,637.3540759220001
1,0,92,1506049,false,false,false,113.6666666666615,0.0,52.39865216166096,21,32,1,1,1,0,800032755874627912,2,2,332.099982802,637.3540759220001
1,0,93,1513968,false,false,false,182.41666666670397,0.0,78.4577811837755,33,46,1,1,3,0,-6054698557069396657,3,3,332.099982802,637.3540759220001
1,0,94,1521887,false,true,false,600.0166666664496,58.484338494357246,77.0643573958145,107,126,6,7,6,0,1009990724529250181,14,17,332.099982802,637.3540759220001
1,0,95,1529806,false,true,false,600.0166666664496,1.5155416523346097,100.0,107,129,4,2,9,0,8973878540131902030,14,16,332.099982802,637.3540759220001
1,0,96,1537725,false,false,false,133.61666666666514,0.0,31.083842836881292,24,35,0,0,2,0,-1152772768652948230,2,2,332.099982802,637.3540759220001
1,0,97,1545644,true,false,false,520.5999999998552,52.410791810117736,0.0,93,110,6,8,2,0,-7461469544900971752,11,14,332.099982802,637.3540759220001
1,0,98,1553563,false,false,false,282.6166666667383,0.0,65.53325862978954,51,68,3,3,3,0,-6561042100838610746,6,7,332.099982802,637.3540759220001
1,0,99,1561482,false,true,false,600.0166666664496,66.25643558618768,100.0,107,125,4,7,9,0,4164736242195268586,14,16,332.099982802,637.3540759220001
1,0,100,1569401,false,false,false,395.01666666663607,0.0,81.10160181702419,71,89,9,2,8,0,994361480557676835,9,11,332.099982802,637.3540759220001
1,0,101,1577320,false,false,false,136.2166666666672,0.0,5.179808438209542,25,36,0,0,1,0,-6438291522718142443,2,2,332.099982802,637.3540759220001
1,0,102,1585239,true,false,false,150.40000000001183,30.433319824879803,0.0,27,39,1,3,0,0,6809753375294433404,2,2,332.099982802,637.3540759220001
1,0,103,1593158,true,false,false,308.20000000004836,51.554003795695756,0.0,55,71,4,5,0,0,8406182945308578745,6,7,332.099982802,637.3540759220001
1,0,104,1601077,false,false,false,579.1999999998019,0.0,16.046679766240295,103,122,6,6,7,0,-4537668905824806747,13,15,332.099982802,637.3540759220001
1,0,105,1608996,false,false,false,560.016666666486,0.0,90.59100597011317,100,119,6,3,8,0,-6740313050261458991,13,16,332.099982802,637.3540759220001
1,0,106,1616915,false,false,false,248.81666666675682,0.0,80.75890956665546,45,58,4,0,5,0,-8820727457350260816,5,6,332.099982802,637.3540759220001
1,0,107,1624834,false,false,false,440.4166666665948,0.0,44.146809393941574,79,99,4,6,3,0,494517008271318606,9,11,332.099982802,637.3540759220001
1,0,108,1632753,false,false,false,66.41666666666418,0.0,25.61544277137395,13,22,2,0,0,0,4088183700615715810,1,1,332.099982802,637.3540759220001
1,0,109,1640672,false,true,false,600.0166666664496,13.588761515156099,19.853265728642963,107,128,5,7,7,0,4337990465859523409,13,15,332.099982802,637.3540759220001
1,0,110,1648591,false,false,false,159.5666666666858,0.0,59.04042198711471,29,39,2,0,3,0,-8693035760602995955,3,3,332.099982802,637.3540759220001
1,0,111,1656510,false,false,false,340.2166666666859,0.0,76.22683156234065,61,75,5,2,6,0,7997906328338668666,7,8,332.099982802,637.3540759220001
1,0,112,1664429,false,false,false,259.4166666667594,0.0,36.79642727055812,47,61,0,1,3,0,3083719374486133090,5,5,332.099982802,637.3540759220001
1,0,113,1672348,false,true,false,600.0166666664496,57.66656369991001,48.506795870731835,107,128,4,8,5,0,1021240063547533478,13,16,332.099982802,637.3540759220001
1,0,114,1680267,false,true,false,600.0166666664496,91.38401971370517,100.0,107,123,3,8,6,0,4376034967082896442,14,17,332.099982802,637.3540759220001
1,0,115,1688186,true,false,false,203.80000000005433,43.053089499731485,0.0,37,50,0,2,2,0,7428742411912410394,4,4,332.099982802,637.3540759220001
1,0,116,1696105,false,false,false,124.81666666666086,0.0,38.069665293832834,23,33,1,1,0,0,-6670183605749164038,2,2,332.099982802,637.3540759220001
1,0,117,1704024,false,false,false,359.31666666666854,0.0,2.3300692500893834,64,80,3,6,2,0,-1980123206922753436,7,8,332.099982802,637.3540759220001
1,0,118,1711943,true,false,false,493.9999999998794,30.44202861603727,0.0,88,108,2,10,1,0,9028593437326419910,11,13,332.099982802,637.3540759220001
1,0,119,1719862,false,false,false,171.21666666669506,0.0,24.815920004856665,31,44,0,2,1,0,-5485890451464380681,3,3,332.099982802,637.3540759220001
1,0,120,1727781,false,false,false,248.61666666675666,0.0,78.36319078895282,45,56,1,0,3,0,7447321234731800282,5,6,332.099982802,637.3540759220001
1,0,121,1735700,false,false,false,417.01666666661606,0.0,90.49502879388893,75,91,3,2,4,0,-1241896259138100615,9,11,332.099982802,637.3540759220001
1,0,122,1743619,false,false,false,518.8166666665235,0.0,15.407286867054786,93,113,2,6,3,0,-2847135746333926981,11,13,332.099982802,637.3540759220001
1,0,123,1751538,true,false,false,227.80000000007342,72.65336032572189,0.0,41,57,1,4,0,0,5133488623774359024,5,6,332.099982802,637.3540759220001
1,0,124,1759457,false,false,false,320.61666666670374,0.0,56.22013643402419,58,72,2,2,5,0,4169672021963335274,7,8,332.099982802,637.3540759220001
1,0,125,1767376,true,false,false,214.60000000006292,28.01480973335873,0.0,39,51,0,1,2,0,6944594911853663781,4,4,332.099982802,637.3540759220001
1,0,126,1775295,false,false,false,86.61666666666304,0.0,57.36544444570717,16,23,0,0,1,0,5751770913881185582,1,1,332.099982802,637.3540759220001
1,0,127,1783214,false,false,false,213.41666666672864,0.0,31.831448913168174,39,51,0,3,1,0,-2970394160196840211,4,4,332.099982802,637.3540759220001
1,1,0,777501,false,false,false,385.19999999997833,0.0,13.241546574468776,69,84,2,4,2,0,1425868009305379565,8,9,332.099982802,637.3540759220001
1,1,1,785420,true,false,false,259.66666666675917,1.1497465536220044,0.0,47,64,1,4,0,0,2636631456764951218,5,6,332.099982802,637.3540759220001
1,1,2,793339,false,false,false,119.13333333332785,0.0,46.2312604825785,22,33,0,1,1,0,803624786955255985,2,2,332.099982802,637.3540759220001
1,1,3,801258,false,false,false,206.60000000005655,0.0,81.06248854841945,37,49,2,0,2,0,-4735642430996742939,4,5,332.099982802,637.3540759220001
1,1,4,809177,false,false,false,378.3999999999845,0.0,50.85499402600018,68,87,4,3,4,0,-5248549962885750474,8,10,332.099982802,637.3540759220001
1,1,5,817096,true,false,false,230.13333333340861,84.26919115542141,0.0,41,56,3,5,0,0,-8002663643233374080,5,6,332.099982802,637.3540759220001
1,1,6,825015,true,false,false,330.0166666666952,43.36367035615536,0.0,59,78,2,5,2,0,1573125803587247940,7,8,332.099982802,637.3540759220001
1,1,7,832934,false,false,false,316.45000000004086,0.0,81.01681831511584,57,68,4,1,4,0,7315266984114092094,6,7,332.099982802,637.3540759220001
1,1,8,840853,true,false,false,103.31666666666209,92.63685626682957,0.0,19,27,0,2,0,0,-6381696540998609005,1,1,332.099982802,637.3540759220001
1,1,9,848772,false,true,false,600.0166666664496,8.76501185200448,78.92311072186268,107,126,4,8,6,0,-7855029454154703847,13,16,332.099982802,637.3540759220001
1,1,10,856691,true,false,false,413.4999999999526,80.77352858529153,0.0,74,90,3,6,1,0,7366268278984141255,9,11,332.099982802,637.3540759220001
1,1,11,864610,false,false,false,321.40000000003636,0.0,35.01549600765088,58,76,3,4,2,0,161939321685625864,7,8,332.099982802,637.3540759220001
1,1,12,872529,false,false,false,356.60000000000434,0.0,99.95013737114785,64,78,1,2,6,0,8969113435442719482,7,8,332.099982802,637.3540759220001
1,1,13,880448,false,false,false,351.6000000000089,0.0,37.08104860638778,63,79,1,2,4,0,2718178934556554775,7,8,332.099982802,637.3540759220001
1,1,14,888367,true,false,false,150.21666666667835,55.96337775373709,0.0,27,38,1,3,0,0,-5086802116013139531,2,2,332.099982802,637.3540759220001
1,1,15,896286,true,false,false,432.6166666666019,38.68886233677055,0.0,77,96,6,7,1,0,5865597877595791612,9,11,332.099982802,637.3540759220001
1,1,16,904205,false,false,false,77.3999999999969,0.0,64.22604212124611,14,23,1,0,1,0,8434346365084013134,1,1,332.099982802,637.3540759220001
1,1,17,912124,false,false,false,220.00000000006722,0.0,79.41962805764244,40,51,3,0,2,0,62693183316167647,5,6,332.099982802,637.3540759220001
1,1,18,920043,false,false,false,206.20000000005624,0.0,81.13660566664439,37,47,3,0,2,0,-3959154115392980888,4,5,332.099982802,637.3540759220001
1,1,19,927962,false,false,false,430.3999999999372,0.0,76.00426108747868,77,90,5,6,4,0,-2674569517717653342,9,11,332.099982802,637.3540759220001
1,1,20,935881,false,false,false,184.95000000003932,0.0,62.959423864281334,33,44,2,1,1,0,495065330398391732,4,5,332.099982802,637.3540759220001
1,1,21,943800,true,false,false,548.7999999998295,100.0,0.0,98,119,3,6,0,0,2166930665884089997,12,15,332.099982802,637.3540759220001
1,1,22,951719,false,false,false,133.78333333333194,0.0,56.33690976056911,24,36,0,0,3,0,3154710693146199882,2,2,332.099982802,637.3540759220001
1,1,23,959638,false,false,false,279.85000000007415,0.0,54.372613667432276,50,67,1,0,2,0,6175513503637161201,6,7,332.099982802,637.3540759220001
1,1,24,967557,false,false,false,476.3999999998954,0.0,52.48491189454287,85,105,3,7,4,0,800982386151419204,10,12,332.099982802,637.3540759220001
1,1,25,975476,false,false,false,544.5999999998334,0.0,52.301337743437834,97,120,3,9,4,0,-4379242768864353341,12,14,332.099982802,637.3540759220001
1,1,26,983395,false,false,false,128.59999999999448,0.0,60.49600758818199,24,35,0,0,1,0,-5923980055974016485,2,2,332.099982802,637.3540759220001
1,1,27,991314,false,true,false,600.0166666664496,18.642661591728686,57.0840310762976,107,125,2,5,7,0,-1746810540480459936,13,15,332.099982802,637.3540759220001
1,1,28,999233,false,false,false,285.500000000069,0.0,84.73048583765608,51,63,3,0,4,0,-8124913316497654637,6,7,332.099982802,637.3540759220001
1,1,29,1007152,false,false,false,478.39999999989357,0.0,61.592737847058416,85,105,6,5,6,0,-3051748837789730225,10,12,332.099982802,637.3540759220001
1,1,30,1015071,true,false,false,245.21666666675395,48.44355417992692,0.0,44,59,1,3,0,0,-7266119493042401325,5,6,332.099982802,637.3540759220001
1,1,31,1022990,false,false,false,157.03333333335044,0.0,59.568217713992745,29,40,1,0,3,0,-1454588401424508881,3,3,332.099982802,637.3540759220001
1,1,32,1030909,false,false,false,260.4500000000918,0.0,90.64,47,59,3,1,3,0,3454213631243391557,5,6,332.099982802,637.3540759220001
1,1,33,1038828,true,false,false,177.61666666670016,18.40721990712873,0.0,32,45,1,2,1,0,-2050695415005037481,3,3,332.099982802,637.3540759220001
1,1,34,1046747,true,false,false,258.2166666667605,50.770046740569285,0.0,46,60,1,3,1,0,-308945698281359425,5,6,332.099982802,637.3540759220001
1,1,35,1054666,false,false,false,113.39999999999485,0.0,51.909813784884484,21,32,1,1,1,0,-4192297228619924302,2,2,332.099982802,637.3540759220001
1,1,36,1062585,true,false,false,266.81666666675267,44.07390019564693,0.0,48,64,3,4,0,0,4118641420414898929,5,7,332.099982802,637.3540759220001
1,1,37,1070504,false,false,false,430.9499999999367,0.0,56.85579028632206,77,93,2,2,6,0,-3237063850398106991,9,10,332.099982802,637.3540759220001
1,1,38,1078423,false,false,false,276.20000000007747,0.0,34.39616075013478,50,65,1,1,3,0,8719443046298087861,6,7,332.099982802,637.3540759220001
1,1,39,1086342,false,false,false,279.0000000000749,0.0,56.29310104781145,50,66,2,4,2,0,307572318327718139,6,7,332.099982802,637.3540759220001
1,1,40,1094261,false,false,false,283.8833333334038,0.0,38.94794226170756,51,68,2,5,1,0,4239162208725185174,6,7,332.099982802,637.3540759220001
1,1,41,1102180,true,false,false,452.66666666658364,100.0,0.0,81,99,3,6,1,0,-5374990001895582284,10,12,332.099982802,637.3540759220001
1,1,42,1110099,true,false,false,88.61666666666292,70.01001531817862,0.0,16,27,0,1,0,0,9108302421002954027,1,1,332.099982802,637.3540759220001
1,1,43,1118018,false,false,false,200.60000000005178,0.0,98.68426343818574,36,45,1,0,2,0,-447247849542559210,4,5,332.099982802,637.3540759220001
1,1,44,1125937,false,false,false,249.80000000009093,0.0,61.918026688736816,45,56,2,3,2,0,8296126506994291546,5,6,332.099982802,637.3540759220001
1,1,45,1133856,true,false,false,196.21666666671496,55.45193494720635,0.0,35,48,0,3,1,0,-1601604225697047516,3,3,332.099982802,637.3540759220001
1,1,46,1141775,true,false,false,160.81666666668679,71.09710059302212,0.0,29,41,0,3,0,0,6125205201620444225,3,3,332.099982802,637.3540759220001
1,1,47,1149694,false,false,false,97.59999999999575,0.0,34.06875518502784,18,29,0,0,0,0,12591869481391388,1,1,332.099982802,637.3540759220001
1,1,48,1157613,false,false,false,63.583333333331005,0.0,24.966316923984923,12,22,0,0,0,0,-7570414280344963664,1,1,332.099982802,637.3540759220001
1,1,49,1165532,true,false,false,104.01666666666205,36.853335863233774,0.0,19,29,0,2,0,0,-5794977673014423286,2,2,332.099982802,637.3540759220001
1,1,50,1173451,false,false,false,234.40000000007868,0.0,77.35838672724019,42,55,2,1,2,0,-1373795787661801741,5,6,332.099982802,637.3540759220001
1,1,51,1181370,true,false,false,450.8166666665853,70.26026545328176,0.0,81,98,3,8,1,0,-3004075694623241998,10,12,332.099982802,637.3540759220001
1,1,52,1189289,false,false,false,154.8333333333487,0.0,14.972051553961458,28,40,0,1,1,0,2577420462561227905,3,3,332.099982802,637.3540759220001
1,1,53,1197208,false,false,false,75.79999999999698,0.0,19.339705062805923,14,25,0,0,0,0,-1043712122219777720,1,1,332.099982802,637.3540759220001
1,1,54,1205127,false,false,false,101.7999999999955,0.0,67.43366562467351,19,30,0,0,1,0,-6015142859597981325,2,2,332.099982802,637.3540759220001
1,1,55,1213046,true,false,false,472.01666666656604,84.22190050990291,0.0,84,101,4,7,0,0,1322701901172604722,11,14,332.099982802,637.3540759220001
1,1,56,1220965,false,false,false,246.40000000008823,0.0,32.105017575211335,44,58,0,2,3,0,5417829654870923530,5,5,332.099982802,637.3540759220001
1,1,57,1228884,false,false,false,268.40000000008456,0.0,69.66079804429404,48,61,1,0,3,0,-4049377571946219194,6,7,332.099982802,637.3540759220001
1,1,58,1236803,false,false,false,224.0000000000704,0.0,85.89531517195937,40,51,1,0,2,0,-6477982028432597321,5,6,332.099982802,637.3540759220001
1,1,59,1244722,false,false,false,478.39999999989357,0.0,72.21387681183741,85,104,3,6,6,0,2887260913369968193,10,12,332.099982802,637.3540759220001
1,1,60,1252641,false,false,false,195.20000000004748,0.0,70.00072398406567,35,48,0,1,3,0,-9093644500607627155,3,3,332.099982802,637.3540759220001
1,1,61,1260560,false,true,false,600.0166666664496,95.49338974113917,11.129814369662029,107,134,2,12,2,0,-6209962531333136234,13,16,332.099982802,637.3540759220001
1,1,62,1268479,false,false,false,147.40000000000944,0.0,89.26632978180913,27,39,0,1,2,0,8234697519909531977,2,2,332.099982802,637.3540759220001
1,1,63,1276398,true,false,false,200.61666666671846,39.33684030557582,0.0,36,49,0,2,2,0,-4370622527165749071,3,3,332.099982802,637.3540759220001
1,1,64,1284317,false,false,false,97.19999999999577,0.0,60.1774546884842,18,29,1,1,0,0,-4480615383591998349,1,1,332.099982802,637.3540759220001
1,1,65,1292236,true,false,false,280.01666666674066,55.8852601697126,0.0,50,65,3,5,1,0,-1484056136360146508,6,7,332.099982802,637.3540759220001
1,1,66,1300155,false,false,false,278.40000000007547,0.0,20.62817886542876,50,68,1,4,1,0,4203549481408104503,6,7,332.099982802,637.3540759220001
1,1,67,1308074,false,false,false,273.2000000000802,0.0,99.92404781951127,49,63,0,0,2,0,8004855872068670782,6,7,332.099982802,637.3540759220001
1,1,68,1315993,false,false,false,247.60000000008918,0.0,46.12117655519596,45,59,2,0,3,0,7987118621327958304,5,6,332.099982802,637.3540759220001
1,1,69,1323912,false,false,false,223.20000000006976,0.0,47.68031032221986,40,52,2,2,2,0,-3654010667172189535,4,5,332.099982802,637.3540759220001
1,1,70,1331831,false,true,false,600.0166666664496,69.99444166407744,19.36209690849176,107,129,5,8,2,0,-635001349552313101,13,16,332.099982802,637.3540759220001
1,1,71,1339750,false,false,false,153.80000000001453,0.0,37.327140179061885,28,39,0,3,0,0,-1472251536347627391,3,3,332.099982802,637.3540759220001
1,1,72,1347669,false,false,false,418.7999999999478,0.0,90.40076169377639,75,90,2,0,3,0,-4021892558402732213,9,11,332.099982802,637.3540759220001
1,1,73,1355588,true,false,false,126.21666666666079,76.1617312871304,0.0,23,34,0,1,1,0,-7810111654449847668,2,2,332.099982802,637.3540759220001
1,1,74,1363507,false,false,false,336.0000000000231,0.0,63.23425501503278,60,77,4,4,4,0,-2090004526573310294,7,8,332.099982802,637.3540759220001
1,1,75,1371426,false,false,false,382.19999999998106,0.0,36.72267408967605,68,86,1,5,3,0,-7138323137147268351,8,9,332.099982802,637.3540759220001
1,1,76,1379345,false,false,false,103.5999999999954,0.0,23.122241893347727,19,29,1,0,1,0,-3940993506232097578,2,2,332.099982802,637.3540759220001
1,1,77,1387264,true,false,false,109.81666666666172,61.35821646767771,0.0,20,30,0,1,0,0,-8484894973625333625,2,2,332.099982802,637.3540759220001
1,1,78,1395183,false,false,false,54.399999999998194,0.0,55.41344027534312,10,20,0,0,0,0,982010134835376682,1,1,332.099982802,637.3540759220001
1,1,79,1403102,false,false,false,150.20000000001167,0.0,52.33565188980337,27,38,1,2,1,0,634426339224353945,3,3,332.099982802,637.3540759220001
1,1,80,1411021,false,false,false,177.20000000003316,0.0,27.54652190371771,32,44,1,3,0,0,-1551348433400137826,3,3,332.099982802,637.3540759220001
1,1,81,1418940,true,false,false,258.4166666667603,27.563301475849908,0.0,47,62,2,3,1,0,-705851043930040608,5,6,332.099982802,637.3540759220001
1,1,82,1426859,true,false,false,216.81666666673135,30.304062507221595,0.0,39,53,0,2,2,0,-7185173124159044999,4,4,332.099982802,637.3540759220001
1,1,83,1434778,false,false,false,235.8000000000798,0.0,100.0,42,53,3,0,3,0,579718614138423894,5,6,332.099982802,637.3540759220001
1,1,84,1442697,false,false,false,237.80000000008138,0.0,81.8600596040907,43,53,3,3,3,0,-2840271359340093262,5,6,332.099982802,637.3540759220001
1,1,85,1450616,false,false,false,285.4000000000691,0.0,23.026769653046955,51,69,1,4,1,0,4509456841424508737,6,7,332.099982802,637.3540759220001
1,1,86,1458535,false,false,false,245.46666666675415,0.0,37.68807469272138,44,60,2,3,1,0,-7722457995363620101,5,6,332.099982802,637.3540759220001
1,1,87,1466454,false,false,false,133.79999999999862,0.0,17.264824661644084,24,36,0,0,1,0,-4475976571860958576,2,2,332.099982802,637.3540759220001
1,1,88,1474373,false,false,false,109.19999999999509,0.0,42.672059836601726,20,31,0,1,1,0,-7655672505122919804,2,2,332.099982802,637.3540759220001
1,1,89,1482292,false,false,false,203.400000000054,0.0,25.065463419803372,37,50,2,3,1,0,1630895160134363439,4,4,332.099982802,637.3540759220001
1,1,90,1490211,false,true,false,600.0166666664496,3.7041613224629315,34.28872264630531,107,122,3,8,4,0,8434405176463830586,13,16,332.099982802,637.3540759220001
1,1,91,1498130,false,true,false,600.0166666664496,100.0,50.57966771804453,107,128,3,9,2,0,-2115581180478656925,14,17,332.099982802,637.3540759220001
1,1,92,1506049,true,false,false,344.01666666668245,21.33002206547338,0.0,62,75,2,1,2,0,-3065096584217811197,7,8,332.099982802,637.3540759220001
1,1,93,1513968,true,false,false,313.21666666671047,31.338889845825502,0.0,56,73,2,2,3,0,8501065153337745675,6,7,332.099982802,637.3540759220001
1,1,94,1521887,false,false,false,257.6000000000944,0.0,57.20235129803097,46,60,2,3,2,0,-8724191552209079225,5,6,332.099982802,637.3540759220001
1,1,95,1529806,false,true,false,600.0166666664496,100.0,37.149246684558065,107,131,4,10,3,0,7194169031783438981,13,16,332.099982802,637.3540759220001
1,1,96,1537725,true,false,false,542.5833333331685,40.858833760558966,0.0,97,123,6,7,2,0,-3442646380911486323,12,15,332.099982802,637.3540759220001
1,1,97,1545644,false,false,false,413.3999999999527,0.0,90.56858789281588,74,88,3,1,5,0,-3475589621109131298,9,11,332.099982802,637.3540759220001
1,1,98,1553563,false,false,false,201.80000000005273,0.0,81.074124780297,36,46,2,0,2,0,2429175962949418678,4,5,332.099982802,637.3540759220001
1,1,99,1561482,false,false,false,105.79999999999528,0.0,41.69425797580682,19,30,1,1,1,0,1699272126964902963,2,2,332.099982802,637.3540759220001
1,1,100,1569401,false,false,false,246.40000000008823,0.0,67.7990546026192,44,58,1,2,2,0,-7926090408537011430,5,6,332.099982802,637.3540759220001
1,1,101,1577320,true,false,false,233.2166666667444,30.7233411296885,0.0,42,58,4,4,0,0,8546358592588220493,5,6,332.099982802,637.3540759220001
1,1,102,1585239,false,false,false,215.6166666667304,0.0,48.093512300987044,39,52,0,1,3,0,-2985926835447299819,4,4,332.099982802,637.3540759220001
1,1,103,1593158,false,false,false,99.99999999999561,0.0,47.81362230900374,18,28,1,0,1,0,-4686635851485852594,2,2,332.099982802,637.3540759220001
1,1,104,1601077,false,false,false,166.00000000002424,0.0,50.614303317479106,30,42,0,1,2,0,4223754465921996617,3,3,332.099982802,637.3540759220001
1,1,105,1608996,false,true,false,600.0166666664496,40.32801243374965,44.52698556357043,107,128,4,7,4,0,-692023076416541850,13,16,332.099982802,637.3540759220001
1,1,106,1616915,false,false,false,317.2000000000402,0.0,23.913540010232655,57,71,2,4,1,0,-8506154430386110997,7,8,332.099982802,637.3540759220001
1,1,107,1624834,false,false,false,446.5999999999225,0.0,75.91330060691756,80,96,3,2,4,0,1675030513456796602,10,12,332.099982802,637.3540759220001
1,1,108,1632753,false,false,false,111.58333333332828,0.0,52.010875376951184,21,30,1,0,2,0,-5211294819193193667,2,2,332.099982802,637.3540759220001
1,1,109,1640672,false,false,false,362.78333333333205,0.0,74.31091851394538,65,80,4,4,5,0,-6921498322835026837,8,10,332.099982802,637.3540759220001
1,1,110,1648591,true,false,false,430.2999999999373,17.00702893402054,0.0,77,98,3,6,1,0,-2285651421463729833,9,11,332.099982802,637.3540759220001
1,1,111,1656510,true,false,false,232.01666666674345,46.491290183918316,0.0,42,56,1,3,1,0,-3963738604393128517,4,4,332.099982802,637.3540759220001
1,1,112,1664429,false,false,false,182.60000000003745,0.0,41.70757442870638,33,46,0,1,2,0,752070876009882738,3,3,332.099982802,637.3540759220001
1,1,113,1672348,false,false,false,243.53333333341928,0.0,81.28,44,54,2,0,3,0,-3413244190161005596,5,6,332.099982802,637.3540759220001
1,1,114,1680267,false,false,false,275.80000000007783,0.0,35.263305751514245,50,65,1,2,4,0,-955643906712028738,5,6,332.099982802,637.3540759220001
1,1,115,1688186,false,true,false,600.0166666664496,100.0,29.345462084453498,107,129,3,9,3,0,6813163901027178711,13,16,332.099982802,637.3540759220001
1,1,116,1696105,false,false,false,289.40000000006546,0.0,58.53887640646344,52,69,3,3,3,0,980148332600586961,6,7,332.099982802,637.3540759220001
1,1,117,1704024,false,false,false,428.7999999999387,0.0,79.24765923396595,77,95,2,2,7,0,4043569543348697909,9,10,332.099982802,637.3540759220001
1,1,118,1711943,false,false,false,156.80000000001692,0.0,12.043915146915499,29,40,0,1,2,0,4442437680483312629,3,3,332.099982802,637.3540759220001
1,1,119,1719862,false,false,false,133.3999999999983,0.0,60.12600957553382,24,35,0,0,1,0,-2991479901967273008,2,2,332.099982802,637.3540759220001
1,1,120,1727781,false,false,false,303.4000000000527,0.0,10.9423796021981,54,69,1,4,1,0,4087359240262534382,6,7,332.099982802,637.3540759220001
1,1,121,1735700,true,false,false,344.8166666666817,50.781673279382744,0.0,62,81,2,6,1,0,2596402690206266208,7,8,332.099982802,637.3540759220001
1,1,122,1743619,false,false,false,317.40000000004,0.0,81.1261565086811,57,71,2,2,4,0,1684322953549617743,7,8,332.099982802,637.3540759220001
1,1,123,1751538,false,false,false,203.20000000005385,0.0,86.7591186867325,37,47,2,0,2,0,-7564017553065770229,4,5,332.099982802,637.3540759220001
1,1,124,1759457,false,true,false,600.0166666664496,13.683530046617703,71.1477407726735,107,130,7,7,7,0,-8617565375184391418,13,16,332.099982802,637.3540759220001
1,1,125,1767376,false,false,false,361.4,0.0,21.93751560485983,65,84,1,4,3,0,-5741031231097459380,7,8,332.099982802,637.3540759220001
1,1,126,1775295,true,false,false,233.61666666674472,60.38275759869844,0.0,42,56,2,3,0,0,3258013908063828964,5,6,332.099982802,637.3540759220001
1,1,127,1783214,false,false,false,283.2000000000711,0.0,76.28327302919294,51,65,2,1,4,0,6587352108182257291,6,7,332.099982802,637.3540759220001
2,0,0,777501,false,false,false,239.01666666674902,0.0,86.06675715055773,43,54,5,0,3,0,-7957140757945521915,5,6,332.099982802,637.3540759220001
2,0,1,785420,false,false,false,158.61666666668503,0.0,31.431570815388675,29,41,0,0,3,0,-142596897933746132,3,3,332.099982802,637.3540759220001
2,0,2,793339,false,false,false,107.41666666666185,0.0,55.809380867821055,20,31,1,2,0,0,-2059638067894725753,2,2,332.099982802,637.3540759220001
2,0,3,801258,true,false,false,184.26666666670545,11.080201296654517,0.0,33,46,1,2,1,0,7030792374914761225,3,3,332.099982802,637.3540759220001
2,0,4,809177,false,true,false,600.0166666664496,63.46888209265918,46.380812861020885,107,127,6,9,6,0,-5481669414400166666,14,16,332.099982802,637.3540759220001
2,0,5,817096,true,false,false,81.46666666666333,86.48728590362379,0.0,15,23,0,1,0,0,4535721806151241654,1,1,332.099982802,637.3540759220001
2,0,6,825015,false,false,false,114.61666666666144,0.0,52.12676295623588,21,32,0,1,1,0,-7193464489967316692,2,2,332.099982802,637.3540759220001
2,0,7,832934,false,false,false,511.84999999986314,0.0,64.84304058808343,91,114,2,6,5,0,-8310127171897609652,11,13,332.099982802,637.3540759220001
2,0,8,840853,false,false,false,263.21666666675594,0.0,59.13727562313366,47,60,2,4,2,0,-2134952202542085547,6,7,332.099982802,637.3540759220001
2,0,9,848772,false,false,false,512.0166666665297,0.0,83.94046728647376,91,105,8,3,9,0,6980673435227782892,12,14,332.099982802,637.3540759220001
2,0,10,856691,false,false,false,425.2166666666086,0.0,43.919092743055224,76,96,2,3,5,0,-6240163378683948318,9,10,332.099982802,637.3540759220001
2,0,11,864610,false,false,false,256.950000000095,0.0,31.75165593517728,46,61,5,1,5,0,-659552652994240650,5,6,332.099982802,637.3540759220001
2,0,12,872529,false,false,false,303.816666666719,0.0,65.00673612509495,55,70,2,2,4,0,4899712479642621325,6,7,332.099982802,637.3540759220001
2,0,13,880448,false,false,false,232.41666666674377,0.0,45.629341446556026,42,56,0,2,3,0,7562598176181454083,4,4,332.099982802,637.3540759220001
2,0,14,888367,false,true,false,600.0166666664496,66.35008022883824,42.05691463765614,107,127,4,8,7,0,1588780952010051796,14,16,332.099982802,637.3540759220001
2,0,15,896286,false,true,false,600.0166666664496,56.1254015486631,100.0,107,122,6,4,6,0,-1743201842261681952,15,17,332.099982802,637.3540759220001
2,0,16,904205,false,false,false,265.0166666667543,0.0,60.74519342025419,48,65,3,1,4,0,-1954453484889694313,6,7,332.099982802,637.3540759220001
2,0,17,912124,true,false,false,241.933333333418,60.39001963567367,0.0,44,57,2,5,0,0,-7620280836227509376,5,6,332.099982802,637.3540759220001
2,0,18,920043,false,false,false,224.4166666667374,0.0,92.43032592766492,40,53,2,2,2,0,-5450284368722033824,5,6,332.099982802,637.3540759220001
2,0,19,927962,false,true,false,600.0166666664496,56.45236683149792,53.64022913149899,107,126,7,8,6,0,-7486158165205787298,14,16,332.099982802,637.3540759220001
2,0,20,935881,false,false,false,278.61666666674193,0.0,31.39078088259426,50,67,2,0,2,0,2622645185914302559,6,7,332.099982802,637.3540759220001
2,0,21,943800,false,false,false,235.8000000000798,0.0,49.94248462009396,42,56,2,0,1,0,7577276769062597392,5,6,332.099982802,637.3540759220001
2,0,22,951719,false,false,false,74.11666666666375,0.0,51.78794969582982,14,25,1,0,0,0,-8727441440178767954,1,1,332.099982802,637.3540759220001
2,0,23,959638,false,true,false,600.0166666664496,8.828619886212676,86.86911165761686,107,127,3,7,6,0,-3378029233944398125,13,15,332.099982802,637.3540759220001
2,0,24,967557,true,false,false,312.66666666671097,22.437735096447792,0.0,56,66,2,3,2,0,2739220042431649842,7,8,332.099982802,637.3540759220001
2,0,25,975476,false,false,false,406.01666666662607,0.0,90.50220186281797,73,88,2,1,8,0,4128660267282340801,9,10,332.099982802,637.3540759220001
2,0,26,983395,false,false,false,219.21666666673326,0.0,90.44778489690212,40,50,4,1,3,0,-7624672965196782622,5,6,332.099982802,637.3540759220001
2,0,27,991314,true,false,false,155.80000000001613,37.488507355669384,0.0,28,39,0,1,0,0,-544444131136983741,3,3,332.099982802,637.3540759220001
2,0,28,999233,false,false,false,192.88333333337897,0.0,25.60173381307014,35,47,0,2,2,0,5153824060928178314,3,3,332.099982802,637.3540759220001
2,0,29,1007152,false,true,false,600.0166666664496,56.563145433451325,100.0,107,123,3,5,8,0,9028018992142167042,14,17,332.099982802,637.3540759220001
2,0,30,1015071,false,true,false,600.0166666664496,25.12179630560196,100.0,107,128,6,6,7,0,302257089347784659,14,16,332.099982802,637.3540759220001
2,0,31,1022990,false,false,false,474.21666666656404,0.0,62.8075583424814,85,105,13,5,7,0,1203614099395075364,11,13,332.099982802,637.3540759220001
2,0,32,1030909,false,false,false,335.6166666666901,0.0,25.5628121754665,60,76,3,3,3,0,-1166880639542175246,7,8,332.099982802,637.3540759220001
2,0,33,1038828,false,false,false,116.81666666666132,0.0,23.777595068518163,21,32,0,1,1,0,-7155548904974870055,2,2,332.099982802,637.3540759220001
2,0,34,1046747,false,false,false,154.816666666682,0.0,94.30679528497109,28,40,1,0,3,0,1262971224443234303,3,3,332.099982802,637.3540759220001
2,0,35,1054666,false,false,false,176.4166666666992,0.0,65.60146387420541,32,45,0,1,2,0,4528818268373431457,3,3,332.099982802,637.3540759220001
2,0,36,1062585,false,false,false,240.25000000008333,0.0,64.65220486328225,43,53,2,0,2,0,-2439078857069382743,5,6,332.099982802,637.3540759220001
2,0,37,1070504,false,false,false,552.0166666664933,0.0,87.27884557679535,98,120,3,8,4,0,-6349057329871578575,12,15,332.099982802,637.3540759220001
2,0,38,1078423,true,false,false,132.19999999999735,43.22100421244568,0.0,24,36,0,1,0,0,6999375627774340098,2,2,332.099982802,637.3540759220001
2,0,39,1086342,false,false,false,511.1499999998638,0.0,24.66963026554286,91,111,3,6,4,0,-3410002220860430510,11,12,332.099982802,637.3540759220001
2,0,40,1094261,true,false,false,154.5000000000151,51.28329650624298,0.0,28,40,1,3,0,0,8368617344341489927,3,3,332.099982802,637.3540759220001
2,0,41,1102180,true,false,false,105.96666666666194,82.37108269245238,0.0,20,27,0,1,1,0,-6156202442683090440,2,2,332.099982802,637.3540759220001
2,0,42,1110099,false,false,false,321.416666666703,0.0,63.96089250881942,58,75,3,5,2,0,-2019774486645300254,7,8,332.099982802,637.3540759220001
2,0,43,1118018,false,false,false,522.8999999998531,0.0,48.85301544683067,93,113,5,6,4,0,6853568091393570330,12,14,332.099982802,637.3540759220001
2,0,44,1125937,false,true,false,600.0166666664496,58.722015597289534,76.4577858000696,107,123,10,6,10,0,-4141496476334831449,14,16,332.099982802,637.3540759220001
2,0,45,1133856,false,false,false,456.81666666657986,0.0,81.24781526213607,82,93,7,2,6,0,-782341944737322193,11,13,332.099982802,637.3540759220001
2,0,46,1141775,false,false,false,445.2166666665904,0.0,43.474336071806846,80,102,3,2,5,0,1530414379739137133,10,12,332.099982802,637.3540759220001
2,0,47,1149694,true,false,false,299.33333333338976,68.48894663393993,0.0,54,70,4,5,0,0,1598844620962245761,6,7,332.099982802,637.3540759220001
2,0,48,1157613,true,false,false,123.46666666666094,51.56412477309615,0.0,23,34,1,2,0,0,1518185724779972893,2,2,332.099982802,637.3540759220001
2,0,49,1165532,false,false,false,122.01666666666102,0.0,34.33465391199926,22,34,1,1,1,0,-8133365752979391941,2,2,332.099982802,637.3540759220001
2,0,50,1173451,false,false,false,264.41666666675485,0.0,90.64,48,59,4,1,5,0,2245228663500254667,6,7,332.099982802,637.3540759220001
2,0,51,1181370,false,false,false,116.99999999999464,0.0,26.289218895495555,21,32,0,1,1,0,5092549609647714153,2,2,332.099982802,637.3540759220001
2,0,52,1189289,false,false,false,416.29999999995005,0.0,45.37389140739125,74,93,3,5,2,0,2323123599589382696,9,11,332.099982802,637.3540759220001
2,0,53,1197208,true,false,false,542.1999999998355,14.769628581217823,0.0,97,120,3,8,1,0,-1256581487219642406,12,14,332.099982802,637.3540759220001
2,0,54,1205127,false,false,false,250.4166666667581,0.0,94.61857111934226,45,57,2,1,3,0,-8595934332219178038,6,6,332.099982802,637.3540759220001
2,0,55,1213046,false,false,false,293.01666666672884,0.0,100.0,53,65,2,2,4,0,-2115997668331367173,6,7,332.099982802,637.3540759220001
2,0,56,1220965,true,false,false,253.70000000009404,19.11714816602932,0.0,46,57,5,1,3,0,8375720707357357601,5,6,332.099982802,637.3540759220001
2,0,57,1228884,false,false,false,557.2166666664885,0.0,58.23369074639221,99,121,3,7,5,0,2476873034302237120,12,14,332.099982802,637.3540759220001
2,0,58,1236803,false,false,false,127.01666666666074,0.0,57.14039507264144,23,34,0,0,2,0,-5663965311581987469,2,2,332.099982802,637.3540759220001
2,0,59,1244722,false,false,false,96.81666666666246,0.0,59.26166248843029,18,29,0,0,1,0,-2977615560757998548,2,1,332.099982802,637.3540759220001
2,0,60,1252641,false,false,false,498.61666666654185,0.0,66.414387031416,89,108,8,3,7,0,1938028715435368334,12,14,332.099982802,637.3540759220001
2,0,61,1260560,false,false,false,295.016666666727,0.0,71.77620012496442,53,66,5,1,5,0,3215012534440047590,6,7,332.099982802,637.3540759220001
2,0,62,1268479,false,false,false,274.8166666667454,0.0,65.19559066041717,49,63,2,1,2,0,5450010006876725603,6,7,332.099982802,637.3540759220001
2,0,63,1276398,false,false,false,170.75000000002802,0.0,22.20116083411627,31,44,0,1,2,0,-8545066834850034384,3,3,332.099982802,637.3540759220001
2,0,64,1284317,false,true,false,600.0166666664496,6.284338655097228,48.385773719898225,107,127,5,5,7,0,-800705755639328473,14,16,332.099982802,637.3540759220001
2,0,65,1292236,false,false,false,329.61666666669555,0.0,69.76496365509556,59,74,6,1,6,0,8515697150337098797,7,8,332.099982802,637.3540759220001
2,0,66,1300155,false,false,false,285.41666666673575,0.0,37.166741820256995,51,68,1,1,4,0,-4276148128122957684,6,7,332.099982802,637.3540759220001
2,0,67,1308074,false,false,false,182.41666666670397,0.0,4.044179573710143,33,45,0,1,2,0,-8933536335049377901,3,3,332.099982802,637.3540759220001
2,0,68,1315993,false,false,false,145.30000000000777,0.0,53.82723596955201,26,38,1,1,2,0,-4145791284646146878,2,2,332.099982802,637.3540759220001
2,0,69,1323912,false,false,false,151.81666666667962,0.0,11.797341273885724,28,39,1,2,1,0,-6485407271668478100,3,3,332.099982802,637.3540759220001
2,0,70,1331831,false,true,false,600.0166666664496,7.556470550685996,72.23692221113828,107,135,4,3,8,0,3138496307112044011,14,16,332.099982802,637.3540759220001
2,0,71,1339750,false,false,false,238.01666666674822,0.0,39.02463175107541,43,57,3,0,3,0,-925267970074202828,5,6,332.099982802,637.3540759220001
2,0,72,1347669,false,false,false,471.59999999989975,0.0,53.80737131418541,84,106,4,7,3,0,-9050916944966570533,10,12,332.099982802,637.3540759220001
2,0,73,1355588,false,false,false,361.016666666667,0.0,19.68206352964809,65,83,1,4,2,0,368157452718857582,8,9,332.099982802,637.3540759220001
2,0,74,1363507,true,false,false,82.0666666666633,85.46387607514069,0.0,15,23,0,1,0,0,7161117749087899685,1,1,332.099982802,637.3540759220001
2,0,75,1371426,false,false,false,271.4166666667485,0.0,46.11784074603942,49,65,3,1,3,0,5918926245029317024,6,7,332.099982802,637.3540759220001
2,0,76,1379345,false,false,false,100.49999999999558,0.0,73.61077970838852,19,29,0,0,2,0,7145313506248852532,2,2,332.099982802,637.3540759220001
2,0,77,1387264,false,false,false,459.6166666665773,0.0,31.94037461579488,82,101,5,7,2,0,4766352750024084719,10,12,332.099982802,637.3540759220001
2,0,78,1395183,false,false,false,155.61666666668265,0.0,25.94298512926426,28,40,0,1,2,0,1740839393003622205,3,3,332.099982802,637.3540759220001
2,0,79,1403102,false,false,false,243.61666666675268,0.0,63.09810098820869,44,58,0,2,3,0,-3517605181730911456,4,4,332.099982802,637.3540759220001
2,0,80,1411021,false,false,false,263.4000000000891,0.0,90.25316131884884,47,60,3,1,4,0,-5552868709032493099,6,7,332.099982802,637.3540759220001
2,0,81,1418940,false,false,false,150.8500000000122,0.0,17.50579510081721,27,38,1,1,1,0,118595497807485323,2,2,332.099982802,637.3540759220001
2,0,82,1426859,false,false,false,564.8166666664816,0.0,39.17752057842511,101,124,4,7,4,0,4439043688800224258,12,14,332.099982802,637.3540759220001
2,0,83,1434778,true,false,false,389.2666666666413,60.827357026414674,0.0,70,86,3,6,0,0,-1563848639831306621,9,11,332.099982802,637.3540759220001
2,0,84,1442697,false,false,false,524.4166666665184,0.0,68.85822885046669,94,110,4,6,6,0,-2085507331668239181,12,14,332.099982802,637.3540759220001
2,0,85,1450616,false,false,false,345.01666666668154,0.0,82.61157992519378,62,80,4,2,5,0,3137939210446002745,8,9,332.099982802,637.3540759220001
2,0,86,1458535,true,false,false,99.84999999999562,87.48164204513641,0.0,18,27,0,2,0,0,1946342552595657020,1,1,332.099982802,637.3540759220001
2,0,87,1466454,false,false,false,228.71666666674082,0.0,14.690782586044563,41,55,1,2,2,0,-9205175065475163797,4,4,332.099982802,637.3540759220001
2,0,88,1474373,false,true,false,600.0166666664496,52.45404378248935,18.602490999393794,107,128,1,9,3,0,1014098511420297599,13,15,332.099982802,637.3540759220001
2,0,89,1482292,false,true,false,600.0166666664496,90.14155861903045,58.72263711371912,107,125,4,8,4,0,-8246519812114873152,14,16,332.099982802,637.3540759220001
2,0,90,1490211,false,true,false,600.0166666664496,50.413768672558604,81.28,107,125,9,5,9,0,4363036826322578652,14,16,332.099982802,637.3540759220001
2,0,91,1498130,false,false,false,340.81666666668536,0.0,60.9224943392731,61,79,5,3,6,0,-5369508633576895663,7,8,332.099982802,637.3540759220001
2,0,92,1506049,false,false,false,159.01666666668535,0.0,69.08273824033586,29,40,0,1,2,0,7018535061504519681,3,3,332.099982802,637.3540759220001
2,0,93,1513968,false,false,false,312.46666666671115,0.0,31.84527119568045,56,72,2,3,2,0,9056670154527337753,7,8,332.099982802,637.3540759220001
2,0,94,1521887,false,true,false,600.0166666664496,30.50573692959089,72.85568200122395,107,125,7,6,7,0,-731162218866702335,14,16,332.099982802,637.3540759220001
2,0,95,1529806,false,false,false,204.58333333338828,0.0,54.45229725459652,37,50,0,0,4,0,-7976867188327872933,4,4,332.099982802,637.3540759220001
2,0,96,1537725,true,false,false,114.06666666666148,24.43336756508686,0.0,21,32,1,2,0,0,6344567169432981914,2,2,332.099982802,637.3540759220001
2,0,97,1545644,false,false,false,91.06666666666278,0.0,96.01199148391109,17,28,1,0,2,0,7416462327121167616,1,1,332.099982802,637.3540759220001
2,0,98,1553563,false,true,false,600.0166666664496,33.278189680056094,46.32666514286797,107,126,5,7,2,0,4798140572943517005,14,17,332.099982802,637.3540759220001
2,0,99,1561482,false,false,false,403.41666666662843,0.0,9.378519118742386,72,89,4,5,5,0,415682368636865534,9,10,332.099982802,637.3540759220001
2,0,100,1569401,false,false,false,154.01666666668137,0.0,35.38302193734114,28,40,0,1,2,0,5128387667968481527,3,3,332.099982802,637.3540759220001
2,0,101,1577320,false,false,false,275.3666666667449,0.0,69.00316647513418,50,64,1,0,4,0,-3521125051796277562,6,7,332.099982802,637.3540759220001
2,0,102,1585239,true,false,false,255.5500000000955,100.0,0.0,46,57,1,4,0,0,7599088291415012420,5,6,332.099982802,637.3540759220001
2,0,103,1593158,false,false,false,549.6166666664955,0.0,15.032091575371162,98,117,1,7,3,0,-4394111760016825793,12,14,332.099982802,637.3540759220001
2,0,104,1601077,false,false,false,104.44999999999536,0.0,15.651049667339453,19,30,0,0,1,0,-7642571842278055443,2,2,332.099982802,637.3540759220001
2,0,105,1608996,true,false,false,306.00000000005036,8.276145006540297,0.0,55,68,5,2,3,0,-5798553992612004789,7,8,332.099982802,637.3540759220001
2,0,106,1616915,false,false,false,436.64999999993154,0.0,37.53640065878115,78,93,7,2,4,0,4292783572378215800,10,12,332.099982802,637.3540759220001
2,0,107,1624834,false,false,false,77.21666666666357,0.0,59.08940246530367,14,25,0,1,0,0,-7152498052288674930,1,1,332.099982802,637.3540759220001
2,0,108,1632753,false,false,false,104.61666666666201,0.0,70.60477355787012,19,30,0,0,2,0,5978188065043858515,2,2,332.099982802,637.3540759220001
2,0,109,1640672,false,true,false,600.0166666664496,52.4604334880518,41.60443076643071,107,128,6,8,7,0,-8581332158706936406,14,16,332.099982802,637.3540759220001
2,0,110,1648591,false,true,false,600.0166666664496,45.4897427186427,90.64,107,124,5,6,8,0,-1268697505080805122,13,15,332.099982802,637.3540759220001
2,0,111,1656510,false,false,false,251.41666666675889,0.0,68.44742318075019,45,56,3,0,3,0,-5064016568691222595,5,6,332.099982802,637.3540759220001
2,0,112,1664429,false,false,false,454.61666666658186,0.0,38.565849448309834,81,101,4,7,4,0,4222627818211602157,10,12,332.099982802,637.3540759220001
2,0,113,1672348,false,false,false,350.61666666667645,0.0,38.29039050146301,63,81,2,4,4,0,5410492330449147032,7,8,332.099982802,637.3540759220001
2,0,114,1680267,true,false,false,162.20000000002122,31.035747493144918,0.0,29,42,2,2,1,0,3401717452219306435,3,3,332.099982802,637.3540759220001
2,0,115,1688186,false,false,false,297.41666666672484,0.0,71.02671087187272,53,68,0,2,4,0,4813927337419306745,5,5,332.099982802,637.3540759220001
2,0,116,1696105,false,false,false,127.6166666666607,0.0,15.236793025461903,23,35,0,0,1,0,1559097797588262008,2,2,332.099982802,637.3540759220001
2,0,117,1704024,false,false,false,73.81666666666376,0.0,63.78419576058457,14,23,1,1,0,0,8565858288378914190,1,1,332.099982802,637.3540759220001
2,0,118,1711943,true,false,false,158.7333333333518,85.34747672791462,0.0,29,41,0,2,0,0,-5772186476961836278,3,3,332.099982802,637.3540759220001
2,0,119,1719862,false,false,false,99.21666666666232,0.0,53.06607293941162,18,29,0,1,1,0,505681312127328992,2,2,332.099982802,637.3540759220001
2,0,120,1727781,false,false,false,160.81666666668679,0.0,80.18334564179092,29,40,1,1,2,0,1911954027973571387,3,3,332.099982802,637.3540759220001
2,0,121,1735700,false,false,false,519.4166666665229,0.0,37.04046843576156,93,116,7,3,9,0,3801124621673302487,12,14,332.099982802,637.3540759220001
2,0,122,1743619,false,false,false,284.8166666667363,0.0,44.05942224283407,51,67,1,4,2,0,2971513023028745283,6,7,332.099982802,637.3540759220001
2,0,123,1751538,true,false,false,356.80000000000416,84.82230515229624,0.0,64,82,4,6,1,0,-2459168891049954848,7,8,332.099982802,637.3540759220001
2,0,124,1759457,false,true,false,600.0166666664496,100.0,71.92,107,120,8,6,6,0,5952756998907582297,14,17,332.099982802,637.3540759220001
2,0,125,1767376,false,false,false,115.21666666666141,0.0,35.075813502985426,21,32,0,0,1,0,-1971058101260025424,2,2,332.099982802,637.3540759220001
2,0,126,1775295,false,false,false,169.66666666669383,0.0,20.49824189903196,31,42,0,1,1,0,887116809676913181,3,3,332.099982802,637.3540759220001
2,0,127,1783214,false,false,false,416.4499999999499,0.0,19.700430010105755,74,93,3,7,2,0,-441713160918967446,9,11,332.099982802,637.3540759220001
2,1,0,777501,false,false,false,155.20000000001565,0.0,79.8267708193608,28,40,0,0,3,0,361865224481884491,3,3,332.099982802,637.3540759220001
2,1,1,785420,true,false,false,245.21666666675395,68.52001117128094,0.0,44,62,1,5,0,0,-4378028604430880087,5,6,332.099982802,637.3540759220001
2,1,2,793339,false,true,false,600.0166666664496,62.185241476812344,63.42880232215205,107,125,3,6,6,0,-55629875704604720,14,16,332.099982802,637.3540759220001
2,1,3,801258,false,false,false,124.19999999999423,0.0,3.1549688123096105,23,35,1,1,0,0,205995836217477854,2,2,332.099982802,637.3540759220001
2,1,4,809177,false,false,false,560.1999999998192,0.0,75.99674590776861,100,121,3,5,8,0,5509967199833991444,12,14,332.099982802,637.3540759220001
2,1,5,817096,true,false,false,407.98333333329094,100.0,0.0,73,87,3,8,0,0,-1178364853225318090,9,11,332.099982802,637.3540759220001
2,1,6,825015,true,false,false,378.7499999999842,26.79273088499094,0.0,68,87,3,3,2,0,-7114221888893244516,8,9,332.099982802,637.3540759220001
2,1,7,832934,false,false,false,589.9999999997921,0.0,51.229125610858276,105,122,2,4,6,0,2433544110797008891,14,16,332.099982802,637.3540759220001
2,1,8,840853,false,false,false,270.60000000008256,0.0,69.1074348040256,49,65,2,1,4,0,6578510388328649292,6,7,332.099982802,637.3540759220001
2,1,9,848772,false,false,false,169.40000000002695,0.0,29.132836150324508,31,44,1,2,1,0,-6364050782966712659,3,3,332.099982802,637.3540759220001
2,1,10,856691,false,false,false,76.8166666666636,0.0,55.07360195546328,14,25,1,0,1,0,-7782630747843041137,1,1,332.099982802,637.3540759220001
2,1,11,864610,false,false,false,156.4000000000166,0.0,60.58671319582903,28,39,0,1,2,0,-2779915007670470022,3,3,332.099982802,637.3540759220001
2,1,12,872529,false,false,false,343.40000000001635,0.0,66.28033435599633,62,77,2,2,3,0,7613173794562383186,8,9,332.099982802,637.3540759220001
2,1,13,880448,false,false,false,276.6000000000771,0.0,71.55976215167495,50,64,4,0,4,0,-1573519129689675030,6,7,332.099982802,637.3540759220001
2,1,14,888367,false,false,false,86.79999999999636,0.0,55.697694912453414,16,27,0,1,1,0,6721755379078392113,1,1,332.099982802,637.3540759220001
2,1,15,896286,true,false,false,209.45000000005882,72.24981801426867,0.0,38,49,1,3,0,0,6852252169649480531,4,5,332.099982802,637.3540759220001
2,1,16,904205,false,true,false,600.0166666664496,14.871959628214489,38.37566836733097,107,133,3,8,3,0,-2475100985931019623,13,15,332.099982802,637.3540759220001
2,1,17,912124,false,false,false,276.20000000007747,0.0,65.58200320853562,50,60,3,1,2,0,-5341452516616448367,6,7,332.099982802,637.3540759220001
2,1,18,920043,false,false,false,62.59999999999773,0.0,35.09743557607225,12,22,0,0,0,0,3612376060392512851,1,1,332.099982802,637.3540759220001
2,1,19,927962,false,false,false,179.4000000000349,0.0,23.348646303676706,33,45,2,1,2,0,-6997485031915813421,3,3,332.099982802,637.3540759220001
2,1,20,935881,false,false,false,560.016666666486,0.0,23.82248339140766,100,123,5,8,4,0,-6401698134327551018,12,14,332.099982802,637.3540759220001
2,1,21,943800,true,false,false,593.0833333331226,62.462693260232356,0.0,106,130,5,8,0,0,3753842248084046369,14,17,332.099982802,637.3540759220001
2,1,22,951719,false,false,false,249.4000000000906,0.0,81.08976532418792,45,56,3,0,2,0,2561474050283541787,6,7,332.099982802,637.3540759220001
2,1,23,959638,false,false,false,273.40000000008,0.0,90.63422736551793,49,60,1,0,4,0,-747302122549233970,6,7,332.099982802,637.3540759220001
2,1,24,967557,false,false,false,123.99999999999424,0.0,62.26636554961461,23,33,0,1,1,0,-8643188207236475579,2,2,332.099982802,637.3540759220001
2,1,25,975476,true,false,false,238.35000000008182,68.09710128956189,0.0,43,56,2,4,0,0,-6050302765177149306,5,6,332.099982802,637.3540759220001
2,1,26,983395,false,false,false,144.18333333334022,0.0,33.67204711539254,26,38,0,0,1,0,-3837852701764462801,2,2,332.099982802,637.3540759220001
2,1,27,991314,true,false,false,181.61666666670334,16.095272685217843,0.0,33,46,0,1,2,0,5158946734509865932,3,3,332.099982802,637.3540759220001
2,1,28,999233,false,false,false,73.19999999999713,0.0,28.46387580720232,14,25,0,1,0,0,6726877226268814005,1,1,332.099982802,637.3540759220001
2,1,29,1007152,false,false,false,514.7999999998605,0.0,57.42541248409604,92,113,2,7,6,0,3681400905836903170,11,13,332.099982802,637.3540759220001
2,1,30,1015071,false,false,false,114.99999999999476,0.0,11.522785715362756,21,32,4,2,0,0,3413197088538376692,2,2,332.099982802,637.3540759220001
2,1,31,1022990,false,true,false,600.0166666664496,48.61245254041785,44.665948873522005,107,133,3,7,1,0,-5834073699583953003,14,17,332.099982802,637.3540759220001
2,1,32,1030909,false,false,false,283.9833333334037,0.0,99.31788918887342,51,63,3,2,3,0,-5417562163630582738,6,7,332.099982802,637.3540759220001
2,1,33,1038828,false,false,false,221.40000000006833,0.0,80.78269949246213,40,52,2,0,2,0,8279780969002105927,5,6,332.099982802,637.3540759220001
2,1,34,1046747,false,false,false,251.80000000009252,0.0,79.06172371004544,45,59,1,3,4,0,4260787536753374372,5,6,332.099982802,637.3540759220001
2,1,35,1054666,false,false,false,266.00000000008674,0.0,57.63806010663028,48,64,6,4,2,0,-5783701866929197731,6,7,332.099982802,637.3540759220001
2,1,36,1062585,true,false,false,396.29999999996824,100.0,0.0,71,88,3,6,0,0,-105059938013969716,9,11,332.099982802,637.3540759220001
2,1,37,1070504,false,false,false,353.60000000000707,0.0,74.52132546629035,63,75,2,2,4,0,5249076058814692375,8,9,332.099982802,637.3540759220001
2,1,38,1078423,true,false,false,335.6166666666901,13.615588016505917,0.0,60,77,3,2,3,0,7566203121996389061,7,8,332.099982802,637.3540759220001
2,1,39,1086342,false,false,false,105.59999999999529,0.0,67.03800119908257,19,30,0,0,1,0,1344832781109796594,2,2,332.099982802,637.3540759220001
2,1,40,1094261,false,true,false,600.0166666664496,80.23009948905984,36.19721038806122,107,127,5,10,3,0,8502542682706994538,14,17,332.099982802,637.3540759220001
2,1,41,1102180,false,false,false,310.1500000000466,0.0,38.41280954903712,56,70,1,2,1,0,-6374891910460311900,7,8,332.099982802,637.3540759220001
2,1,42,1110099,false,false,false,273.40000000008,0.0,72.25016867804766,49,61,1,0,1,0,-1644690351420323433,6,7,332.099982802,637.3540759220001
2,1,43,1118018,false,false,false,62.81666666666438,0.0,62.58631772279928,12,22,1,0,0,0,-2791791646385856864,1,1,332.099982802,637.3540759220001
2,1,44,1125937,false,false,false,117.99999999999459,0.0,62.899676129764124,22,33,0,1,1,0,4136635271110686943,2,2,332.099982802,637.3540759220001
2,1,45,1133856,false,false,false,137.00000000000117,0.0,33.83678667670865,25,37,0,1,2,0,2442952053847199855,2,2,332.099982802,637.3540759220001
2,1,46,1141775,true,false,false,558.6833333331539,64.92969415132497,0.0,100,126,6,10,3,0,3353901381199081445,13,15,332.099982802,637.3540759220001
2,1,47,1149694,true,false,false,124.81666666666086,50.02859363583433,0.0,23,33,1,1,1,0,206050881784489785,2,2,332.099982802,637.3540759220001
2,1,48,1157613,false,false,false,141.60000000000483,0.0,14.070768245623615,26,38,0,2,1,0,4209914752033297846,2,2,332.099982802,637.3540759220001
2,1,49,1165532,false,false,false,351.9833333333419,0.0,73.50454470508996,63,80,4,3,6,0,-945910683733822814,7,8,332.099982802,637.3540759220001
2,1,50,1173451,true,false,false,325.9500000000322,57.10988344193513,0.0,58,75,2,6,1,0,-9018090013028961474,7,8,332.099982802,637.3540759220001
2,1,51,1181370,false,false,false,522.999999999853,0.0,36.98717056443203,93,118,3,8,3,0,5706308886435920069,12,14,332.099982802,637.3540759220001
2,1,52,1189289,true,false,false,105.31666666666197,75.33379168644267,0.0,19,27,0,1,0,0,1972292732709086691,2,2,332.099982802,637.3540759220001
2,1,53,1197208,true,false,false,123.88333333332758,42.604521185118905,0.0,23,34,0,1,1,0,-5005410943943734612,2,2,332.099982802,637.3540759220001
2,1,54,1205127,false,false,false,505.8499999998686,0.0,44.7720666587128,90,112,3,7,5,0,-1256818949343528935,11,13,332.099982802,637.3540759220001
2,1,55,1213046,false,false,false,397.39999999996724,0.0,3.0604120574338216,71,90,2,7,2,0,7155657340493023546,8,9,332.099982802,637.3540759220001
2,1,56,1220965,false,false,false,507.266666666534,0.0,60.2160292716089,91,111,2,6,5,0,9088656085115417920,11,12,332.099982802,637.3540759220001
2,1,57,1228884,false,false,false,59.5999999999979,0.0,99.03527134730295,11,21,1,0,1,0,8055762718113164898,1,1,332.099982802,637.3540759220001
2,1,58,1236803,false,false,false,417.9999999999485,0.0,90.54252416695152,75,88,2,1,3,0,8584598191872151705,10,12,332.099982802,637.3540759220001
2,1,59,1244722,false,false,false,294.2000000000611,0.0,54.08681400898172,53,68,2,2,3,0,-5953213461871009788,6,7,332.099982802,637.3540759220001
2,1,60,1252641,true,false,false,519.9499999998558,34.18810071157204,0.0,93,116,6,9,2,0,8653534631764795333,11,13,332.099982802,637.3540759220001
2,1,61,1260560,false,false,false,47.39999999999859,0.0,85.57759732469853,9,19,1,0,1,0,-6948975381820939442,0,0,332.099982802,637.3540759220001
2,1,62,1268479,false,false,false,122.61666666666099,0.0,37.25632128651937,22,34,0,1,1,0,6650411278881488027,2,2,332.099982802,637.3540759220001
2,1,63,1276398,false,false,false,226.6666666667392,0.0,76.57368463721974,41,53,4,0,2,0,1341845769195809814,5,6,332.099982802,637.3540759220001
2,1,64,1284317,false,false,false,81.23333333333001,0.0,17.740731386188184,15,26,0,0,0,0,1307369113370501715,1,1,332.099982802,637.3540759220001
2,1,65,1292236,true,false,false,288.95000000006587,73.99851506621593,0.0,52,69,1,5,1,0,5407018612415261426,6,7,332.099982802,637.3540759220001
2,1,66,1300155,true,false,false,238.21666666674838,100.0,0.0,43,54,2,3,0,0,-8237430326732512274,5,6,332.099982802,637.3540759220001
2,1,67,1308074,true,false,false,140.91666666667095,25.938739153317513,0.0,26,38,2,3,0,0,1733109033029479566,2,2,332.099982802,637.3540759220001
2,1,68,1315993,true,false,false,89.5499999999962,22.94683858788371,0.0,17,27,0,1,0,0,-781293968022149448,1,1,332.099982802,637.3540759220001
2,1,69,1323912,false,false,false,410.1999999999556,0.0,89.15778855762846,73,85,5,5,3,0,3493704060318350168,9,11,332.099982802,637.3540759220001
2,1,70,1331831,true,false,false,85.34999999999644,46.42624796784178,0.0,16,25,0,1,0,0,6575289050264671497,1,1,332.099982802,637.3540759220001
2,1,71,1339750,false,false,false,377.79999999998506,0.0,30.0768860363359,68,86,2,6,1,0,-5010742026433551403,8,9,332.099982802,637.3540759220001
2,1,72,1347669,false,false,false,114.9333333333281,0.0,66.95673988222899,21,32,1,0,2,0,1756841311196530547,2,2,332.099982802,637.3540759220001
2,1,73,1355588,false,false,false,276.4000000000773,0.0,52.06994683899286,50,66,3,0,2,0,-2783173276316123560,6,7,332.099982802,637.3540759220001
2,1,74,1363507,false,false,false,338.80000000002053,0.0,66.5396253182156,61,79,2,4,4,0,-5745214433481653917,7,8,332.099982802,637.3540759220001
2,1,75,1371426,false,false,false,291.2000000000638,0.0,71.53218625974503,52,68,2,3,2,0,8899891477302210797,6,7,332.099982802,637.3540759220001
2,1,76,1379345,false,false,false,98.3999999999957,0.0,34.651156718105234,18,29,0,1,0,0,6281436538282873538,2,2,332.099982802,637.3540759220001
2,1,77,1387264,false,false,false,148.00000000000992,0.0,77.02293036839863,27,39,0,0,3,0,-4801966426436961873,3,3,332.099982802,637.3540759220001
2,1,78,1395183,false,false,false,265.20000000008747,0.0,25.4623042357786,48,63,2,1,1,0,2189209510925615259,6,7,332.099982802,637.3540759220001
2,1,79,1403102,false,false,false,120.19999999999446,0.0,40.89841891884486,22,32,1,2,0,0,-8622888400107519864,2,2,332.099982802,637.3540759220001
2,1,80,1411021,false,false,false,495.5999999998779,0.0,0.11681507607196834,88,111,6,8,2,0,7238206829384129314,11,13,332.099982802,637.3540759220001
2,1,81,1418940,true,false,false,118.8166666666612,25.367211793746563,0.0,22,34,1,1,0,0,5055323907832348766,2,2,332.099982802,637.3540759220001
2,1,82,1426859,false,false,false,350.40000000001,0.0,64.95917122468775,63,79,3,2,4,0,4590071078639205722,8,9,332.099982802,637.3540759220001
2,1,83,1434778,false,false,false,101.18333333332887,0.0,40.08007275405006,19,30,1,0,1,0,6684951205318673177,2,2,332.099982802,637.3540759220001
2,1,84,1442697,false,false,false,162.20000000002122,0.0,28.982437402223667,29,40,1,2,1,0,2422969607283482711,3,3,332.099982802,637.3540759220001
2,1,85,1450616,false,false,false,176.80000000003284,0.0,12.794852047683342,32,45,0,1,2,0,-6943204832313563614,3,3,332.099982802,637.3540759220001
2,1,86,1458535,false,false,false,113.39999999999485,0.0,61.1404208382252,21,32,0,0,2,0,-309957211105285818,2,2,332.099982802,637.3540759220001
2,1,87,1466454,false,false,false,119.4499999999945,0.0,68.89515005565205,22,33,1,0,2,0,5208267095942408264,2,2,332.099982802,637.3540759220001
2,1,88,1474373,false,false,false,281.2000000000729,0.0,52.67800126893352,51,64,2,1,3,0,8931571230318749131,6,7,332.099982802,637.3540759220001
2,1,89,1482292,false,false,false,292.40000000006273,0.0,69.30439963997912,53,65,4,3,3,0,227341204569719627,6,7,332.099982802,637.3540759220001
2,1,90,1490211,false,false,false,152.40000000001342,0.0,33.560759596014265,28,40,0,1,2,0,3682729042021649136,3,3,332.099982802,637.3540759220001
2,1,91,1498130,false,true,false,600.0166666664496,100.0,6.29009722624429,107,131,5,9,3,0,3564759213830505686,14,16,332.099982802,637.3540759220001
2,1,92,1506049,false,false,false,263.8500000000887,0.0,84.69519720448761,47,61,2,1,2,0,-600948451804987165,6,7,332.099982802,637.3540759220001
2,1,93,1513968,false,false,false,120.79999999999443,0.0,10.98241355259852,22,33,1,0,1,0,5004725520145517424,2,2,332.099982802,637.3540759220001
2,1,94,1521887,false,false,false,271.2666666667486,0.0,65.70527271835044,49,64,1,3,2,0,6995264012605688587,6,7,332.099982802,637.3540759220001
2,1,95,1529806,false,false,false,467.19999999990375,0.0,48.82785237141563,83,103,3,6,4,0,5055201315658104420,10,11,332.099982802,637.3540759220001
2,1,96,1537725,true,false,false,131.33333333333,19.79785671108261,0.0,24,36,0,1,0,0,2107934313364639258,2,2,332.099982802,637.3540759220001
2,1,97,1545644,false,false,false,281.40000000007274,0.0,48.148250929105444,51,62,3,2,1,0,1955939444332382352,6,7,332.099982802,637.3540759220001
2,1,98,1553563,false,false,false,129.9999999999956,0.0,18.637765727983115,24,36,0,0,1,0,-8554745612123208085,2,2,332.099982802,637.3540759220001
2,1,99,1561482,false,false,false,247.0000000000887,0.0,71.3444961270371,44,55,3,2,3,0,4017063363408877516,5,6,332.099982802,637.3540759220001
2,1,100,1569401,true,false,false,109.21666666666175,63.45489185485769,0.0,20,30,0,2,0,0,-5915970455849771886,2,2,332.099982802,637.3540759220001
2,1,101,1577320,false,false,false,157.20000000001724,0.0,46.42888711082376,29,40,0,1,2,0,-4732018113647815158,3,3,332.099982802,637.3540759220001
2,1,102,1585239,false,true,false,600.0166666664496,27.192919482638136,65.15950003419785,107,123,2,5,7,0,-544415122677285021,14,16,332.099982802,637.3540759220001
2,1,103,1593158,false,false,false,417.39999999994905,0.0,89.7629994119903,75,91,4,1,6,0,-2714875501050088971,10,12,332.099982802,637.3540759220001
2,1,104,1601077,false,false,false,131.61666666666355,0.0,34.33905970960112,24,36,0,1,1,0,6409257824632966480,2,2,332.099982802,637.3540759220001
2,1,105,1608996,true,false,false,498.4333333332087,100.0,0.0,89,107,5,7,3,0,5827433458812594791,11,13,332.099982802,637.3540759220001
2,1,106,1616915,true,false,false,312.81666666671083,9.53455232713605,0.0,56,69,2,5,0,0,2331925393477710800,7,8,332.099982802,637.3540759220001
2,1,107,1624834,false,false,false,207.66666666672407,0.0,20.352681267069645,38,50,0,2,2,0,4082575054187018282,4,4,332.099982802,637.3540759220001
2,1,108,1632753,false,false,false,291.60000000006346,0.0,87.13,52,67,2,1,5,0,6478065377170739355,6,7,332.099982802,637.3540759220001
2,1,109,1640672,true,false,false,332.2166666666932,51.18879996198936,0.0,60,75,4,6,1,0,-4648326494209065336,7,8,332.099982802,637.3540759220001
2,1,110,1648591,true,false,false,403.61666666662825,52.36041024548365,0.0,72,88,7,6,1,0,2725720217936001081,9,11,332.099982802,637.3540759220001
2,1,111,1656510,true,false,false,386.7499999999769,82.57426750435306,0.0,69,88,3,7,2,0,-4325841746028093510,8,9,332.099982802,637.3540759220001
2,1,112,1664429,false,false,false,598.516666666451,0.0,65.26042246787435,107,126,3,4,6,0,1488346053369374629,14,16,332.099982802,637.3540759220001
2,1,113,1672348,false,false,false,272.15000000008115,0.0,81.20101984119215,49,64,3,2,3,0,-4970819316090823715,6,7,332.099982802,637.3540759220001
2,1,114,1680267,false,false,false,153.40000000001422,0.0,40.42776850104524,28,40,1,1,2,0,-6324201456558752806,3,3,332.099982802,637.3540759220001
2,1,115,1688186,false,false,false,253.18333333342696,0.0,37.35138501925676,46,61,2,2,1,0,-450915361671890438,5,6,332.099982802,637.3540759220001
2,1,116,1696105,true,false,false,430.76666666660356,100.0,0.0,77,95,4,8,0,0,-2315901630822962409,10,12,332.099982802,637.3540759220001
2,1,117,1704024,false,true,false,600.0166666664496,56.529511323795056,90.64,107,123,3,6,7,0,-9178849272924911928,14,16,332.099982802,637.3540759220001
2,1,118,1711943,false,false,false,157.60000000001756,0.0,11.737886045401677,29,41,1,2,1,0,-3139534574688442704,3,3,332.099982802,637.3540759220001
2,1,119,1719862,false,false,false,392.8833333333047,0.0,73.38614021277074,70,83,3,4,3,0,5141455251596751155,9,11,332.099982802,637.3540759220001
2,1,120,1727781,false,false,false,287.20000000006746,0.0,67.2164954777608,52,67,2,3,3,0,7253939425537820441,6,7,332.099982802,637.3540759220001
2,1,121,1735700,false,false,false,104.19999999999537,0.0,74.46319992922865,19,30,1,0,2,0,1625268042967935255,2,2,332.099982802,637.3540759220001
2,1,122,1743619,false,false,false,154.26666666668157,0.0,39.31883009462886,28,40,0,0,2,0,-408627612542120533,3,3,332.099982802,637.3540759220001
2,1,123,1751538,true,false,false,156.68333333335016,12.984049542793677,0.0,28,40,0,2,1,0,8773985566366341550,3,3,332.099982802,637.3540759220001
2,1,124,1759457,false,false,false,209.00000000005846,0.0,81.45295888489875,38,51,1,1,3,0,-3243585325961597385,4,5,332.099982802,637.3540759220001
2,1,125,1767376,false,false,false,232.60000000007724,0.0,9.516992765858095,42,56,1,2,2,0,-5713905242616055695,4,4,332.099982802,637.3540759220001
2,1,126,1775295,true,false,false,347.6166666666792,47.70495518134121,0.0,62,81,2,5,1,0,1817323612742946506,7,8,332.099982802,637.3540759220001
2,1,127,1783214,true,false,false,112.21666666666158,8.290772638330251,0.0,21,31,0,1,0,0,-7961189080645706436,2,2,332.099982802,637.3540759220001
